<?xml version="1.0"?>
<annotation>
    <filename>000000237.jpg</filename>
    <source>
        <annotation>ArcGIS Pro 2.1</annotation>
    </source>
    <size>
        <width>224</width>
        <height>224</height>
        <depth>3</depth>
    </size>
    <object>
        <name>2</name>
        <bndbox>
            <xmin>67.81</xmin>
            <ymin>198.40</ymin>
            <xmax>112.25</xmax>
            <ymax>224.00</ymax>
        </bndbox>
    </object>
</annotation>
