<?xml version="1.0"?>
<annotation>
    <filename>000000026.jpg</filename>
    <source>
        <annotation>ArcGIS Pro 2.1</annotation>
    </source>
    <size>
        <width>224</width>
        <height>224</height>
        <depth>3</depth>
    </size>
    <object>
        <name>2</name>
        <bndbox>
            <xmin>0.00</xmin>
            <ymin>106.50</ymin>
            <xmax>19.41</xmax>
            <ymax>150.59</ymax>
        </bndbox>
    </object>
    <object>
        <name>1</name>
        <bndbox>
            <xmin>190.85</xmin>
            <ymin>0.00</ymin>
            <xmax>201.96</xmax>
            <ymax>9.13</ymax>
        </bndbox>
    </object>
    <object>
        <name>1</name>
        <bndbox>
            <xmin>111.42</xmin>
            <ymin>9.79</ymin>
            <xmax>122.53</xmax>
            <ymax>20.90</ymax>
        </bndbox>
    </object>
</annotation>
