<?xml version="1.0"?>
<annotation>
    <filename>000001964.jpg</filename>
    <source>
        <annotation>ArcGIS Pro 2.1</annotation>
    </source>
    <size>
        <width>224</width>
        <height>224</height>
        <depth>3</depth>
    </size>
    <object>
        <name>2</name>
        <bndbox>
            <xmin>188.57</xmin>
            <ymin>79.95</ymin>
            <xmax>224.00</xmax>
            <ymax>124.39</ymax>
        </bndbox>
    </object>
    <object>
        <name>1</name>
        <bndbox>
            <xmin>10.02</xmin>
            <ymin>15.90</ymin>
            <xmax>21.13</xmax>
            <ymax>27.01</ymax>
        </bndbox>
    </object>
    <object>
        <name>1</name>
        <bndbox>
            <xmin>40.72</xmin>
            <ymin>16.50</ymin>
            <xmax>51.83</xmax>
            <ymax>27.62</ymax>
        </bndbox>
    </object>
</annotation>
