<?xml version="1.0"?>
<annotation>
    <filename>000002014.jpg</filename>
    <source>
        <annotation>ArcGIS Pro 2.1</annotation>
    </source>
    <size>
        <width>224</width>
        <height>224</height>
        <depth>3</depth>
    </size>
    <object>
        <name>1</name>
        <bndbox>
            <xmin>0.00</xmin>
            <ymin>205.68</ymin>
            <xmax>6.15</xmax>
            <ymax>216.79</ymax>
        </bndbox>
    </object>
    <object>
        <name>1</name>
        <bndbox>
            <xmin>157.70</xmin>
            <ymin>77.01</ymin>
            <xmax>168.81</xmax>
            <ymax>88.12</ymax>
        </bndbox>
    </object>
    <object>
        <name>1</name>
        <bndbox>
            <xmin>216.46</xmin>
            <ymin>101.76</ymin>
            <xmax>224.00</xmax>
            <ymax>112.87</ymax>
        </bndbox>
    </object>
    <object>
        <name>1</name>
        <bndbox>
            <xmin>205.27</xmin>
            <ymin>120.71</ymin>
            <xmax>216.38</xmax>
            <ymax>131.82</ymax>
        </bndbox>
    </object>
</annotation>
