<?xml version="1.0"?>
<annotation>
    <filename>000002739.jpg</filename>
    <source>
        <annotation>ArcGIS Pro 2.1</annotation>
    </source>
    <size>
        <width>224</width>
        <height>224</height>
        <depth>3</depth>
    </size>
    <object>
        <name>1</name>
        <bndbox>
            <xmin>0.00</xmin>
            <ymin>52.63</ymin>
            <xmax>8.80</xmax>
            <ymax>63.74</ymax>
        </bndbox>
    </object>
    <object>
        <name>1</name>
        <bndbox>
            <xmin>77.67</xmin>
            <ymin>122.12</ymin>
            <xmax>88.78</xmax>
            <ymax>133.23</ymax>
        </bndbox>
    </object>
    <object>
        <name>1</name>
        <bndbox>
            <xmin>14.90</xmin>
            <ymin>1.37</ymin>
            <xmax>26.01</xmax>
            <ymax>12.48</ymax>
        </bndbox>
    </object>
</annotation>
