<?xml version="1.0"?>
<annotation>
    <filename>000001863.jpg</filename>
    <source>
        <annotation>ArcGIS Pro 2.1</annotation>
    </source>
    <size>
        <width>224</width>
        <height>224</height>
        <depth>3</depth>
    </size>
    <object>
        <name>2</name>
        <bndbox>
            <xmin>40.88</xmin>
            <ymin>0.00</ymin>
            <xmax>51.42</xmax>
            <ymax>0.63</ymax>
        </bndbox>
    </object>
    <object>
        <name>2</name>
        <bndbox>
            <xmin>40.91</xmin>
            <ymin>163.75</ymin>
            <xmax>85.35</xmax>
            <ymax>208.20</ymax>
        </bndbox>
    </object>
</annotation>
