<?xml version="1.0"?>
<annotation>
    <filename>000003573.jpg</filename>
    <source>
        <annotation>ArcGIS Pro 2.1</annotation>
    </source>
    <size>
        <width>224</width>
        <height>224</height>
        <depth>3</depth>
    </size>
    <object>
        <name>1</name>
        <bndbox>
            <xmin>191.87</xmin>
            <ymin>223.33</ymin>
            <xmax>197.16</xmax>
            <ymax>224.00</ymax>
        </bndbox>
    </object>
    <object>
        <name>1</name>
        <bndbox>
            <xmin>0.00</xmin>
            <ymin>22.19</ymin>
            <xmax>8.07</xmax>
            <ymax>33.30</ymax>
        </bndbox>
    </object>
    <object>
        <name>1</name>
        <bndbox>
            <xmin>2.29</xmin>
            <ymin>11.82</ymin>
            <xmax>13.40</xmax>
            <ymax>22.94</ymax>
        </bndbox>
    </object>
    <object>
        <name>1</name>
        <bndbox>
            <xmin>8.75</xmin>
            <ymin>4.60</ymin>
            <xmax>19.86</xmax>
            <ymax>15.71</ymax>
        </bndbox>
    </object>
    <object>
        <name>1</name>
        <bndbox>
            <xmin>50.45</xmin>
            <ymin>19.41</ymin>
            <xmax>61.56</xmax>
            <ymax>30.52</ymax>
        </bndbox>
    </object>
    <object>
        <name>1</name>
        <bndbox>
            <xmin>51.53</xmin>
            <ymin>50.80</ymin>
            <xmax>62.64</xmax>
            <ymax>61.91</ymax>
        </bndbox>
    </object>
    <object>
        <name>1</name>
        <bndbox>
            <xmin>44.34</xmin>
            <ymin>61.10</ymin>
            <xmax>55.45</xmax>
            <ymax>72.21</ymax>
        </bndbox>
    </object>
    <object>
        <name>1</name>
        <bndbox>
            <xmin>37.08</xmin>
            <ymin>73.27</ymin>
            <xmax>48.19</xmax>
            <ymax>84.38</ymax>
        </bndbox>
    </object>
    <object>
        <name>1</name>
        <bndbox>
            <xmin>31.17</xmin>
            <ymin>82.68</ymin>
            <xmax>42.28</xmax>
            <ymax>93.80</ymax>
        </bndbox>
    </object>
    <object>
        <name>1</name>
        <bndbox>
            <xmin>22.74</xmin>
            <ymin>92.94</ymin>
            <xmax>33.85</xmax>
            <ymax>104.06</ymax>
        </bndbox>
    </object>
    <object>
        <name>1</name>
        <bndbox>
            <xmin>15.28</xmin>
            <ymin>102.00</ymin>
            <xmax>26.39</xmax>
            <ymax>113.11</ymax>
        </bndbox>
    </object>
    <object>
        <name>1</name>
        <bndbox>
            <xmin>6.89</xmin>
            <ymin>111.02</ymin>
            <xmax>18.00</xmax>
            <ymax>122.13</ymax>
        </bndbox>
    </object>
    <object>
        <name>1</name>
        <bndbox>
            <xmin>0.00</xmin>
            <ymin>121.61</ymin>
            <xmax>10.18</xmax>
            <ymax>132.72</ymax>
        </bndbox>
    </object>
    <object>
        <name>1</name>
        <bndbox>
            <xmin>0.00</xmin>
            <ymin>134.08</ymin>
            <xmax>2.03</xmax>
            <ymax>142.67</ymax>
        </bndbox>
    </object>
    <object>
        <name>1</name>
        <bndbox>
            <xmin>31.04</xmin>
            <ymin>130.80</ymin>
            <xmax>42.15</xmax>
            <ymax>141.91</ymax>
        </bndbox>
    </object>
    <object>
        <name>1</name>
        <bndbox>
            <xmin>37.87</xmin>
            <ymin>121.72</ymin>
            <xmax>48.99</xmax>
            <ymax>132.84</ymax>
        </bndbox>
    </object>
    <object>
        <name>1</name>
        <bndbox>
            <xmin>76.92</xmin>
            <ymin>70.31</ymin>
            <xmax>88.04</xmax>
            <ymax>81.42</ymax>
        </bndbox>
    </object>
    <object>
        <name>1</name>
        <bndbox>
            <xmin>35.33</xmin>
            <ymin>170.71</ymin>
            <xmax>46.44</xmax>
            <ymax>181.82</ymax>
        </bndbox>
    </object>
    <object>
        <name>1</name>
        <bndbox>
            <xmin>139.37</xmin>
            <ymin>138.78</ymin>
            <xmax>150.48</xmax>
            <ymax>149.89</ymax>
        </bndbox>
    </object>
    <object>
        <name>1</name>
        <bndbox>
            <xmin>87.34</xmin>
            <ymin>0.00</ymin>
            <xmax>98.45</xmax>
            <ymax>6.80</ymax>
        </bndbox>
    </object>
    <object>
        <name>1</name>
        <bndbox>
            <xmin>97.20</xmin>
            <ymin>3.39</ymin>
            <xmax>108.32</xmax>
            <ymax>14.50</ymax>
        </bndbox>
    </object>
    <object>
        <name>1</name>
        <bndbox>
            <xmin>107.34</xmin>
            <ymin>9.11</ymin>
            <xmax>118.45</xmax>
            <ymax>20.22</ymax>
        </bndbox>
    </object>
    <object>
        <name>1</name>
        <bndbox>
            <xmin>117.41</xmin>
            <ymin>16.42</ymin>
            <xmax>128.52</xmax>
            <ymax>27.53</ymax>
        </bndbox>
    </object>
    <object>
        <name>1</name>
        <bndbox>
            <xmin>127.61</xmin>
            <ymin>26.11</ymin>
            <xmax>138.72</xmax>
            <ymax>37.22</ymax>
        </bndbox>
    </object>
    <object>
        <name>1</name>
        <bndbox>
            <xmin>135.81</xmin>
            <ymin>35.93</ymin>
            <xmax>146.92</xmax>
            <ymax>47.04</ymax>
        </bndbox>
    </object>
    <object>
        <name>1</name>
        <bndbox>
            <xmin>156.06</xmin>
            <ymin>47.77</ymin>
            <xmax>167.17</xmax>
            <ymax>58.88</ymax>
        </bndbox>
    </object>
    <object>
        <name>1</name>
        <bndbox>
            <xmin>164.89</xmin>
            <ymin>56.62</ymin>
            <xmax>176.00</xmax>
            <ymax>67.73</ymax>
        </bndbox>
    </object>
    <object>
        <name>1</name>
        <bndbox>
            <xmin>174.54</xmin>
            <ymin>64.51</ymin>
            <xmax>185.66</xmax>
            <ymax>75.62</ymax>
        </bndbox>
    </object>
    <object>
        <name>1</name>
        <bndbox>
            <xmin>192.91</xmin>
            <ymin>4.83</ymin>
            <xmax>204.02</xmax>
            <ymax>15.94</ymax>
        </bndbox>
    </object>
    <object>
        <name>1</name>
        <bndbox>
            <xmin>217.79</xmin>
            <ymin>24.81</ymin>
            <xmax>224.00</xmax>
            <ymax>35.92</ymax>
        </bndbox>
    </object>
    <object>
        <name>1</name>
        <bndbox>
            <xmin>53.52</xmin>
            <ymin>101.15</ymin>
            <xmax>64.64</xmax>
            <ymax>112.26</ymax>
        </bndbox>
    </object>
    <object>
        <name>1</name>
        <bndbox>
            <xmin>67.00</xmin>
            <ymin>78.20</ymin>
            <xmax>78.11</xmax>
            <ymax>89.31</ymax>
        </bndbox>
    </object>
    <object>
        <name>1</name>
        <bndbox>
            <xmin>45.31</xmin>
            <ymin>110.85</ymin>
            <xmax>56.42</xmax>
            <ymax>121.96</ymax>
        </bndbox>
    </object>
    <object>
        <name>1</name>
        <bndbox>
            <xmin>46.85</xmin>
            <ymin>176.76</ymin>
            <xmax>57.96</xmax>
            <ymax>187.87</ymax>
        </bndbox>
    </object>
    <object>
        <name>1</name>
        <bndbox>
            <xmin>55.98</xmin>
            <ymin>184.76</ymin>
            <xmax>67.09</xmax>
            <ymax>195.87</ymax>
        </bndbox>
    </object>
    <object>
        <name>1</name>
        <bndbox>
            <xmin>66.73</xmin>
            <ymin>190.32</ymin>
            <xmax>77.84</xmax>
            <ymax>201.43</ymax>
        </bndbox>
    </object>
    <object>
        <name>1</name>
        <bndbox>
            <xmin>102.64</xmin>
            <ymin>140.69</ymin>
            <xmax>113.75</xmax>
            <ymax>151.80</ymax>
        </bndbox>
    </object>
    <object>
        <name>1</name>
        <bndbox>
            <xmin>108.59</xmin>
            <ymin>129.76</ymin>
            <xmax>119.70</xmax>
            <ymax>140.87</ymax>
        </bndbox>
    </object>
    <object>
        <name>1</name>
        <bndbox>
            <xmin>118.75</xmin>
            <ymin>119.17</ymin>
            <xmax>129.86</xmax>
            <ymax>130.28</ymax>
        </bndbox>
    </object>
    <object>
        <name>1</name>
        <bndbox>
            <xmin>127.34</xmin>
            <ymin>109.68</ymin>
            <xmax>138.45</xmax>
            <ymax>120.79</ymax>
        </bndbox>
    </object>
    <object>
        <name>1</name>
        <bndbox>
            <xmin>132.50</xmin>
            <ymin>148.84</ymin>
            <xmax>143.61</xmax>
            <ymax>159.95</ymax>
        </bndbox>
    </object>
    <object>
        <name>1</name>
        <bndbox>
            <xmin>135.00</xmin>
            <ymin>92.61</ymin>
            <xmax>146.11</xmax>
            <ymax>103.72</ymax>
        </bndbox>
    </object>
    <object>
        <name>1</name>
        <bndbox>
            <xmin>154.96</xmin>
            <ymin>108.66</ymin>
            <xmax>166.07</xmax>
            <ymax>119.78</ymax>
        </bndbox>
    </object>
    <object>
        <name>1</name>
        <bndbox>
            <xmin>147.65</xmin>
            <ymin>127.95</ymin>
            <xmax>158.76</xmax>
            <ymax>139.06</ymax>
        </bndbox>
    </object>
    <object>
        <name>1</name>
        <bndbox>
            <xmin>192.24</xmin>
            <ymin>79.25</ymin>
            <xmax>203.35</xmax>
            <ymax>90.36</ymax>
        </bndbox>
    </object>
    <object>
        <name>1</name>
        <bndbox>
            <xmin>200.18</xmin>
            <ymin>87.51</ymin>
            <xmax>211.30</xmax>
            <ymax>98.62</ymax>
        </bndbox>
    </object>
    <object>
        <name>1</name>
        <bndbox>
            <xmin>210.03</xmin>
            <ymin>95.10</ymin>
            <xmax>221.14</xmax>
            <ymax>106.21</ymax>
        </bndbox>
    </object>
    <object>
        <name>1</name>
        <bndbox>
            <xmin>221.47</xmin>
            <ymin>103.69</ymin>
            <xmax>224.00</xmax>
            <ymax>113.00</ymax>
        </bndbox>
    </object>
    <object>
        <name>1</name>
        <bndbox>
            <xmin>212.53</xmin>
            <ymin>155.53</ymin>
            <xmax>223.65</xmax>
            <ymax>166.64</ymax>
        </bndbox>
    </object>
    <object>
        <name>1</name>
        <bndbox>
            <xmin>159.52</xmin>
            <ymin>217.21</ymin>
            <xmax>170.62</xmax>
            <ymax>224.00</ymax>
        </bndbox>
    </object>
    <object>
        <name>1</name>
        <bndbox>
            <xmin>166.04</xmin>
            <ymin>205.42</ymin>
            <xmax>177.15</xmax>
            <ymax>216.53</ymax>
        </bndbox>
    </object>
    <object>
        <name>1</name>
        <bndbox>
            <xmin>205.99</xmin>
            <ymin>206.16</ymin>
            <xmax>217.11</xmax>
            <ymax>217.27</ymax>
        </bndbox>
    </object>
    <object>
        <name>1</name>
        <bndbox>
            <xmin>198.65</xmin>
            <ymin>216.39</ymin>
            <xmax>209.76</xmax>
            <ymax>224.00</ymax>
        </bndbox>
    </object>
    <object>
        <name>1</name>
        <bndbox>
            <xmin>211.57</xmin>
            <ymin>196.52</ymin>
            <xmax>222.69</xmax>
            <ymax>207.63</ymax>
        </bndbox>
    </object>
    <object>
        <name>1</name>
        <bndbox>
            <xmin>196.62</xmin>
            <ymin>168.04</ymin>
            <xmax>207.73</xmax>
            <ymax>179.15</ymax>
        </bndbox>
    </object>
    <object>
        <name>1</name>
        <bndbox>
            <xmin>200.73</xmin>
            <ymin>156.82</ymin>
            <xmax>211.84</xmax>
            <ymax>167.93</ymax>
        </bndbox>
    </object>
    <object>
        <name>1</name>
        <bndbox>
            <xmin>183.12</xmin>
            <ymin>185.70</ymin>
            <xmax>194.23</xmax>
            <ymax>196.81</ymax>
        </bndbox>
    </object>
</annotation>
