<?xml version="1.0"?>
<annotation>
    <filename>000003734.jpg</filename>
    <source>
        <annotation>ArcGIS Pro 2.1</annotation>
    </source>
    <size>
        <width>224</width>
        <height>224</height>
        <depth>3</depth>
    </size>
    <object>
        <name>1</name>
        <bndbox>
            <xmin>0.00</xmin>
            <ymin>20.01</ymin>
            <xmax>9.15</xmax>
            <ymax>31.12</ymax>
        </bndbox>
    </object>
    <object>
        <name>1</name>
        <bndbox>
            <xmin>107.64</xmin>
            <ymin>19.70</ymin>
            <xmax>118.75</xmax>
            <ymax>30.81</ymax>
        </bndbox>
    </object>
    <object>
        <name>1</name>
        <bndbox>
            <xmin>32.29</xmin>
            <ymin>19.37</ymin>
            <xmax>43.40</xmax>
            <ymax>30.48</ymax>
        </bndbox>
    </object>
    <object>
        <name>1</name>
        <bndbox>
            <xmin>45.94</xmin>
            <ymin>19.69</ymin>
            <xmax>57.05</xmax>
            <ymax>30.80</ymax>
        </bndbox>
    </object>
    <object>
        <name>1</name>
        <bndbox>
            <xmin>58.97</xmin>
            <ymin>20.30</ymin>
            <xmax>70.08</xmax>
            <ymax>31.41</ymax>
        </bndbox>
    </object>
    <object>
        <name>1</name>
        <bndbox>
            <xmin>68.72</xmin>
            <ymin>22.18</ymin>
            <xmax>79.83</xmax>
            <ymax>33.29</ymax>
        </bndbox>
    </object>
    <object>
        <name>1</name>
        <bndbox>
            <xmin>82.00</xmin>
            <ymin>20.03</ymin>
            <xmax>93.11</xmax>
            <ymax>31.14</ymax>
        </bndbox>
    </object>
    <object>
        <name>1</name>
        <bndbox>
            <xmin>132.83</xmin>
            <ymin>41.08</ymin>
            <xmax>143.94</xmax>
            <ymax>52.19</ymax>
        </bndbox>
    </object>
    <object>
        <name>1</name>
        <bndbox>
            <xmin>130.31</xmin>
            <ymin>56.90</ymin>
            <xmax>141.42</xmax>
            <ymax>68.01</ymax>
        </bndbox>
    </object>
    <object>
        <name>1</name>
        <bndbox>
            <xmin>130.49</xmin>
            <ymin>82.74</ymin>
            <xmax>141.60</xmax>
            <ymax>93.85</ymax>
        </bndbox>
    </object>
    <object>
        <name>1</name>
        <bndbox>
            <xmin>133.18</xmin>
            <ymin>95.60</ymin>
            <xmax>144.29</xmax>
            <ymax>106.72</ymax>
        </bndbox>
    </object>
    <object>
        <name>1</name>
        <bndbox>
            <xmin>132.68</xmin>
            <ymin>107.08</ymin>
            <xmax>143.79</xmax>
            <ymax>118.19</ymax>
        </bndbox>
    </object>
    <object>
        <name>1</name>
        <bndbox>
            <xmin>132.73</xmin>
            <ymin>119.75</ymin>
            <xmax>143.84</xmax>
            <ymax>130.86</ymax>
        </bndbox>
    </object>
    <object>
        <name>1</name>
        <bndbox>
            <xmin>132.79</xmin>
            <ymin>132.03</ymin>
            <xmax>143.90</xmax>
            <ymax>143.14</ymax>
        </bndbox>
    </object>
    <object>
        <name>1</name>
        <bndbox>
            <xmin>131.79</xmin>
            <ymin>145.47</ymin>
            <xmax>142.91</xmax>
            <ymax>156.59</ymax>
        </bndbox>
    </object>
    <object>
        <name>1</name>
        <bndbox>
            <xmin>119.22</xmin>
            <ymin>16.98</ymin>
            <xmax>130.33</xmax>
            <ymax>28.10</ymax>
        </bndbox>
    </object>
    <object>
        <name>1</name>
        <bndbox>
            <xmin>9.69</xmin>
            <ymin>22.03</ymin>
            <xmax>20.80</xmax>
            <ymax>33.14</ymax>
        </bndbox>
    </object>
    <object>
        <name>1</name>
        <bndbox>
            <xmin>107.33</xmin>
            <ymin>19.61</ymin>
            <xmax>118.45</xmax>
            <ymax>30.72</ymax>
        </bndbox>
    </object>
    <object>
        <name>1</name>
        <bndbox>
            <xmin>81.78</xmin>
            <ymin>21.78</ymin>
            <xmax>92.89</xmax>
            <ymax>32.89</ymax>
        </bndbox>
    </object>
    <object>
        <name>1</name>
        <bndbox>
            <xmin>45.58</xmin>
            <ymin>20.77</ymin>
            <xmax>56.69</xmax>
            <ymax>31.88</ymax>
        </bndbox>
    </object>
</annotation>
