<?xml version="1.0"?>
<annotation>
    <filename>000002776.jpg</filename>
    <source>
        <annotation>ArcGIS Pro 2.1</annotation>
    </source>
    <size>
        <width>224</width>
        <height>224</height>
        <depth>3</depth>
    </size>
    <object>
        <name>1</name>
        <bndbox>
            <xmin>87.79</xmin>
            <ymin>178.94</ymin>
            <xmax>98.90</xmax>
            <ymax>190.05</ymax>
        </bndbox>
    </object>
    <object>
        <name>1</name>
        <bndbox>
            <xmin>152.55</xmin>
            <ymin>49.20</ymin>
            <xmax>163.66</xmax>
            <ymax>60.31</ymax>
        </bndbox>
    </object>
    <object>
        <name>1</name>
        <bndbox>
            <xmin>213.90</xmin>
            <ymin>215.92</ymin>
            <xmax>224.00</xmax>
            <ymax>224.00</ymax>
        </bndbox>
    </object>
    <object>
        <name>1</name>
        <bndbox>
            <xmin>215.18</xmin>
            <ymin>195.83</ymin>
            <xmax>224.00</xmax>
            <ymax>206.93</ymax>
        </bndbox>
    </object>
</annotation>
