<?xml version="1.0"?>
<annotation>
    <filename>000002319.jpg</filename>
    <source>
        <annotation>ArcGIS Pro 2.1</annotation>
    </source>
    <size>
        <width>224</width>
        <height>224</height>
        <depth>3</depth>
    </size>
    <object>
        <name>2</name>
        <bndbox>
            <xmin>109.82</xmin>
            <ymin>0.00</ymin>
            <xmax>134.05</xmax>
            <ymax>3.59</ymax>
        </bndbox>
    </object>
    <object>
        <name>1</name>
        <bndbox>
            <xmin>105.58</xmin>
            <ymin>93.20</ymin>
            <xmax>116.69</xmax>
            <ymax>104.32</ymax>
        </bndbox>
    </object>
    <object>
        <name>1</name>
        <bndbox>
            <xmin>114.13</xmin>
            <ymin>112.23</ymin>
            <xmax>125.24</xmax>
            <ymax>123.34</ymax>
        </bndbox>
    </object>
    <object>
        <name>1</name>
        <bndbox>
            <xmin>92.33</xmin>
            <ymin>100.04</ymin>
            <xmax>103.44</xmax>
            <ymax>111.16</ymax>
        </bndbox>
    </object>
    <object>
        <name>1</name>
        <bndbox>
            <xmin>126.53</xmin>
            <ymin>129.97</ymin>
            <xmax>137.64</xmax>
            <ymax>141.08</ymax>
        </bndbox>
    </object>
</annotation>
