<?xml version="1.0"?>
<annotation>
    <filename>000001794.jpg</filename>
    <source>
        <annotation>ArcGIS Pro 2.1</annotation>
    </source>
    <size>
        <width>224</width>
        <height>224</height>
        <depth>3</depth>
    </size>
    <object>
        <name>2</name>
        <bndbox>
            <xmin>100.53</xmin>
            <ymin>8.92</ymin>
            <xmax>144.97</xmax>
            <ymax>53.36</ymax>
        </bndbox>
    </object>
    <object>
        <name>1</name>
        <bndbox>
            <xmin>34.74</xmin>
            <ymin>222.36</ymin>
            <xmax>42.61</xmax>
            <ymax>224.00</ymax>
        </bndbox>
    </object>
</annotation>
