<?xml version="1.0"?>
<annotation>
    <filename>000002148.jpg</filename>
    <source>
        <annotation>ArcGIS Pro 2.1</annotation>
    </source>
    <size>
        <width>224</width>
        <height>224</height>
        <depth>3</depth>
    </size>
    <object>
        <name>2</name>
        <bndbox>
            <xmin>39.44</xmin>
            <ymin>155.39</ymin>
            <xmax>83.89</xmax>
            <ymax>199.84</ymax>
        </bndbox>
    </object>
    <object>
        <name>2</name>
        <bndbox>
            <xmin>0.00</xmin>
            <ymin>63.87</ymin>
            <xmax>29.31</xmax>
            <ymax>108.32</ymax>
        </bndbox>
    </object>
    <object>
        <name>1</name>
        <bndbox>
            <xmin>0.00</xmin>
            <ymin>160.34</ymin>
            <xmax>11.01</xmax>
            <ymax>171.45</ymax>
        </bndbox>
    </object>
</annotation>
