<?xml version="1.0"?>
<annotation>
    <filename>000001792.jpg</filename>
    <source>
        <annotation>ArcGIS Pro 2.1</annotation>
    </source>
    <size>
        <width>224</width>
        <height>224</height>
        <depth>3</depth>
    </size>
    <object>
        <name>1</name>
        <bndbox>
            <xmin>208.04</xmin>
            <ymin>210.88</ymin>
            <xmax>219.15</xmax>
            <ymax>221.99</ymax>
        </bndbox>
    </object>
    <object>
        <name>1</name>
        <bndbox>
            <xmin>127.37</xmin>
            <ymin>48.93</ymin>
            <xmax>138.48</xmax>
            <ymax>60.04</ymax>
        </bndbox>
    </object>
</annotation>
