<?xml version="1.0"?>
<annotation>
    <filename>000002949.jpg</filename>
    <source>
        <annotation>ArcGIS Pro 2.1</annotation>
    </source>
    <size>
        <width>224</width>
        <height>224</height>
        <depth>3</depth>
    </size>
    <object>
        <name>2</name>
        <bndbox>
            <xmin>157.32</xmin>
            <ymin>131.09</ymin>
            <xmax>201.77</xmax>
            <ymax>175.53</ymax>
        </bndbox>
    </object>
    <object>
        <name>2</name>
        <bndbox>
            <xmin>0.00</xmin>
            <ymin>123.54</ymin>
            <xmax>21.11</xmax>
            <ymax>167.92</ymax>
        </bndbox>
    </object>
    <object>
        <name>1</name>
        <bndbox>
            <xmin>223.47</xmin>
            <ymin>205.06</ymin>
            <xmax>224.00</xmax>
            <ymax>209.79</ymax>
        </bndbox>
    </object>
</annotation>
