<?xml version="1.0"?>
<annotation>
    <filename>000000791.jpg</filename>
    <source>
        <annotation>ArcGIS Pro 2.1</annotation>
    </source>
    <size>
        <width>224</width>
        <height>224</height>
        <depth>3</depth>
    </size>
    <object>
        <name>2</name>
        <bndbox>
            <xmin>118.55</xmin>
            <ymin>211.24</ymin>
            <xmax>158.76</xmax>
            <ymax>224.00</ymax>
        </bndbox>
    </object>
    <object>
        <name>2</name>
        <bndbox>
            <xmin>0.19</xmin>
            <ymin>152.25</ymin>
            <xmax>44.63</xmax>
            <ymax>196.70</ymax>
        </bndbox>
    </object>
    <object>
        <name>1</name>
        <bndbox>
            <xmin>163.63</xmin>
            <ymin>64.95</ymin>
            <xmax>174.74</xmax>
            <ymax>76.06</ymax>
        </bndbox>
    </object>
</annotation>
