<?xml version="1.0"?>
<annotation>
    <filename>000001865.jpg</filename>
    <source>
        <annotation>ArcGIS Pro 2.1</annotation>
    </source>
    <size>
        <width>224</width>
        <height>224</height>
        <depth>3</depth>
    </size>
    <object>
        <name>2</name>
        <bndbox>
            <xmin>40.91</xmin>
            <ymin>51.75</ymin>
            <xmax>85.35</xmax>
            <ymax>96.20</ymax>
        </bndbox>
    </object>
    <object>
        <name>1</name>
        <bndbox>
            <xmin>36.27</xmin>
            <ymin>144.68</ymin>
            <xmax>47.38</xmax>
            <ymax>155.79</ymax>
        </bndbox>
    </object>
</annotation>
