<?xml version="1.0"?>
<annotation>
    <filename>000003593.jpg</filename>
    <source>
        <annotation>ArcGIS Pro 2.1</annotation>
    </source>
    <size>
        <width>224</width>
        <height>224</height>
        <depth>3</depth>
    </size>
    <object>
        <name>1</name>
        <bndbox>
            <xmin>27.58</xmin>
            <ymin>0.00</ymin>
            <xmax>34.33</xmax>
            <ymax>1.14</ymax>
        </bndbox>
    </object>
    <object>
        <name>1</name>
        <bndbox>
            <xmin>52.62</xmin>
            <ymin>12.23</ymin>
            <xmax>63.74</xmax>
            <ymax>23.34</ymax>
        </bndbox>
    </object>
    <object>
        <name>1</name>
        <bndbox>
            <xmin>19.84</xmin>
            <ymin>20.26</ymin>
            <xmax>30.95</xmax>
            <ymax>31.37</ymax>
        </bndbox>
    </object>
    <object>
        <name>1</name>
        <bndbox>
            <xmin>114.15</xmin>
            <ymin>0.00</ymin>
            <xmax>121.23</xmax>
            <ymax>1.28</ymax>
        </bndbox>
    </object>
    <object>
        <name>1</name>
        <bndbox>
            <xmin>117.46</xmin>
            <ymin>0.00</ymin>
            <xmax>128.56</xmax>
            <ymax>10.31</ymax>
        </bndbox>
    </object>
    <object>
        <name>1</name>
        <bndbox>
            <xmin>124.33</xmin>
            <ymin>9.58</ymin>
            <xmax>135.44</xmax>
            <ymax>20.69</ymax>
        </bndbox>
    </object>
    <object>
        <name>1</name>
        <bndbox>
            <xmin>127.60</xmin>
            <ymin>21.93</ymin>
            <xmax>138.72</xmax>
            <ymax>33.04</ymax>
        </bndbox>
    </object>
    <object>
        <name>1</name>
        <bndbox>
            <xmin>135.38</xmin>
            <ymin>34.43</ymin>
            <xmax>146.49</xmax>
            <ymax>45.54</ymax>
        </bndbox>
    </object>
    <object>
        <name>1</name>
        <bndbox>
            <xmin>144.39</xmin>
            <ymin>43.60</ymin>
            <xmax>155.50</xmax>
            <ymax>54.71</ymax>
        </bndbox>
    </object>
    <object>
        <name>1</name>
        <bndbox>
            <xmin>150.21</xmin>
            <ymin>52.17</ymin>
            <xmax>161.32</xmax>
            <ymax>63.28</ymax>
        </bndbox>
    </object>
    <object>
        <name>1</name>
        <bndbox>
            <xmin>155.78</xmin>
            <ymin>63.15</ymin>
            <xmax>166.89</xmax>
            <ymax>74.26</ymax>
        </bndbox>
    </object>
    <object>
        <name>1</name>
        <bndbox>
            <xmin>162.56</xmin>
            <ymin>73.84</ymin>
            <xmax>173.68</xmax>
            <ymax>84.95</ymax>
        </bndbox>
    </object>
    <object>
        <name>1</name>
        <bndbox>
            <xmin>171.48</xmin>
            <ymin>83.75</ymin>
            <xmax>182.59</xmax>
            <ymax>94.86</ymax>
        </bndbox>
    </object>
    <object>
        <name>1</name>
        <bndbox>
            <xmin>178.37</xmin>
            <ymin>92.75</ymin>
            <xmax>189.49</xmax>
            <ymax>103.86</ymax>
        </bndbox>
    </object>
    <object>
        <name>1</name>
        <bndbox>
            <xmin>183.34</xmin>
            <ymin>104.05</ymin>
            <xmax>194.45</xmax>
            <ymax>115.16</ymax>
        </bndbox>
    </object>
    <object>
        <name>1</name>
        <bndbox>
            <xmin>190.45</xmin>
            <ymin>115.62</ymin>
            <xmax>201.56</xmax>
            <ymax>126.74</ymax>
        </bndbox>
    </object>
    <object>
        <name>1</name>
        <bndbox>
            <xmin>206.52</xmin>
            <ymin>133.39</ymin>
            <xmax>217.63</xmax>
            <ymax>144.50</ymax>
        </bndbox>
    </object>
    <object>
        <name>1</name>
        <bndbox>
            <xmin>208.41</xmin>
            <ymin>168.95</ymin>
            <xmax>219.52</xmax>
            <ymax>180.06</ymax>
        </bndbox>
    </object>
    <object>
        <name>1</name>
        <bndbox>
            <xmin>196.39</xmin>
            <ymin>176.74</ymin>
            <xmax>207.50</xmax>
            <ymax>187.85</ymax>
        </bndbox>
    </object>
    <object>
        <name>1</name>
        <bndbox>
            <xmin>186.49</xmin>
            <ymin>183.63</ymin>
            <xmax>197.60</xmax>
            <ymax>194.74</ymax>
        </bndbox>
    </object>
    <object>
        <name>1</name>
        <bndbox>
            <xmin>166.33</xmin>
            <ymin>198.86</ymin>
            <xmax>177.44</xmax>
            <ymax>209.97</ymax>
        </bndbox>
    </object>
    <object>
        <name>1</name>
        <bndbox>
            <xmin>176.60</xmin>
            <ymin>190.37</ymin>
            <xmax>187.71</xmax>
            <ymax>201.48</ymax>
        </bndbox>
    </object>
    <object>
        <name>1</name>
        <bndbox>
            <xmin>155.98</xmin>
            <ymin>204.94</ymin>
            <xmax>167.09</xmax>
            <ymax>216.05</ymax>
        </bndbox>
    </object>
    <object>
        <name>1</name>
        <bndbox>
            <xmin>145.08</xmin>
            <ymin>212.76</ymin>
            <xmax>156.19</xmax>
            <ymax>223.88</ymax>
        </bndbox>
    </object>
    <object>
        <name>1</name>
        <bndbox>
            <xmin>218.12</xmin>
            <ymin>32.60</ymin>
            <xmax>224.00</xmax>
            <ymax>43.71</ymax>
        </bndbox>
    </object>
    <object>
        <name>1</name>
        <bndbox>
            <xmin>206.64</xmin>
            <ymin>134.06</ymin>
            <xmax>217.75</xmax>
            <ymax>145.17</ymax>
        </bndbox>
    </object>
    <object>
        <name>1</name>
        <bndbox>
            <xmin>192.02</xmin>
            <ymin>115.16</ymin>
            <xmax>203.14</xmax>
            <ymax>126.27</ymax>
        </bndbox>
    </object>
    <object>
        <name>1</name>
        <bndbox>
            <xmin>219.73</xmin>
            <ymin>32.52</ymin>
            <xmax>224.00</xmax>
            <ymax>43.32</ymax>
        </bndbox>
    </object>
    <object>
        <name>1</name>
        <bndbox>
            <xmin>184.89</xmin>
            <ymin>103.98</ymin>
            <xmax>196.00</xmax>
            <ymax>115.09</ymax>
        </bndbox>
    </object>
    <object>
        <name>1</name>
        <bndbox>
            <xmin>178.96</xmin>
            <ymin>93.34</ymin>
            <xmax>190.08</xmax>
            <ymax>104.45</ymax>
        </bndbox>
    </object>
    <object>
        <name>1</name>
        <bndbox>
            <xmin>171.65</xmin>
            <ymin>82.93</ymin>
            <xmax>182.77</xmax>
            <ymax>94.04</ymax>
        </bndbox>
    </object>
    <object>
        <name>1</name>
        <bndbox>
            <xmin>164.18</xmin>
            <ymin>73.79</ymin>
            <xmax>175.29</xmax>
            <ymax>84.90</ymax>
        </bndbox>
    </object>
    <object>
        <name>1</name>
        <bndbox>
            <xmin>158.23</xmin>
            <ymin>62.80</ymin>
            <xmax>169.34</xmax>
            <ymax>73.91</ymax>
        </bndbox>
    </object>
    <object>
        <name>1</name>
        <bndbox>
            <xmin>152.35</xmin>
            <ymin>51.25</ymin>
            <xmax>163.46</xmax>
            <ymax>62.36</ymax>
        </bndbox>
    </object>
    <object>
        <name>1</name>
        <bndbox>
            <xmin>144.02</xmin>
            <ymin>41.95</ymin>
            <xmax>155.13</xmax>
            <ymax>53.06</ymax>
        </bndbox>
    </object>
    <object>
        <name>1</name>
        <bndbox>
            <xmin>137.98</xmin>
            <ymin>32.37</ymin>
            <xmax>149.09</xmax>
            <ymax>43.48</ymax>
        </bndbox>
    </object>
    <object>
        <name>1</name>
        <bndbox>
            <xmin>129.34</xmin>
            <ymin>20.40</ymin>
            <xmax>140.45</xmax>
            <ymax>31.51</ymax>
        </bndbox>
    </object>
    <object>
        <name>1</name>
        <bndbox>
            <xmin>122.13</xmin>
            <ymin>10.63</ymin>
            <xmax>133.24</xmax>
            <ymax>21.74</ymax>
        </bndbox>
    </object>
    <object>
        <name>1</name>
        <bndbox>
            <xmin>118.66</xmin>
            <ymin>0.00</ymin>
            <xmax>129.77</xmax>
            <ymax>9.45</ymax>
        </bndbox>
    </object>
    <object>
        <name>1</name>
        <bndbox>
            <xmin>113.66</xmin>
            <ymin>0.00</ymin>
            <xmax>121.47</xmax>
            <ymax>1.61</ymax>
        </bndbox>
    </object>
    <object>
        <name>1</name>
        <bndbox>
            <xmin>9.08</xmin>
            <ymin>37.09</ymin>
            <xmax>20.19</xmax>
            <ymax>48.20</ymax>
        </bndbox>
    </object>
    <object>
        <name>1</name>
        <bndbox>
            <xmin>204.11</xmin>
            <ymin>9.06</ymin>
            <xmax>215.22</xmax>
            <ymax>20.17</ymax>
        </bndbox>
    </object>
</annotation>
