<?xml version="1.0"?>
<annotation>
    <filename>000001312.jpg</filename>
    <source>
        <annotation>ArcGIS Pro 2.1</annotation>
    </source>
    <size>
        <width>224</width>
        <height>224</height>
        <depth>3</depth>
    </size>
    <object>
        <name>1</name>
        <bndbox>
            <xmin>46.44</xmin>
            <ymin>110.73</ymin>
            <xmax>57.55</xmax>
            <ymax>121.84</ymax>
        </bndbox>
    </object>
    <object>
        <name>1</name>
        <bndbox>
            <xmin>23.25</xmin>
            <ymin>105.06</ymin>
            <xmax>34.36</xmax>
            <ymax>116.17</ymax>
        </bndbox>
    </object>
    <object>
        <name>1</name>
        <bndbox>
            <xmin>87.42</xmin>
            <ymin>88.83</ymin>
            <xmax>98.53</xmax>
            <ymax>99.94</ymax>
        </bndbox>
    </object>
    <object>
        <name>1</name>
        <bndbox>
            <xmin>172.47</xmin>
            <ymin>216.66</ymin>
            <xmax>183.58</xmax>
            <ymax>224.00</ymax>
        </bndbox>
    </object>
    <object>
        <name>1</name>
        <bndbox>
            <xmin>186.17</xmin>
            <ymin>72.71</ymin>
            <xmax>197.28</xmax>
            <ymax>83.82</ymax>
        </bndbox>
    </object>
</annotation>
