<?xml version="1.0"?>
<annotation>
    <filename>000001120.jpg</filename>
    <source>
        <annotation>ArcGIS Pro 2.1</annotation>
    </source>
    <size>
        <width>224</width>
        <height>224</height>
        <depth>3</depth>
    </size>
    <object>
        <name>2</name>
        <bndbox>
            <xmin>9.35</xmin>
            <ymin>0.00</ymin>
            <xmax>53.80</xmax>
            <ymax>36.51</ymax>
        </bndbox>
    </object>
    <object>
        <name>1</name>
        <bndbox>
            <xmin>51.40</xmin>
            <ymin>179.71</ymin>
            <xmax>62.51</xmax>
            <ymax>190.83</ymax>
        </bndbox>
    </object>
    <object>
        <name>1</name>
        <bndbox>
            <xmin>31.35</xmin>
            <ymin>157.10</ymin>
            <xmax>42.47</xmax>
            <ymax>168.21</ymax>
        </bndbox>
    </object>
    <object>
        <name>1</name>
        <bndbox>
            <xmin>23.65</xmin>
            <ymin>172.18</ymin>
            <xmax>34.76</xmax>
            <ymax>183.29</ymax>
        </bndbox>
    </object>
    <object>
        <name>1</name>
        <bndbox>
            <xmin>207.97</xmin>
            <ymin>77.19</ymin>
            <xmax>219.08</xmax>
            <ymax>88.30</ymax>
        </bndbox>
    </object>
    <object>
        <name>1</name>
        <bndbox>
            <xmin>221.84</xmin>
            <ymin>218.68</ymin>
            <xmax>224.00</xmax>
            <ymax>224.00</ymax>
        </bndbox>
    </object>
</annotation>
