<?xml version="1.0"?>
<annotation>
    <filename>000000150.jpg</filename>
    <source>
        <annotation>ArcGIS Pro 2.1</annotation>
    </source>
    <size>
        <width>224</width>
        <height>224</height>
        <depth>3</depth>
    </size>
    <object>
        <name>1</name>
        <bndbox>
            <xmin>105.21</xmin>
            <ymin>177.20</ymin>
            <xmax>116.32</xmax>
            <ymax>188.31</ymax>
        </bndbox>
    </object>
</annotation>
