<?xml version="1.0"?>
<annotation>
    <filename>000001099.jpg</filename>
    <source>
        <annotation>ArcGIS Pro 2.1</annotation>
    </source>
    <size>
        <width>224</width>
        <height>224</height>
        <depth>3</depth>
    </size>
    <object>
        <name>2</name>
        <bndbox>
            <xmin>81.04</xmin>
            <ymin>93.10</ymin>
            <xmax>125.48</xmax>
            <ymax>137.55</ymax>
        </bndbox>
    </object>
    <object>
        <name>2</name>
        <bndbox>
            <xmin>68.82</xmin>
            <ymin>36.48</ymin>
            <xmax>113.27</xmax>
            <ymax>80.92</ymax>
        </bndbox>
    </object>
</annotation>
