<?xml version="1.0"?>
<annotation>
    <filename>000001948.jpg</filename>
    <source>
        <annotation>ArcGIS Pro 2.1</annotation>
    </source>
    <size>
        <width>224</width>
        <height>224</height>
        <depth>3</depth>
    </size>
    <object>
        <name>2</name>
        <bndbox>
            <xmin>211.95</xmin>
            <ymin>0.00</ymin>
            <xmax>224.00</xmax>
            <ymax>29.27</ymax>
        </bndbox>
    </object>
    <object>
        <name>1</name>
        <bndbox>
            <xmin>113.93</xmin>
            <ymin>93.18</ymin>
            <xmax>125.04</xmax>
            <ymax>104.29</ymax>
        </bndbox>
    </object>
</annotation>
