<?xml version="1.0"?>
<annotation>
    <filename>000003366.jpg</filename>
    <source>
        <annotation>ArcGIS Pro 2.1</annotation>
    </source>
    <size>
        <width>224</width>
        <height>224</height>
        <depth>3</depth>
    </size>
    <object>
        <name>2</name>
        <bndbox>
            <xmin>0.00</xmin>
            <ymin>215.20</ymin>
            <xmax>13.62</xmax>
            <ymax>224.00</ymax>
        </bndbox>
    </object>
    <object>
        <name>1</name>
        <bndbox>
            <xmin>210.58</xmin>
            <ymin>173.12</ymin>
            <xmax>221.69</xmax>
            <ymax>184.23</ymax>
        </bndbox>
    </object>
    <object>
        <name>1</name>
        <bndbox>
            <xmin>216.34</xmin>
            <ymin>186.93</ymin>
            <xmax>224.00</xmax>
            <ymax>198.04</ymax>
        </bndbox>
    </object>
    <object>
        <name>1</name>
        <bndbox>
            <xmin>68.97</xmin>
            <ymin>99.70</ymin>
            <xmax>80.08</xmax>
            <ymax>110.81</ymax>
        </bndbox>
    </object>
</annotation>
