<?xml version="1.0"?>
<annotation>
    <filename>000000146.jpg</filename>
    <source>
        <annotation>ArcGIS Pro 2.1</annotation>
    </source>
    <size>
        <width>224</width>
        <height>224</height>
        <depth>3</depth>
    </size>
    <object>
        <name>2</name>
        <bndbox>
            <xmin>38.27</xmin>
            <ymin>0.00</ymin>
            <xmax>81.24</xmax>
            <ymax>16.55</ymax>
        </bndbox>
    </object>
    <object>
        <name>2</name>
        <bndbox>
            <xmin>5.33</xmin>
            <ymin>0.00</ymin>
            <xmax>49.78</xmax>
            <ymax>33.21</ymax>
        </bndbox>
    </object>
    <object>
        <name>2</name>
        <bndbox>
            <xmin>41.97</xmin>
            <ymin>69.82</ymin>
            <xmax>86.42</xmax>
            <ymax>114.27</ymax>
        </bndbox>
    </object>
    <object>
        <name>2</name>
        <bndbox>
            <xmin>99.71</xmin>
            <ymin>42.06</ymin>
            <xmax>144.16</xmax>
            <ymax>86.51</ymax>
        </bndbox>
    </object>
    <object>
        <name>2</name>
        <bndbox>
            <xmin>159.67</xmin>
            <ymin>151.99</ymin>
            <xmax>204.11</xmax>
            <ymax>196.43</ymax>
        </bndbox>
    </object>
    <object>
        <name>2</name>
        <bndbox>
            <xmin>125.38</xmin>
            <ymin>204.18</ymin>
            <xmax>169.56</xmax>
            <ymax>224.00</ymax>
        </bndbox>
    </object>
</annotation>
