<?xml version="1.0"?>
<annotation>
    <filename>000002948.jpg</filename>
    <source>
        <annotation>ArcGIS Pro 2.1</annotation>
    </source>
    <size>
        <width>224</width>
        <height>224</height>
        <depth>3</depth>
    </size>
    <object>
        <name>2</name>
        <bndbox>
            <xmin>88.66</xmin>
            <ymin>123.51</ymin>
            <xmax>133.11</xmax>
            <ymax>167.95</ymax>
        </bndbox>
    </object>
    <object>
        <name>1</name>
        <bndbox>
            <xmin>26.83</xmin>
            <ymin>211.78</ymin>
            <xmax>37.94</xmax>
            <ymax>222.90</ymax>
        </bndbox>
    </object>
</annotation>
