<?xml version="1.0"?>
<annotation>
    <filename>000000557.jpg</filename>
    <source>
        <annotation>ArcGIS Pro 2.1</annotation>
    </source>
    <size>
        <width>224</width>
        <height>224</height>
        <depth>3</depth>
    </size>
    <object>
        <name>2</name>
        <bndbox>
            <xmin>0.00</xmin>
            <ymin>86.47</ymin>
            <xmax>21.00</xmax>
            <ymax>130.85</ymax>
        </bndbox>
    </object>
    <object>
        <name>1</name>
        <bndbox>
            <xmin>146.30</xmin>
            <ymin>79.79</ymin>
            <xmax>157.41</xmax>
            <ymax>90.90</ymax>
        </bndbox>
    </object>
    <object>
        <name>1</name>
        <bndbox>
            <xmin>120.88</xmin>
            <ymin>156.34</ymin>
            <xmax>131.99</xmax>
            <ymax>167.46</ymax>
        </bndbox>
    </object>
    <object>
        <name>1</name>
        <bndbox>
            <xmin>87.02</xmin>
            <ymin>120.80</ymin>
            <xmax>98.13</xmax>
            <ymax>131.91</ymax>
        </bndbox>
    </object>
</annotation>
