<?xml version="1.0"?>
<annotation>
    <filename>000001658.jpg</filename>
    <source>
        <annotation>ArcGIS Pro 2.1</annotation>
    </source>
    <size>
        <width>224</width>
        <height>224</height>
        <depth>3</depth>
    </size>
    <object>
        <name>1</name>
        <bndbox>
            <xmin>106.86</xmin>
            <ymin>95.60</ymin>
            <xmax>117.97</xmax>
            <ymax>106.71</ymax>
        </bndbox>
    </object>
    <object>
        <name>1</name>
        <bndbox>
            <xmin>129.13</xmin>
            <ymin>13.97</ymin>
            <xmax>140.24</xmax>
            <ymax>25.08</ymax>
        </bndbox>
    </object>
</annotation>
