<?xml version="1.0"?>
<annotation>
    <filename>000001822.jpg</filename>
    <source>
        <annotation>ArcGIS Pro 2.1</annotation>
    </source>
    <size>
        <width>224</width>
        <height>224</height>
        <depth>3</depth>
    </size>
    <object>
        <name>1</name>
        <bndbox>
            <xmin>2.91</xmin>
            <ymin>14.85</ymin>
            <xmax>14.03</xmax>
            <ymax>25.96</ymax>
        </bndbox>
    </object>
    <object>
        <name>1</name>
        <bndbox>
            <xmin>22.78</xmin>
            <ymin>67.47</ymin>
            <xmax>33.89</xmax>
            <ymax>78.59</ymax>
        </bndbox>
    </object>
</annotation>
