<?xml version="1.0"?>
<annotation>
    <filename>000001569.jpg</filename>
    <source>
        <annotation>ArcGIS Pro 2.1</annotation>
    </source>
    <size>
        <width>224</width>
        <height>224</height>
        <depth>3</depth>
    </size>
    <object>
        <name>2</name>
        <bndbox>
            <xmin>37.73</xmin>
            <ymin>0.00</ymin>
            <xmax>82.16</xmax>
            <ymax>41.78</ymax>
        </bndbox>
    </object>
    <object>
        <name>1</name>
        <bndbox>
            <xmin>0.00</xmin>
            <ymin>57.28</ymin>
            <xmax>1.59</xmax>
            <ymax>65.05</ymax>
        </bndbox>
    </object>
    <object>
        <name>1</name>
        <bndbox>
            <xmin>48.72</xmin>
            <ymin>88.09</ymin>
            <xmax>59.83</xmax>
            <ymax>99.20</ymax>
        </bndbox>
    </object>
    <object>
        <name>1</name>
        <bndbox>
            <xmin>113.93</xmin>
            <ymin>149.85</ymin>
            <xmax>125.05</xmax>
            <ymax>160.96</ymax>
        </bndbox>
    </object>
    <object>
        <name>1</name>
        <bndbox>
            <xmin>223.75</xmin>
            <ymin>104.56</ymin>
            <xmax>224.00</xmax>
            <ymax>107.83</ymax>
        </bndbox>
    </object>
</annotation>
