<?xml version="1.0"?>
<annotation>
    <filename>000002595.jpg</filename>
    <source>
        <annotation>ArcGIS Pro 2.1</annotation>
    </source>
    <size>
        <width>224</width>
        <height>224</height>
        <depth>3</depth>
    </size>
    <object>
        <name>2</name>
        <bndbox>
            <xmin>114.16</xmin>
            <ymin>81.67</ymin>
            <xmax>158.60</xmax>
            <ymax>126.11</ymax>
        </bndbox>
    </object>
    <object>
        <name>2</name>
        <bndbox>
            <xmin>161.15</xmin>
            <ymin>165.15</ymin>
            <xmax>205.59</xmax>
            <ymax>209.60</ymax>
        </bndbox>
    </object>
    <object>
        <name>1</name>
        <bndbox>
            <xmin>4.12</xmin>
            <ymin>123.52</ymin>
            <xmax>15.23</xmax>
            <ymax>134.64</ymax>
        </bndbox>
    </object>
    <object>
        <name>1</name>
        <bndbox>
            <xmin>43.16</xmin>
            <ymin>221.71</ymin>
            <xmax>52.16</xmax>
            <ymax>224.00</ymax>
        </bndbox>
    </object>
</annotation>
