<?xml version="1.0"?>
<annotation>
    <filename>000000429.jpg</filename>
    <source>
        <annotation>ArcGIS Pro 2.1</annotation>
    </source>
    <size>
        <width>224</width>
        <height>224</height>
        <depth>3</depth>
    </size>
    <object>
        <name>2</name>
        <bndbox>
            <xmin>218.47</xmin>
            <ymin>4.67</ymin>
            <xmax>224.00</xmax>
            <ymax>34.02</ymax>
        </bndbox>
    </object>
    <object>
        <name>2</name>
        <bndbox>
            <xmin>0.00</xmin>
            <ymin>202.54</ymin>
            <xmax>40.82</xmax>
            <ymax>224.00</ymax>
        </bndbox>
    </object>
</annotation>
