<?xml version="1.0"?>
<annotation>
    <filename>000002048.jpg</filename>
    <source>
        <annotation>ArcGIS Pro 2.1</annotation>
    </source>
    <size>
        <width>224</width>
        <height>224</height>
        <depth>3</depth>
    </size>
    <object>
        <name>2</name>
        <bndbox>
            <xmin>38.93</xmin>
            <ymin>173.63</ymin>
            <xmax>83.38</xmax>
            <ymax>218.08</ymax>
        </bndbox>
    </object>
    <object>
        <name>2</name>
        <bndbox>
            <xmin>185.48</xmin>
            <ymin>206.57</ymin>
            <xmax>224.00</xmax>
            <ymax>224.00</ymax>
        </bndbox>
    </object>
</annotation>
