<?xml version="1.0"?>
<annotation>
    <filename>000000450.jpg</filename>
    <source>
        <annotation>ArcGIS Pro 2.1</annotation>
    </source>
    <size>
        <width>224</width>
        <height>224</height>
        <depth>3</depth>
    </size>
    <object>
        <name>2</name>
        <bndbox>
            <xmin>116.66</xmin>
            <ymin>187.14</ymin>
            <xmax>161.10</xmax>
            <ymax>224.00</ymax>
        </bndbox>
    </object>
    <object>
        <name>2</name>
        <bndbox>
            <xmin>209.93</xmin>
            <ymin>89.87</ymin>
            <xmax>224.00</xmax>
            <ymax>131.21</ymax>
        </bndbox>
    </object>
</annotation>
