<?xml version="1.0"?>
<annotation>
    <filename>000001528.jpg</filename>
    <source>
        <annotation>ArcGIS Pro 2.1</annotation>
    </source>
    <size>
        <width>224</width>
        <height>224</height>
        <depth>3</depth>
    </size>
    <object>
        <name>2</name>
        <bndbox>
            <xmin>79.96</xmin>
            <ymin>21.81</ymin>
            <xmax>124.41</xmax>
            <ymax>66.25</ymax>
        </bndbox>
    </object>
    <object>
        <name>2</name>
        <bndbox>
            <xmin>0.00</xmin>
            <ymin>59.56</ymin>
            <xmax>41.13</xmax>
            <ymax>104.00</ymax>
        </bndbox>
    </object>
    <object>
        <name>1</name>
        <bndbox>
            <xmin>192.88</xmin>
            <ymin>103.72</ymin>
            <xmax>203.99</xmax>
            <ymax>114.83</ymax>
        </bndbox>
    </object>
</annotation>
