<?xml version="1.0"?>
<annotation>
    <filename>000002246.jpg</filename>
    <source>
        <annotation>ArcGIS Pro 2.1</annotation>
    </source>
    <size>
        <width>224</width>
        <height>224</height>
        <depth>3</depth>
    </size>
    <object>
        <name>2</name>
        <bndbox>
            <xmin>0.00</xmin>
            <ymin>200.23</ymin>
            <xmax>40.81</xmax>
            <ymax>224.00</ymax>
        </bndbox>
    </object>
    <object>
        <name>1</name>
        <bndbox>
            <xmin>15.69</xmin>
            <ymin>0.00</ymin>
            <xmax>23.38</xmax>
            <ymax>1.55</ymax>
        </bndbox>
    </object>
    <object>
        <name>1</name>
        <bndbox>
            <xmin>26.23</xmin>
            <ymin>79.34</ymin>
            <xmax>37.34</xmax>
            <ymax>90.45</ymax>
        </bndbox>
    </object>
    <object>
        <name>1</name>
        <bndbox>
            <xmin>75.79</xmin>
            <ymin>63.37</ymin>
            <xmax>86.90</xmax>
            <ymax>74.48</ymax>
        </bndbox>
    </object>
    <object>
        <name>1</name>
        <bndbox>
            <xmin>174.22</xmin>
            <ymin>152.48</ymin>
            <xmax>185.33</xmax>
            <ymax>163.59</ymax>
        </bndbox>
    </object>
    <object>
        <name>1</name>
        <bndbox>
            <xmin>168.95</xmin>
            <ymin>131.58</ymin>
            <xmax>180.07</xmax>
            <ymax>142.69</ymax>
        </bndbox>
    </object>
</annotation>
