<?xml version="1.0"?>
<annotation>
    <filename>000002981.jpg</filename>
    <source>
        <annotation>ArcGIS Pro 2.1</annotation>
    </source>
    <size>
        <width>224</width>
        <height>224</height>
        <depth>3</depth>
    </size>
    <object>
        <name>2</name>
        <bndbox>
            <xmin>115.49</xmin>
            <ymin>35.51</ymin>
            <xmax>159.93</xmax>
            <ymax>79.95</ymax>
        </bndbox>
    </object>
    <object>
        <name>2</name>
        <bndbox>
            <xmin>68.45</xmin>
            <ymin>88.43</ymin>
            <xmax>112.89</xmax>
            <ymax>132.88</ymax>
        </bndbox>
    </object>
    <object>
        <name>1</name>
        <bndbox>
            <xmin>0.27</xmin>
            <ymin>203.68</ymin>
            <xmax>11.38</xmax>
            <ymax>214.79</ymax>
        </bndbox>
    </object>
    <object>
        <name>1</name>
        <bndbox>
            <xmin>17.50</xmin>
            <ymin>166.69</ymin>
            <xmax>28.61</xmax>
            <ymax>177.80</ymax>
        </bndbox>
    </object>
    <object>
        <name>1</name>
        <bndbox>
            <xmin>12.53</xmin>
            <ymin>154.33</ymin>
            <xmax>23.64</xmax>
            <ymax>165.44</ymax>
        </bndbox>
    </object>
    <object>
        <name>1</name>
        <bndbox>
            <xmin>6.45</xmin>
            <ymin>143.08</ymin>
            <xmax>17.56</xmax>
            <ymax>154.19</ymax>
        </bndbox>
    </object>
    <object>
        <name>1</name>
        <bndbox>
            <xmin>1.59</xmin>
            <ymin>133.05</ymin>
            <xmax>12.70</xmax>
            <ymax>144.16</ymax>
        </bndbox>
    </object>
    <object>
        <name>1</name>
        <bndbox>
            <xmin>0.00</xmin>
            <ymin>122.00</ymin>
            <xmax>8.04</xmax>
            <ymax>133.11</ymax>
        </bndbox>
    </object>
    <object>
        <name>1</name>
        <bndbox>
            <xmin>0.00</xmin>
            <ymin>111.44</ymin>
            <xmax>2.86</xmax>
            <ymax>121.16</ymax>
        </bndbox>
    </object>
</annotation>
