<?xml version="1.0"?>
<annotation>
    <filename>000001559.jpg</filename>
    <source>
        <annotation>ArcGIS Pro 2.1</annotation>
    </source>
    <size>
        <width>224</width>
        <height>224</height>
        <depth>3</depth>
    </size>
    <object>
        <name>2</name>
        <bndbox>
            <xmin>121.77</xmin>
            <ymin>174.07</ymin>
            <xmax>166.22</xmax>
            <ymax>218.51</ymax>
        </bndbox>
    </object>
</annotation>
