<?xml version="1.0"?>
<annotation>
    <filename>000001115.jpg</filename>
    <source>
        <annotation>ArcGIS Pro 2.1</annotation>
    </source>
    <size>
        <width>224</width>
        <height>224</height>
        <depth>3</depth>
    </size>
    <object>
        <name>2</name>
        <bndbox>
            <xmin>216.56</xmin>
            <ymin>159.80</ymin>
            <xmax>224.00</xmax>
            <ymax>192.99</ymax>
        </bndbox>
    </object>
    <object>
        <name>2</name>
        <bndbox>
            <xmin>196.57</xmin>
            <ymin>54.24</ymin>
            <xmax>224.00</xmax>
            <ymax>98.68</ymax>
        </bndbox>
    </object>
    <object>
        <name>2</name>
        <bndbox>
            <xmin>104.41</xmin>
            <ymin>4.28</ymin>
            <xmax>148.85</xmax>
            <ymax>48.72</ymax>
        </bndbox>
    </object>
</annotation>
