<?xml version="1.0"?>
<annotation>
    <filename>000003618.jpg</filename>
    <source>
        <annotation>ArcGIS Pro 2.1</annotation>
    </source>
    <size>
        <width>224</width>
        <height>224</height>
        <depth>3</depth>
    </size>
    <object>
        <name>1</name>
        <bndbox>
            <xmin>5.73</xmin>
            <ymin>153.76</ymin>
            <xmax>16.85</xmax>
            <ymax>164.87</ymax>
        </bndbox>
    </object>
    <object>
        <name>1</name>
        <bndbox>
            <xmin>0.00</xmin>
            <ymin>164.74</ymin>
            <xmax>6.35</xmax>
            <ymax>175.85</ymax>
        </bndbox>
    </object>
    <object>
        <name>1</name>
        <bndbox>
            <xmin>0.00</xmin>
            <ymin>180.97</ymin>
            <xmax>0.10</xmax>
            <ymax>183.00</ymax>
        </bndbox>
    </object>
    <object>
        <name>1</name>
        <bndbox>
            <xmin>51.88</xmin>
            <ymin>27.64</ymin>
            <xmax>62.99</xmax>
            <ymax>38.75</ymax>
        </bndbox>
    </object>
    <object>
        <name>1</name>
        <bndbox>
            <xmin>17.54</xmin>
            <ymin>79.55</ymin>
            <xmax>28.65</xmax>
            <ymax>90.66</ymax>
        </bndbox>
    </object>
    <object>
        <name>1</name>
        <bndbox>
            <xmin>0.00</xmin>
            <ymin>117.65</ymin>
            <xmax>2.99</xmax>
            <ymax>127.50</ymax>
        </bndbox>
    </object>
    <object>
        <name>1</name>
        <bndbox>
            <xmin>15.40</xmin>
            <ymin>137.79</ymin>
            <xmax>26.51</xmax>
            <ymax>148.90</ymax>
        </bndbox>
    </object>
    <object>
        <name>1</name>
        <bndbox>
            <xmin>20.75</xmin>
            <ymin>125.39</ymin>
            <xmax>31.86</xmax>
            <ymax>136.50</ymax>
        </bndbox>
    </object>
    <object>
        <name>1</name>
        <bndbox>
            <xmin>41.91</xmin>
            <ymin>95.13</ymin>
            <xmax>53.02</xmax>
            <ymax>106.24</ymax>
        </bndbox>
    </object>
    <object>
        <name>1</name>
        <bndbox>
            <xmin>49.93</xmin>
            <ymin>85.28</ymin>
            <xmax>61.04</xmax>
            <ymax>96.39</ymax>
        </bndbox>
    </object>
    <object>
        <name>1</name>
        <bndbox>
            <xmin>55.82</xmin>
            <ymin>74.74</ymin>
            <xmax>66.93</xmax>
            <ymax>85.85</ymax>
        </bndbox>
    </object>
    <object>
        <name>1</name>
        <bndbox>
            <xmin>62.03</xmin>
            <ymin>63.91</ymin>
            <xmax>73.14</xmax>
            <ymax>75.02</ymax>
        </bndbox>
    </object>
    <object>
        <name>1</name>
        <bndbox>
            <xmin>68.64</xmin>
            <ymin>54.77</ymin>
            <xmax>79.75</xmax>
            <ymax>65.89</ymax>
        </bndbox>
    </object>
    <object>
        <name>1</name>
        <bndbox>
            <xmin>76.77</xmin>
            <ymin>46.31</ymin>
            <xmax>87.88</xmax>
            <ymax>57.42</ymax>
        </bndbox>
    </object>
    <object>
        <name>1</name>
        <bndbox>
            <xmin>84.11</xmin>
            <ymin>33.83</ymin>
            <xmax>95.22</xmax>
            <ymax>44.94</ymax>
        </bndbox>
    </object>
    <object>
        <name>1</name>
        <bndbox>
            <xmin>89.65</xmin>
            <ymin>24.50</ymin>
            <xmax>100.76</xmax>
            <ymax>35.62</ymax>
        </bndbox>
    </object>
    <object>
        <name>1</name>
        <bndbox>
            <xmin>64.74</xmin>
            <ymin>8.44</ymin>
            <xmax>75.85</xmax>
            <ymax>19.55</ymax>
        </bndbox>
    </object>
    <object>
        <name>1</name>
        <bndbox>
            <xmin>57.34</xmin>
            <ymin>18.00</ymin>
            <xmax>68.45</xmax>
            <ymax>29.12</ymax>
        </bndbox>
    </object>
    <object>
        <name>1</name>
        <bndbox>
            <xmin>52.06</xmin>
            <ymin>28.56</ymin>
            <xmax>63.17</xmax>
            <ymax>39.67</ymax>
        </bndbox>
    </object>
    <object>
        <name>1</name>
        <bndbox>
            <xmin>44.78</xmin>
            <ymin>39.36</ymin>
            <xmax>55.89</xmax>
            <ymax>50.47</ymax>
        </bndbox>
    </object>
    <object>
        <name>1</name>
        <bndbox>
            <xmin>37.74</xmin>
            <ymin>47.56</ymin>
            <xmax>48.85</xmax>
            <ymax>58.67</ymax>
        </bndbox>
    </object>
    <object>
        <name>1</name>
        <bndbox>
            <xmin>31.81</xmin>
            <ymin>59.17</ymin>
            <xmax>42.92</xmax>
            <ymax>70.28</ymax>
        </bndbox>
    </object>
    <object>
        <name>1</name>
        <bndbox>
            <xmin>25.95</xmin>
            <ymin>68.78</ymin>
            <xmax>37.06</xmax>
            <ymax>79.90</ymax>
        </bndbox>
    </object>
    <object>
        <name>1</name>
        <bndbox>
            <xmin>17.73</xmin>
            <ymin>79.86</ymin>
            <xmax>28.84</xmax>
            <ymax>90.97</ymax>
        </bndbox>
    </object>
    <object>
        <name>1</name>
        <bndbox>
            <xmin>9.21</xmin>
            <ymin>90.92</ymin>
            <xmax>20.32</xmax>
            <ymax>102.03</ymax>
        </bndbox>
    </object>
    <object>
        <name>1</name>
        <bndbox>
            <xmin>0.00</xmin>
            <ymin>3.45</ymin>
            <xmax>4.15</xmax>
            <ymax>14.20</ymax>
        </bndbox>
    </object>
    <object>
        <name>1</name>
        <bndbox>
            <xmin>0.00</xmin>
            <ymin>0.00</ymin>
            <xmax>10.15</xmax>
            <ymax>4.52</ymax>
        </bndbox>
    </object>
    <object>
        <name>1</name>
        <bndbox>
            <xmin>40.82</xmin>
            <ymin>207.58</ymin>
            <xmax>51.93</xmax>
            <ymax>218.69</ymax>
        </bndbox>
    </object>
    <object>
        <name>1</name>
        <bndbox>
            <xmin>48.35</xmin>
            <ymin>198.01</ymin>
            <xmax>59.46</xmax>
            <ymax>209.12</ymax>
        </bndbox>
    </object>
    <object>
        <name>1</name>
        <bndbox>
            <xmin>54.27</xmin>
            <ymin>186.47</ymin>
            <xmax>65.38</xmax>
            <ymax>197.58</ymax>
        </bndbox>
    </object>
    <object>
        <name>1</name>
        <bndbox>
            <xmin>60.87</xmin>
            <ymin>175.91</ymin>
            <xmax>71.98</xmax>
            <ymax>187.02</ymax>
        </bndbox>
    </object>
    <object>
        <name>1</name>
        <bndbox>
            <xmin>70.54</xmin>
            <ymin>166.89</ymin>
            <xmax>81.65</xmax>
            <ymax>178.00</ymax>
        </bndbox>
    </object>
    <object>
        <name>1</name>
        <bndbox>
            <xmin>81.92</xmin>
            <ymin>150.02</ymin>
            <xmax>93.03</xmax>
            <ymax>161.13</ymax>
        </bndbox>
    </object>
    <object>
        <name>1</name>
        <bndbox>
            <xmin>88.48</xmin>
            <ymin>140.66</ymin>
            <xmax>99.59</xmax>
            <ymax>151.77</ymax>
        </bndbox>
    </object>
    <object>
        <name>1</name>
        <bndbox>
            <xmin>96.09</xmin>
            <ymin>128.93</ymin>
            <xmax>107.20</xmax>
            <ymax>140.04</ymax>
        </bndbox>
    </object>
    <object>
        <name>1</name>
        <bndbox>
            <xmin>105.04</xmin>
            <ymin>119.65</ymin>
            <xmax>116.16</xmax>
            <ymax>130.76</ymax>
        </bndbox>
    </object>
    <object>
        <name>1</name>
        <bndbox>
            <xmin>108.74</xmin>
            <ymin>109.95</ymin>
            <xmax>119.85</xmax>
            <ymax>121.06</ymax>
        </bndbox>
    </object>
    <object>
        <name>1</name>
        <bndbox>
            <xmin>114.18</xmin>
            <ymin>98.39</ymin>
            <xmax>125.29</xmax>
            <ymax>109.50</ymax>
        </bndbox>
    </object>
    <object>
        <name>1</name>
        <bndbox>
            <xmin>123.41</xmin>
            <ymin>88.16</ymin>
            <xmax>134.52</xmax>
            <ymax>99.27</ymax>
        </bndbox>
    </object>
    <object>
        <name>1</name>
        <bndbox>
            <xmin>127.37</xmin>
            <ymin>77.75</ymin>
            <xmax>138.48</xmax>
            <ymax>88.86</ymax>
        </bndbox>
    </object>
    <object>
        <name>1</name>
        <bndbox>
            <xmin>143.64</xmin>
            <ymin>113.09</ymin>
            <xmax>154.76</xmax>
            <ymax>124.20</ymax>
        </bndbox>
    </object>
    <object>
        <name>1</name>
        <bndbox>
            <xmin>137.07</xmin>
            <ymin>122.93</ymin>
            <xmax>148.18</xmax>
            <ymax>134.04</ymax>
        </bndbox>
    </object>
    <object>
        <name>1</name>
        <bndbox>
            <xmin>128.38</xmin>
            <ymin>131.26</ymin>
            <xmax>139.49</xmax>
            <ymax>142.37</ymax>
        </bndbox>
    </object>
    <object>
        <name>1</name>
        <bndbox>
            <xmin>120.10</xmin>
            <ymin>141.76</ymin>
            <xmax>131.21</xmax>
            <ymax>152.87</ymax>
        </bndbox>
    </object>
    <object>
        <name>1</name>
        <bndbox>
            <xmin>114.26</xmin>
            <ymin>151.15</ymin>
            <xmax>125.37</xmax>
            <ymax>162.26</ymax>
        </bndbox>
    </object>
    <object>
        <name>1</name>
        <bndbox>
            <xmin>107.85</xmin>
            <ymin>162.92</ymin>
            <xmax>118.96</xmax>
            <ymax>174.03</ymax>
        </bndbox>
    </object>
    <object>
        <name>1</name>
        <bndbox>
            <xmin>102.58</xmin>
            <ymin>176.40</ymin>
            <xmax>113.69</xmax>
            <ymax>187.51</ymax>
        </bndbox>
    </object>
    <object>
        <name>1</name>
        <bndbox>
            <xmin>163.98</xmin>
            <ymin>190.06</ymin>
            <xmax>175.09</xmax>
            <ymax>201.17</ymax>
        </bndbox>
    </object>
    <object>
        <name>1</name>
        <bndbox>
            <xmin>173.42</xmin>
            <ymin>180.56</ymin>
            <xmax>184.53</xmax>
            <ymax>191.67</ymax>
        </bndbox>
    </object>
    <object>
        <name>1</name>
        <bndbox>
            <xmin>180.00</xmin>
            <ymin>170.71</ymin>
            <xmax>191.11</xmax>
            <ymax>181.82</ymax>
        </bndbox>
    </object>
    <object>
        <name>1</name>
        <bndbox>
            <xmin>187.13</xmin>
            <ymin>158.97</ymin>
            <xmax>198.24</xmax>
            <ymax>170.08</ymax>
        </bndbox>
    </object>
    <object>
        <name>1</name>
        <bndbox>
            <xmin>193.67</xmin>
            <ymin>150.09</ymin>
            <xmax>204.78</xmax>
            <ymax>161.20</ymax>
        </bndbox>
    </object>
    <object>
        <name>1</name>
        <bndbox>
            <xmin>201.23</xmin>
            <ymin>139.56</ymin>
            <xmax>212.35</xmax>
            <ymax>150.67</ymax>
        </bndbox>
    </object>
    <object>
        <name>1</name>
        <bndbox>
            <xmin>160.98</xmin>
            <ymin>200.50</ymin>
            <xmax>172.09</xmax>
            <ymax>211.62</ymax>
        </bndbox>
    </object>
    <object>
        <name>1</name>
        <bndbox>
            <xmin>151.97</xmin>
            <ymin>211.22</ymin>
            <xmax>163.08</xmax>
            <ymax>222.33</ymax>
        </bndbox>
    </object>
    <object>
        <name>1</name>
        <bndbox>
            <xmin>221.08</xmin>
            <ymin>16.39</ymin>
            <xmax>224.00</xmax>
            <ymax>26.16</ymax>
        </bndbox>
    </object>
    <object>
        <name>1</name>
        <bndbox>
            <xmin>204.08</xmin>
            <ymin>39.59</ymin>
            <xmax>215.19</xmax>
            <ymax>50.70</ymax>
        </bndbox>
    </object>
    <object>
        <name>1</name>
        <bndbox>
            <xmin>198.19</xmin>
            <ymin>45.72</ymin>
            <xmax>209.30</xmax>
            <ymax>56.83</ymax>
        </bndbox>
    </object>
    <object>
        <name>1</name>
        <bndbox>
            <xmin>175.16</xmin>
            <ymin>29.41</ymin>
            <xmax>186.27</xmax>
            <ymax>40.52</ymax>
        </bndbox>
    </object>
    <object>
        <name>1</name>
        <bndbox>
            <xmin>189.00</xmin>
            <ymin>8.48</ymin>
            <xmax>200.11</xmax>
            <ymax>19.59</ymax>
        </bndbox>
    </object>
    <object>
        <name>1</name>
        <bndbox>
            <xmin>202.00</xmin>
            <ymin>140.39</ymin>
            <xmax>213.11</xmax>
            <ymax>151.50</ymax>
        </bndbox>
    </object>
    <object>
        <name>1</name>
        <bndbox>
            <xmin>187.96</xmin>
            <ymin>159.83</ymin>
            <xmax>199.07</xmax>
            <ymax>170.95</ymax>
        </bndbox>
    </object>
    <object>
        <name>1</name>
        <bndbox>
            <xmin>0.00</xmin>
            <ymin>0.00</ymin>
            <xmax>10.75</xmax>
            <ymax>4.52</ymax>
        </bndbox>
    </object>
    <object>
        <name>1</name>
        <bndbox>
            <xmin>0.00</xmin>
            <ymin>4.36</ymin>
            <xmax>5.50</xmax>
            <ymax>15.47</ymax>
        </bndbox>
    </object>
    <object>
        <name>1</name>
        <bndbox>
            <xmin>15.13</xmin>
            <ymin>138.17</ymin>
            <xmax>26.25</xmax>
            <ymax>149.28</ymax>
        </bndbox>
    </object>
    <object>
        <name>1</name>
        <bndbox>
            <xmin>0.00</xmin>
            <ymin>120.07</ymin>
            <xmax>3.17</xmax>
            <ymax>130.10</ymax>
        </bndbox>
    </object>
    <object>
        <name>1</name>
        <bndbox>
            <xmin>33.07</xmin>
            <ymin>105.42</ymin>
            <xmax>44.18</xmax>
            <ymax>116.53</ymax>
        </bndbox>
    </object>
    <object>
        <name>1</name>
        <bndbox>
            <xmin>26.94</xmin>
            <ymin>115.93</ymin>
            <xmax>38.05</xmax>
            <ymax>127.04</ymax>
        </bndbox>
    </object>
    <object>
        <name>1</name>
        <bndbox>
            <xmin>19.64</xmin>
            <ymin>125.84</ymin>
            <xmax>30.75</xmax>
            <ymax>136.95</ymax>
        </bndbox>
    </object>
    <object>
        <name>1</name>
        <bndbox>
            <xmin>5.59</xmin>
            <ymin>154.13</ymin>
            <xmax>16.71</xmax>
            <ymax>165.24</ymax>
        </bndbox>
    </object>
    <object>
        <name>1</name>
        <bndbox>
            <xmin>0.00</xmin>
            <ymin>164.66</ymin>
            <xmax>5.15</xmax>
            <ymax>175.74</ymax>
        </bndbox>
    </object>
    <object>
        <name>1</name>
        <bndbox>
            <xmin>9.21</xmin>
            <ymin>91.19</ymin>
            <xmax>20.32</xmax>
            <ymax>102.30</ymax>
        </bndbox>
    </object>
    <object>
        <name>1</name>
        <bndbox>
            <xmin>18.73</xmin>
            <ymin>79.83</ymin>
            <xmax>29.84</xmax>
            <ymax>90.94</ymax>
        </bndbox>
    </object>
    <object>
        <name>1</name>
        <bndbox>
            <xmin>26.37</xmin>
            <ymin>69.75</ymin>
            <xmax>37.49</xmax>
            <ymax>80.86</ymax>
        </bndbox>
    </object>
    <object>
        <name>1</name>
        <bndbox>
            <xmin>41.58</xmin>
            <ymin>95.00</ymin>
            <xmax>52.69</xmax>
            <ymax>106.11</ymax>
        </bndbox>
    </object>
    <object>
        <name>1</name>
        <bndbox>
            <xmin>49.13</xmin>
            <ymin>84.76</ymin>
            <xmax>60.24</xmax>
            <ymax>95.87</ymax>
        </bndbox>
    </object>
    <object>
        <name>1</name>
        <bndbox>
            <xmin>32.25</xmin>
            <ymin>58.62</ymin>
            <xmax>43.36</xmax>
            <ymax>69.73</ymax>
        </bndbox>
    </object>
    <object>
        <name>1</name>
        <bndbox>
            <xmin>37.84</xmin>
            <ymin>48.49</ymin>
            <xmax>48.95</xmax>
            <ymax>59.60</ymax>
        </bndbox>
    </object>
    <object>
        <name>1</name>
        <bndbox>
            <xmin>45.09</xmin>
            <ymin>38.24</ymin>
            <xmax>56.20</xmax>
            <ymax>49.35</ymax>
        </bndbox>
    </object>
    <object>
        <name>1</name>
        <bndbox>
            <xmin>53.06</xmin>
            <ymin>29.04</ymin>
            <xmax>64.17</xmax>
            <ymax>40.15</ymax>
        </bndbox>
    </object>
    <object>
        <name>1</name>
        <bndbox>
            <xmin>58.77</xmin>
            <ymin>19.15</ymin>
            <xmax>69.88</xmax>
            <ymax>30.26</ymax>
        </bndbox>
    </object>
    <object>
        <name>1</name>
        <bndbox>
            <xmin>65.29</xmin>
            <ymin>7.52</ymin>
            <xmax>76.40</xmax>
            <ymax>18.63</ymax>
        </bndbox>
    </object>
    <object>
        <name>1</name>
        <bndbox>
            <xmin>89.75</xmin>
            <ymin>24.50</ymin>
            <xmax>100.86</xmax>
            <ymax>35.61</ymax>
        </bndbox>
    </object>
    <object>
        <name>1</name>
        <bndbox>
            <xmin>83.65</xmin>
            <ymin>33.89</ymin>
            <xmax>94.76</xmax>
            <ymax>45.01</ymax>
        </bndbox>
    </object>
    <object>
        <name>1</name>
        <bndbox>
            <xmin>41.86</xmin>
            <ymin>208.49</ymin>
            <xmax>52.97</xmax>
            <ymax>219.61</ymax>
        </bndbox>
    </object>
    <object>
        <name>1</name>
        <bndbox>
            <xmin>49.41</xmin>
            <ymin>198.71</ymin>
            <xmax>60.52</xmax>
            <ymax>209.82</ymax>
        </bndbox>
    </object>
    <object>
        <name>1</name>
        <bndbox>
            <xmin>55.68</xmin>
            <ymin>187.37</ymin>
            <xmax>66.79</xmax>
            <ymax>198.48</ymax>
        </bndbox>
    </object>
    <object>
        <name>1</name>
        <bndbox>
            <xmin>62.59</xmin>
            <ymin>176.42</ymin>
            <xmax>73.71</xmax>
            <ymax>187.53</ymax>
        </bndbox>
    </object>
    <object>
        <name>1</name>
        <bndbox>
            <xmin>69.74</xmin>
            <ymin>165.45</ymin>
            <xmax>80.85</xmax>
            <ymax>176.56</ymax>
        </bndbox>
    </object>
    <object>
        <name>1</name>
        <bndbox>
            <xmin>82.20</xmin>
            <ymin>150.44</ymin>
            <xmax>93.31</xmax>
            <ymax>161.55</ymax>
        </bndbox>
    </object>
    <object>
        <name>1</name>
        <bndbox>
            <xmin>89.14</xmin>
            <ymin>140.62</ymin>
            <xmax>100.25</xmax>
            <ymax>151.73</ymax>
        </bndbox>
    </object>
    <object>
        <name>1</name>
        <bndbox>
            <xmin>97.40</xmin>
            <ymin>129.91</ymin>
            <xmax>108.51</xmax>
            <ymax>141.02</ymax>
        </bndbox>
    </object>
    <object>
        <name>1</name>
        <bndbox>
            <xmin>105.55</xmin>
            <ymin>120.56</ymin>
            <xmax>116.66</xmax>
            <ymax>131.67</ymax>
        </bndbox>
    </object>
    <object>
        <name>1</name>
        <bndbox>
            <xmin>108.92</xmin>
            <ymin>108.61</ymin>
            <xmax>120.03</xmax>
            <ymax>119.72</ymax>
        </bndbox>
    </object>
    <object>
        <name>1</name>
        <bndbox>
            <xmin>116.65</xmin>
            <ymin>98.08</ymin>
            <xmax>127.76</xmax>
            <ymax>109.20</ymax>
        </bndbox>
    </object>
    <object>
        <name>1</name>
        <bndbox>
            <xmin>124.80</xmin>
            <ymin>89.19</ymin>
            <xmax>135.91</xmax>
            <ymax>100.30</ymax>
        </bndbox>
    </object>
    <object>
        <name>1</name>
        <bndbox>
            <xmin>136.70</xmin>
            <ymin>122.70</ymin>
            <xmax>147.81</xmax>
            <ymax>133.81</ymax>
        </bndbox>
    </object>
    <object>
        <name>1</name>
        <bndbox>
            <xmin>126.95</xmin>
            <ymin>131.06</ymin>
            <xmax>138.06</xmax>
            <ymax>142.17</ymax>
        </bndbox>
    </object>
    <object>
        <name>1</name>
        <bndbox>
            <xmin>114.21</xmin>
            <ymin>151.61</ymin>
            <xmax>125.32</xmax>
            <ymax>162.72</ymax>
        </bndbox>
    </object>
    <object>
        <name>1</name>
        <bndbox>
            <xmin>107.26</xmin>
            <ymin>162.84</ymin>
            <xmax>118.37</xmax>
            <ymax>173.95</ymax>
        </bndbox>
    </object>
    <object>
        <name>1</name>
        <bndbox>
            <xmin>101.65</xmin>
            <ymin>174.43</ymin>
            <xmax>112.77</xmax>
            <ymax>185.54</ymax>
        </bndbox>
    </object>
    <object>
        <name>1</name>
        <bndbox>
            <xmin>129.90</xmin>
            <ymin>79.09</ymin>
            <xmax>141.02</xmax>
            <ymax>90.20</ymax>
        </bndbox>
    </object>
    <object>
        <name>1</name>
        <bndbox>
            <xmin>180.84</xmin>
            <ymin>170.49</ymin>
            <xmax>191.95</xmax>
            <ymax>181.60</ymax>
        </bndbox>
    </object>
    <object>
        <name>1</name>
        <bndbox>
            <xmin>173.75</xmin>
            <ymin>180.96</ymin>
            <xmax>184.86</xmax>
            <ymax>192.07</ymax>
        </bndbox>
    </object>
    <object>
        <name>1</name>
        <bndbox>
            <xmin>166.16</xmin>
            <ymin>190.93</ymin>
            <xmax>177.27</xmax>
            <ymax>202.04</ymax>
        </bndbox>
    </object>
    <object>
        <name>1</name>
        <bndbox>
            <xmin>160.62</xmin>
            <ymin>201.13</ymin>
            <xmax>171.73</xmax>
            <ymax>212.24</ymax>
        </bndbox>
    </object>
    <object>
        <name>1</name>
        <bndbox>
            <xmin>151.96</xmin>
            <ymin>210.61</ymin>
            <xmax>163.07</xmax>
            <ymax>221.72</ymax>
        </bndbox>
    </object>
    <object>
        <name>1</name>
        <bndbox>
            <xmin>143.96</xmin>
            <ymin>220.95</ymin>
            <xmax>153.87</xmax>
            <ymax>224.00</ymax>
        </bndbox>
    </object>
</annotation>
