<?xml version="1.0"?>
<annotation>
    <filename>000000162.jpg</filename>
    <source>
        <annotation>ArcGIS Pro 2.1</annotation>
    </source>
    <size>
        <width>224</width>
        <height>224</height>
        <depth>3</depth>
    </size>
    <object>
        <name>2</name>
        <bndbox>
            <xmin>96.43</xmin>
            <ymin>24.30</ymin>
            <xmax>140.88</xmax>
            <ymax>68.74</ymax>
        </bndbox>
    </object>
    <object>
        <name>2</name>
        <bndbox>
            <xmin>163.06</xmin>
            <ymin>161.98</ymin>
            <xmax>207.50</xmax>
            <ymax>206.43</ymax>
        </bndbox>
    </object>
    <object>
        <name>1</name>
        <bndbox>
            <xmin>65.79</xmin>
            <ymin>184.59</ymin>
            <xmax>76.90</xmax>
            <ymax>195.70</ymax>
        </bndbox>
    </object>
    <object>
        <name>1</name>
        <bndbox>
            <xmin>51.80</xmin>
            <ymin>199.59</ymin>
            <xmax>62.91</xmax>
            <ymax>210.70</ymax>
        </bndbox>
    </object>
</annotation>
