<?xml version="1.0"?>
<annotation>
    <filename>000001112.jpg</filename>
    <source>
        <annotation>ArcGIS Pro 2.1</annotation>
    </source>
    <size>
        <width>224</width>
        <height>224</height>
        <depth>3</depth>
    </size>
    <object>
        <name>2</name>
        <bndbox>
            <xmin>216.41</xmin>
            <ymin>9.77</ymin>
            <xmax>224.00</xmax>
            <ymax>43.22</ymax>
        </bndbox>
    </object>
    <object>
        <name>1</name>
        <bndbox>
            <xmin>87.09</xmin>
            <ymin>79.51</ymin>
            <xmax>98.20</xmax>
            <ymax>90.62</ymax>
        </bndbox>
    </object>
</annotation>
