<?xml version="1.0"?>
<annotation>
    <filename>000000372.jpg</filename>
    <source>
        <annotation>ArcGIS Pro 2.1</annotation>
    </source>
    <size>
        <width>224</width>
        <height>224</height>
        <depth>3</depth>
    </size>
    <object>
        <name>1</name>
        <bndbox>
            <xmin>31.93</xmin>
            <ymin>22.00</ymin>
            <xmax>43.04</xmax>
            <ymax>33.11</ymax>
        </bndbox>
    </object>
    <object>
        <name>1</name>
        <bndbox>
            <xmin>42.44</xmin>
            <ymin>15.10</ymin>
            <xmax>53.55</xmax>
            <ymax>26.21</ymax>
        </bndbox>
    </object>
    <object>
        <name>1</name>
        <bndbox>
            <xmin>106.69</xmin>
            <ymin>96.76</ymin>
            <xmax>117.80</xmax>
            <ymax>107.87</ymax>
        </bndbox>
    </object>
    <object>
        <name>1</name>
        <bndbox>
            <xmin>183.58</xmin>
            <ymin>70.63</ymin>
            <xmax>194.70</xmax>
            <ymax>81.75</ymax>
        </bndbox>
    </object>
    <object>
        <name>1</name>
        <bndbox>
            <xmin>208.56</xmin>
            <ymin>56.17</ymin>
            <xmax>219.67</xmax>
            <ymax>67.29</ymax>
        </bndbox>
    </object>
</annotation>
