<?xml version="1.0"?>
<annotation>
    <filename>000001934.jpg</filename>
    <source>
        <annotation>ArcGIS Pro 2.1</annotation>
    </source>
    <size>
        <width>224</width>
        <height>224</height>
        <depth>3</depth>
    </size>
    <object>
        <name>1</name>
        <bndbox>
            <xmin>35.27</xmin>
            <ymin>151.11</ymin>
            <xmax>46.38</xmax>
            <ymax>162.22</ymax>
        </bndbox>
    </object>
    <object>
        <name>1</name>
        <bndbox>
            <xmin>114.14</xmin>
            <ymin>170.13</ymin>
            <xmax>125.25</xmax>
            <ymax>181.24</ymax>
        </bndbox>
    </object>
    <object>
        <name>1</name>
        <bndbox>
            <xmin>40.40</xmin>
            <ymin>212.24</ymin>
            <xmax>51.51</xmax>
            <ymax>223.35</ymax>
        </bndbox>
    </object>
    <object>
        <name>1</name>
        <bndbox>
            <xmin>54.72</xmin>
            <ymin>210.10</ymin>
            <xmax>65.83</xmax>
            <ymax>221.21</ymax>
        </bndbox>
    </object>
</annotation>
