<?xml version="1.0"?>
<annotation>
    <filename>000002750.jpg</filename>
    <source>
        <annotation>ArcGIS Pro 2.1</annotation>
    </source>
    <size>
        <width>224</width>
        <height>224</height>
        <depth>3</depth>
    </size>
    <object>
        <name>2</name>
        <bndbox>
            <xmin>0.00</xmin>
            <ymin>220.14</ymin>
            <xmax>20.82</xmax>
            <ymax>224.00</ymax>
        </bndbox>
    </object>
    <object>
        <name>1</name>
        <bndbox>
            <xmin>99.75</xmin>
            <ymin>186.91</ymin>
            <xmax>110.86</xmax>
            <ymax>198.02</ymax>
        </bndbox>
    </object>
    <object>
        <name>1</name>
        <bndbox>
            <xmin>215.97</xmin>
            <ymin>156.16</ymin>
            <xmax>224.00</xmax>
            <ymax>167.27</ymax>
        </bndbox>
    </object>
</annotation>
