<?xml version="1.0"?>
<annotation>
    <filename>000000421.jpg</filename>
    <source>
        <annotation>ArcGIS Pro 2.1</annotation>
    </source>
    <size>
        <width>224</width>
        <height>224</height>
        <depth>3</depth>
    </size>
    <object>
        <name>1</name>
        <bndbox>
            <xmin>54.98</xmin>
            <ymin>13.44</ymin>
            <xmax>66.09</xmax>
            <ymax>24.55</ymax>
        </bndbox>
    </object>
    <object>
        <name>1</name>
        <bndbox>
            <xmin>183.02</xmin>
            <ymin>73.41</ymin>
            <xmax>194.13</xmax>
            <ymax>84.52</ymax>
        </bndbox>
    </object>
    <object>
        <name>1</name>
        <bndbox>
            <xmin>102.47</xmin>
            <ymin>95.45</ymin>
            <xmax>113.58</xmax>
            <ymax>106.56</ymax>
        </bndbox>
    </object>
    <object>
        <name>1</name>
        <bndbox>
            <xmin>169.25</xmin>
            <ymin>9.22</ymin>
            <xmax>180.36</xmax>
            <ymax>20.33</ymax>
        </bndbox>
    </object>
</annotation>
