<?xml version="1.0"?>
<annotation>
    <filename>000003052.jpg</filename>
    <source>
        <annotation>ArcGIS Pro 2.1</annotation>
    </source>
    <size>
        <width>224</width>
        <height>224</height>
        <depth>3</depth>
    </size>
    <object>
        <name>2</name>
        <bndbox>
            <xmin>0.00</xmin>
            <ymin>137.89</ymin>
            <xmax>42.58</xmax>
            <ymax>182.33</ymax>
        </bndbox>
    </object>
    <object>
        <name>1</name>
        <bndbox>
            <xmin>138.93</xmin>
            <ymin>122.58</ymin>
            <xmax>150.04</xmax>
            <ymax>133.69</ymax>
        </bndbox>
    </object>
    <object>
        <name>1</name>
        <bndbox>
            <xmin>171.84</xmin>
            <ymin>9.82</ymin>
            <xmax>182.95</xmax>
            <ymax>20.94</ymax>
        </bndbox>
    </object>
</annotation>
