<?xml version="1.0"?>
<annotation>
    <filename>000000579.jpg</filename>
    <source>
        <annotation>ArcGIS Pro 2.1</annotation>
    </source>
    <size>
        <width>224</width>
        <height>224</height>
        <depth>3</depth>
    </size>
    <object>
        <name>1</name>
        <bndbox>
            <xmin>137.78</xmin>
            <ymin>144.46</ymin>
            <xmax>148.89</xmax>
            <ymax>155.57</ymax>
        </bndbox>
    </object>
</annotation>
