<?xml version="1.0"?>
<annotation>
    <filename>000001515.jpg</filename>
    <source>
        <annotation>ArcGIS Pro 2.1</annotation>
    </source>
    <size>
        <width>224</width>
        <height>224</height>
        <depth>3</depth>
    </size>
    <object>
        <name>2</name>
        <bndbox>
            <xmin>102.55</xmin>
            <ymin>0.00</ymin>
            <xmax>146.99</xmax>
            <ymax>34.18</ymax>
        </bndbox>
    </object>
    <object>
        <name>2</name>
        <bndbox>
            <xmin>185.83</xmin>
            <ymin>81.69</ymin>
            <xmax>224.00</xmax>
            <ymax>126.13</ymax>
        </bndbox>
    </object>
    <object>
        <name>1</name>
        <bndbox>
            <xmin>38.28</xmin>
            <ymin>10.27</ymin>
            <xmax>49.39</xmax>
            <ymax>21.38</ymax>
        </bndbox>
    </object>
    <object>
        <name>1</name>
        <bndbox>
            <xmin>37.48</xmin>
            <ymin>189.65</ymin>
            <xmax>48.59</xmax>
            <ymax>200.76</ymax>
        </bndbox>
    </object>
    <object>
        <name>1</name>
        <bndbox>
            <xmin>2.58</xmin>
            <ymin>0.00</ymin>
            <xmax>9.68</xmax>
            <ymax>1.28</ymax>
        </bndbox>
    </object>
</annotation>
