<?xml version="1.0"?>
<annotation>
    <filename>000000732.jpg</filename>
    <source>
        <annotation>ArcGIS Pro 2.1</annotation>
    </source>
    <size>
        <width>224</width>
        <height>224</height>
        <depth>3</depth>
    </size>
    <object>
        <name>1</name>
        <bndbox>
            <xmin>0.46</xmin>
            <ymin>135.40</ymin>
            <xmax>11.57</xmax>
            <ymax>146.51</ymax>
        </bndbox>
    </object>
    <object>
        <name>1</name>
        <bndbox>
            <xmin>92.15</xmin>
            <ymin>57.62</ymin>
            <xmax>103.26</xmax>
            <ymax>68.73</ymax>
        </bndbox>
    </object>
    <object>
        <name>1</name>
        <bndbox>
            <xmin>152.14</xmin>
            <ymin>23.21</ymin>
            <xmax>163.25</xmax>
            <ymax>34.32</ymax>
        </bndbox>
    </object>
</annotation>
