<?xml version="1.0"?>
<annotation>
    <filename>000003045.jpg</filename>
    <source>
        <annotation>ArcGIS Pro 2.1</annotation>
    </source>
    <size>
        <width>224</width>
        <height>224</height>
        <depth>3</depth>
    </size>
    <object>
        <name>2</name>
        <bndbox>
            <xmin>0.00</xmin>
            <ymin>82.42</ymin>
            <xmax>17.27</xmax>
            <ymax>125.75</ymax>
        </bndbox>
    </object>
    <object>
        <name>1</name>
        <bndbox>
            <xmin>188.79</xmin>
            <ymin>213.84</ymin>
            <xmax>199.90</xmax>
            <ymax>224.00</ymax>
        </bndbox>
    </object>
    <object>
        <name>1</name>
        <bndbox>
            <xmin>208.42</xmin>
            <ymin>147.49</ymin>
            <xmax>219.54</xmax>
            <ymax>158.60</ymax>
        </bndbox>
    </object>
    <object>
        <name>1</name>
        <bndbox>
            <xmin>59.50</xmin>
            <ymin>109.71</ymin>
            <xmax>70.62</xmax>
            <ymax>120.82</ymax>
        </bndbox>
    </object>
    <object>
        <name>1</name>
        <bndbox>
            <xmin>56.11</xmin>
            <ymin>124.50</ymin>
            <xmax>67.22</xmax>
            <ymax>135.61</ymax>
        </bndbox>
    </object>
</annotation>
