<?xml version="1.0"?>
<annotation>
    <filename>000001597.jpg</filename>
    <source>
        <annotation>ArcGIS Pro 2.1</annotation>
    </source>
    <size>
        <width>224</width>
        <height>224</height>
        <depth>3</depth>
    </size>
    <object>
        <name>1</name>
        <bndbox>
            <xmin>0.00</xmin>
            <ymin>137.87</ymin>
            <xmax>7.35</xmax>
            <ymax>148.98</ymax>
        </bndbox>
    </object>
    <object>
        <name>1</name>
        <bndbox>
            <xmin>172.74</xmin>
            <ymin>186.91</ymin>
            <xmax>183.85</xmax>
            <ymax>198.02</ymax>
        </bndbox>
    </object>
    <object>
        <name>1</name>
        <bndbox>
            <xmin>186.49</xmin>
            <ymin>196.91</ymin>
            <xmax>197.60</xmax>
            <ymax>208.02</ymax>
        </bndbox>
    </object>
    <object>
        <name>1</name>
        <bndbox>
            <xmin>195.49</xmin>
            <ymin>210.91</ymin>
            <xmax>206.60</xmax>
            <ymax>222.02</ymax>
        </bndbox>
    </object>
</annotation>
