<?xml version="1.0"?>
<annotation>
    <filename>000002477.jpg</filename>
    <source>
        <annotation>ArcGIS Pro 2.1</annotation>
    </source>
    <size>
        <width>224</width>
        <height>224</height>
        <depth>3</depth>
    </size>
    <object>
        <name>2</name>
        <bndbox>
            <xmin>201.47</xmin>
            <ymin>83.60</ymin>
            <xmax>224.00</xmax>
            <ymax>128.04</ymax>
        </bndbox>
    </object>
    <object>
        <name>2</name>
        <bndbox>
            <xmin>218.82</xmin>
            <ymin>202.60</ymin>
            <xmax>224.00</xmax>
            <ymax>224.00</ymax>
        </bndbox>
    </object>
    <object>
        <name>1</name>
        <bndbox>
            <xmin>116.33</xmin>
            <ymin>190.00</ymin>
            <xmax>127.44</xmax>
            <ymax>201.11</ymax>
        </bndbox>
    </object>
    <object>
        <name>1</name>
        <bndbox>
            <xmin>31.67</xmin>
            <ymin>223.46</ymin>
            <xmax>36.43</xmax>
            <ymax>224.00</ymax>
        </bndbox>
    </object>
</annotation>
