<?xml version="1.0"?>
<annotation>
    <filename>000000269.jpg</filename>
    <source>
        <annotation>ArcGIS Pro 2.1</annotation>
    </source>
    <size>
        <width>224</width>
        <height>224</height>
        <depth>3</depth>
    </size>
    <object>
        <name>1</name>
        <bndbox>
            <xmin>209.33</xmin>
            <ymin>33.41</ymin>
            <xmax>220.44</xmax>
            <ymax>44.52</ymax>
        </bndbox>
    </object>
    <object>
        <name>1</name>
        <bndbox>
            <xmin>189.17</xmin>
            <ymin>191.46</ymin>
            <xmax>200.29</xmax>
            <ymax>202.57</ymax>
        </bndbox>
    </object>
</annotation>
