<?xml version="1.0"?>
<annotation>
    <filename>000000972.jpg</filename>
    <source>
        <annotation>ArcGIS Pro 2.1</annotation>
    </source>
    <size>
        <width>224</width>
        <height>224</height>
        <depth>3</depth>
    </size>
    <object>
        <name>2</name>
        <bndbox>
            <xmin>183.43</xmin>
            <ymin>163.88</ymin>
            <xmax>224.00</xmax>
            <ymax>208.32</ymax>
        </bndbox>
    </object>
</annotation>
