<?xml version="1.0"?>
<annotation>
    <filename>000002541.jpg</filename>
    <source>
        <annotation>ArcGIS Pro 2.1</annotation>
    </source>
    <size>
        <width>224</width>
        <height>224</height>
        <depth>3</depth>
    </size>
    <object>
        <name>1</name>
        <bndbox>
            <xmin>16.11</xmin>
            <ymin>91.97</ymin>
            <xmax>27.22</xmax>
            <ymax>103.09</ymax>
        </bndbox>
    </object>
    <object>
        <name>1</name>
        <bndbox>
            <xmin>142.26</xmin>
            <ymin>191.59</ymin>
            <xmax>153.37</xmax>
            <ymax>202.70</ymax>
        </bndbox>
    </object>
</annotation>
