<?xml version="1.0"?>
<annotation>
    <filename>000000644.jpg</filename>
    <source>
        <annotation>ArcGIS Pro 2.1</annotation>
    </source>
    <size>
        <width>224</width>
        <height>224</height>
        <depth>3</depth>
    </size>
    <object>
        <name>2</name>
        <bndbox>
            <xmin>14.09</xmin>
            <ymin>33.51</ymin>
            <xmax>58.53</xmax>
            <ymax>77.95</ymax>
        </bndbox>
    </object>
    <object>
        <name>1</name>
        <bndbox>
            <xmin>95.44</xmin>
            <ymin>138.13</ymin>
            <xmax>106.55</xmax>
            <ymax>149.24</ymax>
        </bndbox>
    </object>
    <object>
        <name>1</name>
        <bndbox>
            <xmin>96.25</xmin>
            <ymin>101.78</ymin>
            <xmax>107.36</xmax>
            <ymax>112.89</ymax>
        </bndbox>
    </object>
    <object>
        <name>1</name>
        <bndbox>
            <xmin>146.77</xmin>
            <ymin>157.00</ymin>
            <xmax>157.88</xmax>
            <ymax>168.11</ymax>
        </bndbox>
    </object>
</annotation>
