<?xml version="1.0"?>
<annotation>
    <filename>000002926.jpg</filename>
    <source>
        <annotation>ArcGIS Pro 2.1</annotation>
    </source>
    <size>
        <width>224</width>
        <height>224</height>
        <depth>3</depth>
    </size>
    <object>
        <name>1</name>
        <bndbox>
            <xmin>126.49</xmin>
            <ymin>192.40</ymin>
            <xmax>137.60</xmax>
            <ymax>203.51</ymax>
        </bndbox>
    </object>
    <object>
        <name>1</name>
        <bndbox>
            <xmin>79.39</xmin>
            <ymin>100.89</ymin>
            <xmax>90.50</xmax>
            <ymax>112.00</ymax>
        </bndbox>
    </object>
    <object>
        <name>1</name>
        <bndbox>
            <xmin>142.69</xmin>
            <ymin>60.24</ymin>
            <xmax>153.80</xmax>
            <ymax>71.35</ymax>
        </bndbox>
    </object>
    <object>
        <name>1</name>
        <bndbox>
            <xmin>180.63</xmin>
            <ymin>33.71</ymin>
            <xmax>191.74</xmax>
            <ymax>44.82</ymax>
        </bndbox>
    </object>
</annotation>
