<?xml version="1.0"?>
<annotation>
    <filename>000001158.jpg</filename>
    <source>
        <annotation>ArcGIS Pro 2.1</annotation>
    </source>
    <size>
        <width>224</width>
        <height>224</height>
        <depth>3</depth>
    </size>
    <object>
        <name>1</name>
        <bndbox>
            <xmin>136.32</xmin>
            <ymin>0.00</ymin>
            <xmax>147.42</xmax>
            <ymax>7.69</ymax>
        </bndbox>
    </object>
    <object>
        <name>1</name>
        <bndbox>
            <xmin>48.35</xmin>
            <ymin>76.11</ymin>
            <xmax>59.47</xmax>
            <ymax>87.22</ymax>
        </bndbox>
    </object>
</annotation>
