<?xml version="1.0"?>
<annotation>
    <filename>000003613.jpg</filename>
    <source>
        <annotation>ArcGIS Pro 2.1</annotation>
    </source>
    <size>
        <width>224</width>
        <height>224</height>
        <depth>3</depth>
    </size>
    <object>
        <name>1</name>
        <bndbox>
            <xmin>222.31</xmin>
            <ymin>159.85</ymin>
            <xmax>224.00</xmax>
            <ymax>167.84</ymax>
        </bndbox>
    </object>
    <object>
        <name>1</name>
        <bndbox>
            <xmin>213.18</xmin>
            <ymin>123.03</ymin>
            <xmax>224.00</xmax>
            <ymax>134.14</ymax>
        </bndbox>
    </object>
    <object>
        <name>1</name>
        <bndbox>
            <xmin>195.64</xmin>
            <ymin>199.00</ymin>
            <xmax>206.75</xmax>
            <ymax>210.11</ymax>
        </bndbox>
    </object>
    <object>
        <name>1</name>
        <bndbox>
            <xmin>170.69</xmin>
            <ymin>176.55</ymin>
            <xmax>181.80</xmax>
            <ymax>187.66</ymax>
        </bndbox>
    </object>
    <object>
        <name>1</name>
        <bndbox>
            <xmin>194.11</xmin>
            <ymin>147.16</ymin>
            <xmax>205.22</xmax>
            <ymax>158.28</ymax>
        </bndbox>
    </object>
    <object>
        <name>1</name>
        <bndbox>
            <xmin>202.49</xmin>
            <ymin>136.33</ymin>
            <xmax>213.61</xmax>
            <ymax>147.45</ymax>
        </bndbox>
    </object>
    <object>
        <name>1</name>
        <bndbox>
            <xmin>221.66</xmin>
            <ymin>113.07</ymin>
            <xmax>224.00</xmax>
            <ymax>122.14</ymax>
        </bndbox>
    </object>
    <object>
        <name>1</name>
        <bndbox>
            <xmin>186.04</xmin>
            <ymin>157.05</ymin>
            <xmax>197.15</xmax>
            <ymax>168.17</ymax>
        </bndbox>
    </object>
    <object>
        <name>1</name>
        <bndbox>
            <xmin>222.85</xmin>
            <ymin>161.60</ymin>
            <xmax>224.00</xmax>
            <ymax>168.37</ymax>
        </bndbox>
    </object>
    <object>
        <name>1</name>
        <bndbox>
            <xmin>188.19</xmin>
            <ymin>209.90</ymin>
            <xmax>199.30</xmax>
            <ymax>221.02</ymax>
        </bndbox>
    </object>
    <object>
        <name>1</name>
        <bndbox>
            <xmin>178.55</xmin>
            <ymin>218.01</ymin>
            <xmax>189.65</xmax>
            <ymax>224.00</ymax>
        </bndbox>
    </object>
    <object>
        <name>1</name>
        <bndbox>
            <xmin>172.29</xmin>
            <ymin>177.35</ymin>
            <xmax>183.40</xmax>
            <ymax>188.47</ymax>
        </bndbox>
    </object>
    <object>
        <name>1</name>
        <bndbox>
            <xmin>187.26</xmin>
            <ymin>157.62</ymin>
            <xmax>198.37</xmax>
            <ymax>168.73</ymax>
        </bndbox>
    </object>
    <object>
        <name>1</name>
        <bndbox>
            <xmin>195.31</xmin>
            <ymin>148.15</ymin>
            <xmax>206.42</xmax>
            <ymax>159.26</ymax>
        </bndbox>
    </object>
    <object>
        <name>1</name>
        <bndbox>
            <xmin>222.70</xmin>
            <ymin>114.37</ymin>
            <xmax>224.00</xmax>
            <ymax>121.52</ymax>
        </bndbox>
    </object>
    <object>
        <name>1</name>
        <bndbox>
            <xmin>203.86</xmin>
            <ymin>137.48</ymin>
            <xmax>214.98</xmax>
            <ymax>148.59</ymax>
        </bndbox>
    </object>
    <object>
        <name>1</name>
        <bndbox>
            <xmin>214.57</xmin>
            <ymin>168.41</ymin>
            <xmax>224.00</xmax>
            <ymax>179.52</ymax>
        </bndbox>
    </object>
    <object>
        <name>1</name>
        <bndbox>
            <xmin>180.01</xmin>
            <ymin>168.34</ymin>
            <xmax>191.12</xmax>
            <ymax>179.45</ymax>
        </bndbox>
    </object>
    <object>
        <name>1</name>
        <bndbox>
            <xmin>213.09</xmin>
            <ymin>121.64</ymin>
            <xmax>224.00</xmax>
            <ymax>132.75</ymax>
        </bndbox>
    </object>
    <object>
        <name>1</name>
        <bndbox>
            <xmin>187.17</xmin>
            <ymin>209.31</ymin>
            <xmax>198.28</xmax>
            <ymax>220.42</ymax>
        </bndbox>
    </object>
    <object>
        <name>1</name>
        <bndbox>
            <xmin>178.25</xmin>
            <ymin>218.14</ymin>
            <xmax>189.35</xmax>
            <ymax>224.00</ymax>
        </bndbox>
    </object>
</annotation>
