<?xml version="1.0"?>
<annotation>
    <filename>000002987.jpg</filename>
    <source>
        <annotation>ArcGIS Pro 2.1</annotation>
    </source>
    <size>
        <width>224</width>
        <height>224</height>
        <depth>3</depth>
    </size>
    <object>
        <name>2</name>
        <bndbox>
            <xmin>156.43</xmin>
            <ymin>0.00</ymin>
            <xmax>199.07</xmax>
            <ymax>15.96</ymax>
        </bndbox>
    </object>
    <object>
        <name>1</name>
        <bndbox>
            <xmin>80.30</xmin>
            <ymin>220.49</ymin>
            <xmax>90.62</xmax>
            <ymax>224.00</ymax>
        </bndbox>
    </object>
</annotation>
