<?xml version="1.0"?>
<annotation>
    <filename>000003181.jpg</filename>
    <source>
        <annotation>ArcGIS Pro 2.1</annotation>
    </source>
    <size>
        <width>224</width>
        <height>224</height>
        <depth>3</depth>
    </size>
    <object>
        <name>1</name>
        <bndbox>
            <xmin>202.34</xmin>
            <ymin>128.12</ymin>
            <xmax>213.46</xmax>
            <ymax>139.23</ymax>
        </bndbox>
    </object>
</annotation>
