<?xml version="1.0"?>
<annotation>
    <filename>000000956.jpg</filename>
    <source>
        <annotation>ArcGIS Pro 2.1</annotation>
    </source>
    <size>
        <width>224</width>
        <height>224</height>
        <depth>3</depth>
    </size>
    <object>
        <name>2</name>
        <bndbox>
            <xmin>0.00</xmin>
            <ymin>29.52</ymin>
            <xmax>36.69</xmax>
            <ymax>73.97</ymax>
        </bndbox>
    </object>
    <object>
        <name>1</name>
        <bndbox>
            <xmin>214.40</xmin>
            <ymin>46.00</ymin>
            <xmax>224.00</xmax>
            <ymax>57.11</ymax>
        </bndbox>
    </object>
</annotation>
