<?xml version="1.0"?>
<annotation>
    <filename>000003136.jpg</filename>
    <source>
        <annotation>ArcGIS Pro 2.1</annotation>
    </source>
    <size>
        <width>224</width>
        <height>224</height>
        <depth>3</depth>
    </size>
    <object>
        <name>2</name>
        <bndbox>
            <xmin>148.73</xmin>
            <ymin>218.79</ymin>
            <xmax>177.32</xmax>
            <ymax>224.00</ymax>
        </bndbox>
    </object>
    <object>
        <name>1</name>
        <bndbox>
            <xmin>215.98</xmin>
            <ymin>31.99</ymin>
            <xmax>224.00</xmax>
            <ymax>43.10</ymax>
        </bndbox>
    </object>
    <object>
        <name>1</name>
        <bndbox>
            <xmin>110.09</xmin>
            <ymin>73.63</ymin>
            <xmax>121.20</xmax>
            <ymax>84.74</ymax>
        </bndbox>
    </object>
    <object>
        <name>1</name>
        <bndbox>
            <xmin>176.98</xmin>
            <ymin>36.69</ymin>
            <xmax>188.09</xmax>
            <ymax>47.80</ymax>
        </bndbox>
    </object>
</annotation>
