<?xml version="1.0"?>
<annotation>
    <filename>000003423.jpg</filename>
    <source>
        <annotation>ArcGIS Pro 2.1</annotation>
    </source>
    <size>
        <width>224</width>
        <height>224</height>
        <depth>3</depth>
    </size>
    <object>
        <name>1</name>
        <bndbox>
            <xmin>0.00</xmin>
            <ymin>211.94</ymin>
            <xmax>10.53</xmax>
            <ymax>223.05</ymax>
        </bndbox>
    </object>
    <object>
        <name>1</name>
        <bndbox>
            <xmin>35.99</xmin>
            <ymin>180.42</ymin>
            <xmax>47.10</xmax>
            <ymax>191.53</ymax>
        </bndbox>
    </object>
    <object>
        <name>1</name>
        <bndbox>
            <xmin>26.37</xmin>
            <ymin>188.48</ymin>
            <xmax>37.48</xmax>
            <ymax>199.59</ymax>
        </bndbox>
    </object>
    <object>
        <name>1</name>
        <bndbox>
            <xmin>17.33</xmin>
            <ymin>195.50</ymin>
            <xmax>28.44</xmax>
            <ymax>206.61</ymax>
        </bndbox>
    </object>
    <object>
        <name>1</name>
        <bndbox>
            <xmin>8.67</xmin>
            <ymin>202.93</ymin>
            <xmax>19.78</xmax>
            <ymax>214.04</ymax>
        </bndbox>
    </object>
    <object>
        <name>1</name>
        <bndbox>
            <xmin>88.66</xmin>
            <ymin>145.99</ymin>
            <xmax>99.77</xmax>
            <ymax>157.10</ymax>
        </bndbox>
    </object>
    <object>
        <name>1</name>
        <bndbox>
            <xmin>176.33</xmin>
            <ymin>185.99</ymin>
            <xmax>187.44</xmax>
            <ymax>197.10</ymax>
        </bndbox>
    </object>
    <object>
        <name>1</name>
        <bndbox>
            <xmin>111.93</xmin>
            <ymin>135.47</ymin>
            <xmax>123.04</xmax>
            <ymax>146.58</ymax>
        </bndbox>
    </object>
    <object>
        <name>1</name>
        <bndbox>
            <xmin>154.66</xmin>
            <ymin>152.98</ymin>
            <xmax>165.77</xmax>
            <ymax>164.09</ymax>
        </bndbox>
    </object>
</annotation>
