<?xml version="1.0"?>
<annotation>
    <filename>000000755.jpg</filename>
    <source>
        <annotation>ArcGIS Pro 2.1</annotation>
    </source>
    <size>
        <width>224</width>
        <height>224</height>
        <depth>3</depth>
    </size>
    <object>
        <name>1</name>
        <bndbox>
            <xmin>181.41</xmin>
            <ymin>130.54</ymin>
            <xmax>192.52</xmax>
            <ymax>141.65</ymax>
        </bndbox>
    </object>
    <object>
        <name>1</name>
        <bndbox>
            <xmin>131.37</xmin>
            <ymin>206.04</ymin>
            <xmax>142.48</xmax>
            <ymax>217.15</ymax>
        </bndbox>
    </object>
</annotation>
