<?xml version="1.0"?>
<annotation>
    <filename>000003628.jpg</filename>
    <source>
        <annotation>ArcGIS Pro 2.1</annotation>
    </source>
    <size>
        <width>224</width>
        <height>224</height>
        <depth>3</depth>
    </size>
    <object>
        <name>1</name>
        <bndbox>
            <xmin>189.88</xmin>
            <ymin>101.23</ymin>
            <xmax>200.99</xmax>
            <ymax>112.34</ymax>
        </bndbox>
    </object>
    <object>
        <name>1</name>
        <bndbox>
            <xmin>200.37</xmin>
            <ymin>105.14</ymin>
            <xmax>211.48</xmax>
            <ymax>116.25</ymax>
        </bndbox>
    </object>
    <object>
        <name>1</name>
        <bndbox>
            <xmin>209.34</xmin>
            <ymin>115.59</ymin>
            <xmax>220.45</xmax>
            <ymax>126.70</ymax>
        </bndbox>
    </object>
    <object>
        <name>1</name>
        <bndbox>
            <xmin>82.45</xmin>
            <ymin>200.64</ymin>
            <xmax>93.56</xmax>
            <ymax>211.75</ymax>
        </bndbox>
    </object>
    <object>
        <name>1</name>
        <bndbox>
            <xmin>103.91</xmin>
            <ymin>217.48</ymin>
            <xmax>115.02</xmax>
            <ymax>224.00</ymax>
        </bndbox>
    </object>
    <object>
        <name>1</name>
        <bndbox>
            <xmin>131.27</xmin>
            <ymin>0.00</ymin>
            <xmax>140.43</xmax>
            <ymax>2.41</ymax>
        </bndbox>
    </object>
    <object>
        <name>1</name>
        <bndbox>
            <xmin>124.14</xmin>
            <ymin>0.46</ymin>
            <xmax>135.25</xmax>
            <ymax>11.57</ymax>
        </bndbox>
    </object>
    <object>
        <name>1</name>
        <bndbox>
            <xmin>116.52</xmin>
            <ymin>9.98</ymin>
            <xmax>127.63</xmax>
            <ymax>21.09</ymax>
        </bndbox>
    </object>
    <object>
        <name>1</name>
        <bndbox>
            <xmin>211.95</xmin>
            <ymin>21.16</ymin>
            <xmax>223.07</xmax>
            <ymax>32.27</ymax>
        </bndbox>
    </object>
    <object>
        <name>1</name>
        <bndbox>
            <xmin>190.01</xmin>
            <ymin>100.88</ymin>
            <xmax>201.12</xmax>
            <ymax>111.99</ymax>
        </bndbox>
    </object>
    <object>
        <name>1</name>
        <bndbox>
            <xmin>200.68</xmin>
            <ymin>106.80</ymin>
            <xmax>211.79</xmax>
            <ymax>117.91</ymax>
        </bndbox>
    </object>
    <object>
        <name>1</name>
        <bndbox>
            <xmin>208.92</xmin>
            <ymin>116.43</ymin>
            <xmax>220.04</xmax>
            <ymax>127.54</ymax>
        </bndbox>
    </object>
</annotation>
