<?xml version="1.0"?>
<annotation>
    <filename>000003111.jpg</filename>
    <source>
        <annotation>ArcGIS Pro 2.1</annotation>
    </source>
    <size>
        <width>224</width>
        <height>224</height>
        <depth>3</depth>
    </size>
    <object>
        <name>2</name>
        <bndbox>
            <xmin>160.82</xmin>
            <ymin>153.48</ymin>
            <xmax>205.26</xmax>
            <ymax>197.93</ymax>
        </bndbox>
    </object>
</annotation>
