<?xml version="1.0"?>
<annotation>
    <filename>000000356.jpg</filename>
    <source>
        <annotation>ArcGIS Pro 2.1</annotation>
    </source>
    <size>
        <width>224</width>
        <height>224</height>
        <depth>3</depth>
    </size>
    <object>
        <name>2</name>
        <bndbox>
            <xmin>29.70</xmin>
            <ymin>66.86</ymin>
            <xmax>74.14</xmax>
            <ymax>111.30</ymax>
        </bndbox>
    </object>
    <object>
        <name>1</name>
        <bndbox>
            <xmin>34.37</xmin>
            <ymin>201.48</ymin>
            <xmax>45.48</xmax>
            <ymax>212.59</ymax>
        </bndbox>
    </object>
    <object>
        <name>1</name>
        <bndbox>
            <xmin>46.52</xmin>
            <ymin>195.06</ymin>
            <xmax>57.63</xmax>
            <ymax>206.17</ymax>
        </bndbox>
    </object>
    <object>
        <name>1</name>
        <bndbox>
            <xmin>107.09</xmin>
            <ymin>192.53</ymin>
            <xmax>118.20</xmax>
            <ymax>203.64</ymax>
        </bndbox>
    </object>
    <object>
        <name>1</name>
        <bndbox>
            <xmin>214.91</xmin>
            <ymin>121.88</ymin>
            <xmax>224.00</xmax>
            <ymax>132.99</ymax>
        </bndbox>
    </object>
    <object>
        <name>1</name>
        <bndbox>
            <xmin>144.71</xmin>
            <ymin>111.55</ymin>
            <xmax>155.82</xmax>
            <ymax>122.66</ymax>
        </bndbox>
    </object>
    <object>
        <name>1</name>
        <bndbox>
            <xmin>216.49</xmin>
            <ymin>202.38</ymin>
            <xmax>224.00</xmax>
            <ymax>213.49</ymax>
        </bndbox>
    </object>
</annotation>
