<?xml version="1.0"?>
<annotation>
    <filename>000003451.jpg</filename>
    <source>
        <annotation>ArcGIS Pro 2.1</annotation>
    </source>
    <size>
        <width>224</width>
        <height>224</height>
        <depth>3</depth>
    </size>
    <object>
        <name>2</name>
        <bndbox>
            <xmin>59.14</xmin>
            <ymin>0.00</ymin>
            <xmax>93.73</xmax>
            <ymax>8.27</ymax>
        </bndbox>
    </object>
    <object>
        <name>2</name>
        <bndbox>
            <xmin>0.00</xmin>
            <ymin>0.00</ymin>
            <xmax>5.66</xmax>
            <ymax>29.07</ymax>
        </bndbox>
    </object>
    <object>
        <name>1</name>
        <bndbox>
            <xmin>144.67</xmin>
            <ymin>181.36</ymin>
            <xmax>155.78</xmax>
            <ymax>192.47</ymax>
        </bndbox>
    </object>
    <object>
        <name>1</name>
        <bndbox>
            <xmin>28.50</xmin>
            <ymin>106.89</ymin>
            <xmax>39.62</xmax>
            <ymax>118.00</ymax>
        </bndbox>
    </object>
    <object>
        <name>1</name>
        <bndbox>
            <xmin>165.15</xmin>
            <ymin>74.58</ymin>
            <xmax>176.26</xmax>
            <ymax>85.69</ymax>
        </bndbox>
    </object>
    <object>
        <name>1</name>
        <bndbox>
            <xmin>60.44</xmin>
            <ymin>69.20</ymin>
            <xmax>71.55</xmax>
            <ymax>80.31</ymax>
        </bndbox>
    </object>
</annotation>
