<?xml version="1.0"?>
<annotation>
    <filename>000002944.jpg</filename>
    <source>
        <annotation>ArcGIS Pro 2.1</annotation>
    </source>
    <size>
        <width>224</width>
        <height>224</height>
        <depth>3</depth>
    </size>
    <object>
        <name>1</name>
        <bndbox>
            <xmin>185.46</xmin>
            <ymin>212.32</ymin>
            <xmax>196.57</xmax>
            <ymax>223.43</ymax>
        </bndbox>
    </object>
</annotation>
