<?xml version="1.0"?>
<annotation>
    <filename>000000353.jpg</filename>
    <source>
        <annotation>ArcGIS Pro 2.1</annotation>
    </source>
    <size>
        <width>224</width>
        <height>224</height>
        <depth>3</depth>
    </size>
    <object>
        <name>2</name>
        <bndbox>
            <xmin>141.70</xmin>
            <ymin>178.86</ymin>
            <xmax>186.14</xmax>
            <ymax>223.30</ymax>
        </bndbox>
    </object>
    <object>
        <name>2</name>
        <bndbox>
            <xmin>49.75</xmin>
            <ymin>138.96</ymin>
            <xmax>94.19</xmax>
            <ymax>183.40</ymax>
        </bndbox>
    </object>
    <object>
        <name>1</name>
        <bndbox>
            <xmin>140.99</xmin>
            <ymin>0.00</ymin>
            <xmax>146.69</xmax>
            <ymax>0.78</ymax>
        </bndbox>
    </object>
    <object>
        <name>1</name>
        <bndbox>
            <xmin>133.16</xmin>
            <ymin>39.28</ymin>
            <xmax>144.27</xmax>
            <ymax>50.39</ymax>
        </bndbox>
    </object>
</annotation>
