<?xml version="1.0"?>
<annotation>
    <filename>000001605.jpg</filename>
    <source>
        <annotation>ArcGIS Pro 2.1</annotation>
    </source>
    <size>
        <width>224</width>
        <height>224</height>
        <depth>3</depth>
    </size>
    <object>
        <name>2</name>
        <bndbox>
            <xmin>149.84</xmin>
            <ymin>46.38</ymin>
            <xmax>194.29</xmax>
            <ymax>90.82</ymax>
        </bndbox>
    </object>
    <object>
        <name>1</name>
        <bndbox>
            <xmin>63.89</xmin>
            <ymin>5.23</ymin>
            <xmax>75.00</xmax>
            <ymax>16.34</ymax>
        </bndbox>
    </object>
    <object>
        <name>1</name>
        <bndbox>
            <xmin>36.55</xmin>
            <ymin>0.00</ymin>
            <xmax>47.66</xmax>
            <ymax>9.84</ymax>
        </bndbox>
    </object>
</annotation>
