<?xml version="1.0"?>
<annotation>
    <filename>000001221.jpg</filename>
    <source>
        <annotation>ArcGIS Pro 2.1</annotation>
    </source>
    <size>
        <width>224</width>
        <height>224</height>
        <depth>3</depth>
    </size>
    <object>
        <name>2</name>
        <bndbox>
            <xmin>0.00</xmin>
            <ymin>177.82</ymin>
            <xmax>18.55</xmax>
            <ymax>221.64</ymax>
        </bndbox>
    </object>
    <object>
        <name>1</name>
        <bndbox>
            <xmin>2.35</xmin>
            <ymin>8.10</ymin>
            <xmax>13.46</xmax>
            <ymax>19.21</ymax>
        </bndbox>
    </object>
    <object>
        <name>1</name>
        <bndbox>
            <xmin>83.68</xmin>
            <ymin>103.10</ymin>
            <xmax>94.79</xmax>
            <ymax>114.21</ymax>
        </bndbox>
    </object>
    <object>
        <name>1</name>
        <bndbox>
            <xmin>98.62</xmin>
            <ymin>124.79</ymin>
            <xmax>109.74</xmax>
            <ymax>135.90</ymax>
        </bndbox>
    </object>
    <object>
        <name>1</name>
        <bndbox>
            <xmin>130.88</xmin>
            <ymin>178.53</ymin>
            <xmax>141.99</xmax>
            <ymax>189.65</ymax>
        </bndbox>
    </object>
    <object>
        <name>1</name>
        <bndbox>
            <xmin>170.92</xmin>
            <ymin>0.00</ymin>
            <xmax>180.52</xmax>
            <ymax>2.76</ymax>
        </bndbox>
    </object>
    <object>
        <name>1</name>
        <bndbox>
            <xmin>196.19</xmin>
            <ymin>87.59</ymin>
            <xmax>207.30</xmax>
            <ymax>98.71</ymax>
        </bndbox>
    </object>
</annotation>
