<?xml version="1.0"?>
<annotation>
    <filename>000001915.jpg</filename>
    <source>
        <annotation>ArcGIS Pro 2.1</annotation>
    </source>
    <size>
        <width>224</width>
        <height>224</height>
        <depth>3</depth>
    </size>
    <object>
        <name>1</name>
        <bndbox>
            <xmin>201.43</xmin>
            <ymin>90.35</ymin>
            <xmax>212.54</xmax>
            <ymax>101.46</ymax>
        </bndbox>
    </object>
    <object>
        <name>1</name>
        <bndbox>
            <xmin>211.26</xmin>
            <ymin>107.02</ymin>
            <xmax>222.37</xmax>
            <ymax>118.14</ymax>
        </bndbox>
    </object>
    <object>
        <name>1</name>
        <bndbox>
            <xmin>119.93</xmin>
            <ymin>14.01</ymin>
            <xmax>131.04</xmax>
            <ymax>25.12</ymax>
        </bndbox>
    </object>
    <object>
        <name>1</name>
        <bndbox>
            <xmin>12.82</xmin>
            <ymin>58.25</ymin>
            <xmax>23.93</xmax>
            <ymax>69.36</ymax>
        </bndbox>
    </object>
</annotation>
