<?xml version="1.0"?>
<annotation>
    <filename>000002627.jpg</filename>
    <source>
        <annotation>ArcGIS Pro 2.1</annotation>
    </source>
    <size>
        <width>224</width>
        <height>224</height>
        <depth>3</depth>
    </size>
    <object>
        <name>1</name>
        <bndbox>
            <xmin>4.17</xmin>
            <ymin>0.00</ymin>
            <xmax>9.49</xmax>
            <ymax>0.68</ymax>
        </bndbox>
    </object>
    <object>
        <name>1</name>
        <bndbox>
            <xmin>27.25</xmin>
            <ymin>16.64</ymin>
            <xmax>38.36</xmax>
            <ymax>27.75</ymax>
        </bndbox>
    </object>
</annotation>
