<?xml version="1.0"?>
<annotation>
    <filename>000002186.jpg</filename>
    <source>
        <annotation>ArcGIS Pro 2.1</annotation>
    </source>
    <size>
        <width>224</width>
        <height>224</height>
        <depth>3</depth>
    </size>
    <object>
        <name>2</name>
        <bndbox>
            <xmin>220.30</xmin>
            <ymin>167.56</ymin>
            <xmax>224.00</xmax>
            <ymax>192.11</ymax>
        </bndbox>
    </object>
    <object>
        <name>1</name>
        <bndbox>
            <xmin>3.96</xmin>
            <ymin>101.09</ymin>
            <xmax>15.07</xmax>
            <ymax>112.20</ymax>
        </bndbox>
    </object>
    <object>
        <name>1</name>
        <bndbox>
            <xmin>129.94</xmin>
            <ymin>36.77</ymin>
            <xmax>141.05</xmax>
            <ymax>47.88</ymax>
        </bndbox>
    </object>
    <object>
        <name>1</name>
        <bndbox>
            <xmin>82.70</xmin>
            <ymin>64.77</ymin>
            <xmax>93.81</xmax>
            <ymax>75.88</ymax>
        </bndbox>
    </object>
    <object>
        <name>1</name>
        <bndbox>
            <xmin>102.37</xmin>
            <ymin>92.34</ymin>
            <xmax>113.48</xmax>
            <ymax>103.45</ymax>
        </bndbox>
    </object>
    <object>
        <name>1</name>
        <bndbox>
            <xmin>185.09</xmin>
            <ymin>61.56</ymin>
            <xmax>196.20</xmax>
            <ymax>72.67</ymax>
        </bndbox>
    </object>
    <object>
        <name>1</name>
        <bndbox>
            <xmin>174.40</xmin>
            <ymin>45.53</ymin>
            <xmax>185.51</xmax>
            <ymax>56.64</ymax>
        </bndbox>
    </object>
    <object>
        <name>1</name>
        <bndbox>
            <xmin>210.31</xmin>
            <ymin>0.00</ymin>
            <xmax>221.42</xmax>
            <ymax>7.05</ymax>
        </bndbox>
    </object>
    <object>
        <name>1</name>
        <bndbox>
            <xmin>60.46</xmin>
            <ymin>217.23</ymin>
            <xmax>71.56</xmax>
            <ymax>224.00</ymax>
        </bndbox>
    </object>
    <object>
        <name>1</name>
        <bndbox>
            <xmin>66.75</xmin>
            <ymin>202.87</ymin>
            <xmax>77.86</xmax>
            <ymax>213.98</ymax>
        </bndbox>
    </object>
</annotation>
