<?xml version="1.0"?>
<annotation>
    <filename>000001938.jpg</filename>
    <source>
        <annotation>ArcGIS Pro 2.1</annotation>
    </source>
    <size>
        <width>224</width>
        <height>224</height>
        <depth>3</depth>
    </size>
    <object>
        <name>2</name>
        <bndbox>
            <xmin>51.48</xmin>
            <ymin>212.75</ymin>
            <xmax>90.12</xmax>
            <ymax>224.00</ymax>
        </bndbox>
    </object>
    <object>
        <name>1</name>
        <bndbox>
            <xmin>2.14</xmin>
            <ymin>58.13</ymin>
            <xmax>13.25</xmax>
            <ymax>69.24</ymax>
        </bndbox>
    </object>
</annotation>
