<?xml version="1.0"?>
<annotation>
    <filename>000003681.jpg</filename>
    <source>
        <annotation>ArcGIS Pro 2.1</annotation>
    </source>
    <size>
        <width>224</width>
        <height>224</height>
        <depth>3</depth>
    </size>
    <object>
        <name>1</name>
        <bndbox>
            <xmin>0.34</xmin>
            <ymin>2.37</ymin>
            <xmax>11.45</xmax>
            <ymax>13.48</ymax>
        </bndbox>
    </object>
    <object>
        <name>1</name>
        <bndbox>
            <xmin>60.18</xmin>
            <ymin>51.59</ymin>
            <xmax>71.29</xmax>
            <ymax>62.70</ymax>
        </bndbox>
    </object>
    <object>
        <name>1</name>
        <bndbox>
            <xmin>140.29</xmin>
            <ymin>152.83</ymin>
            <xmax>151.40</xmax>
            <ymax>163.94</ymax>
        </bndbox>
    </object>
    <object>
        <name>1</name>
        <bndbox>
            <xmin>143.26</xmin>
            <ymin>120.16</ymin>
            <xmax>154.37</xmax>
            <ymax>131.27</ymax>
        </bndbox>
    </object>
    <object>
        <name>1</name>
        <bndbox>
            <xmin>140.26</xmin>
            <ymin>48.64</ymin>
            <xmax>151.37</xmax>
            <ymax>59.75</ymax>
        </bndbox>
    </object>
    <object>
        <name>1</name>
        <bndbox>
            <xmin>80.29</xmin>
            <ymin>67.05</ymin>
            <xmax>91.40</xmax>
            <ymax>78.16</ymax>
        </bndbox>
    </object>
    <object>
        <name>1</name>
        <bndbox>
            <xmin>145.15</xmin>
            <ymin>145.51</ymin>
            <xmax>156.26</xmax>
            <ymax>156.62</ymax>
        </bndbox>
    </object>
    <object>
        <name>1</name>
        <bndbox>
            <xmin>19.46</xmin>
            <ymin>20.58</ymin>
            <xmax>30.57</xmax>
            <ymax>31.70</ymax>
        </bndbox>
    </object>
</annotation>
