<?xml version="1.0"?>
<annotation>
    <filename>000001524.jpg</filename>
    <source>
        <annotation>ArcGIS Pro 2.1</annotation>
    </source>
    <size>
        <width>224</width>
        <height>224</height>
        <depth>3</depth>
    </size>
    <object>
        <name>2</name>
        <bndbox>
            <xmin>220.69</xmin>
            <ymin>70.10</ymin>
            <xmax>224.00</xmax>
            <ymax>93.45</ymax>
        </bndbox>
    </object>
    <object>
        <name>1</name>
        <bndbox>
            <xmin>158.63</xmin>
            <ymin>49.14</ymin>
            <xmax>169.74</xmax>
            <ymax>60.25</ymax>
        </bndbox>
    </object>
    <object>
        <name>1</name>
        <bndbox>
            <xmin>143.36</xmin>
            <ymin>39.31</ymin>
            <xmax>154.47</xmax>
            <ymax>50.42</ymax>
        </bndbox>
    </object>
</annotation>
