<?xml version="1.0"?>
<annotation>
    <filename>000002851.jpg</filename>
    <source>
        <annotation>ArcGIS Pro 2.1</annotation>
    </source>
    <size>
        <width>224</width>
        <height>224</height>
        <depth>3</depth>
    </size>
    <object>
        <name>1</name>
        <bndbox>
            <xmin>64.36</xmin>
            <ymin>184.56</ymin>
            <xmax>75.48</xmax>
            <ymax>195.67</ymax>
        </bndbox>
    </object>
    <object>
        <name>1</name>
        <bndbox>
            <xmin>103.97</xmin>
            <ymin>44.16</ymin>
            <xmax>115.08</xmax>
            <ymax>55.27</ymax>
        </bndbox>
    </object>
</annotation>
