<?xml version="1.0"?>
<annotation>
    <filename>000000933.jpg</filename>
    <source>
        <annotation>ArcGIS Pro 2.1</annotation>
    </source>
    <size>
        <width>224</width>
        <height>224</height>
        <depth>3</depth>
    </size>
    <object>
        <name>2</name>
        <bndbox>
            <xmin>121.92</xmin>
            <ymin>139.16</ymin>
            <xmax>166.36</xmax>
            <ymax>183.60</ymax>
        </bndbox>
    </object>
    <object>
        <name>2</name>
        <bndbox>
            <xmin>15.40</xmin>
            <ymin>95.28</ymin>
            <xmax>59.85</xmax>
            <ymax>139.72</ymax>
        </bndbox>
    </object>
</annotation>
