<?xml version="1.0"?>
<annotation>
    <filename>000003074.jpg</filename>
    <source>
        <annotation>ArcGIS Pro 2.1</annotation>
    </source>
    <size>
        <width>224</width>
        <height>224</height>
        <depth>3</depth>
    </size>
    <object>
        <name>2</name>
        <bndbox>
            <xmin>165.14</xmin>
            <ymin>129.04</ymin>
            <xmax>209.58</xmax>
            <ymax>173.49</ymax>
        </bndbox>
    </object>
    <object>
        <name>2</name>
        <bndbox>
            <xmin>112.72</xmin>
            <ymin>97.18</ymin>
            <xmax>157.16</xmax>
            <ymax>141.63</ymax>
        </bndbox>
    </object>
    <object>
        <name>1</name>
        <bndbox>
            <xmin>0.00</xmin>
            <ymin>20.33</ymin>
            <xmax>1.01</xmax>
            <ymax>26.71</ymax>
        </bndbox>
    </object>
    <object>
        <name>1</name>
        <bndbox>
            <xmin>55.69</xmin>
            <ymin>23.70</ymin>
            <xmax>66.80</xmax>
            <ymax>34.81</ymax>
        </bndbox>
    </object>
    <object>
        <name>1</name>
        <bndbox>
            <xmin>0.00</xmin>
            <ymin>68.96</ymin>
            <xmax>2.41</xmax>
            <ymax>78.12</ymax>
        </bndbox>
    </object>
</annotation>
