<?xml version="1.0"?>
<annotation>
    <filename>000000915.jpg</filename>
    <source>
        <annotation>ArcGIS Pro 2.1</annotation>
    </source>
    <size>
        <width>224</width>
        <height>224</height>
        <depth>3</depth>
    </size>
    <object>
        <name>2</name>
        <bndbox>
            <xmin>184.43</xmin>
            <ymin>31.52</ymin>
            <xmax>224.00</xmax>
            <ymax>75.96</ymax>
        </bndbox>
    </object>
    <object>
        <name>2</name>
        <bndbox>
            <xmin>42.41</xmin>
            <ymin>183.29</ymin>
            <xmax>86.85</xmax>
            <ymax>224.00</ymax>
        </bndbox>
    </object>
</annotation>
