<?xml version="1.0"?>
<annotation>
    <filename>000001267.jpg</filename>
    <source>
        <annotation>ArcGIS Pro 2.1</annotation>
    </source>
    <size>
        <width>224</width>
        <height>224</height>
        <depth>3</depth>
    </size>
    <object>
        <name>1</name>
        <bndbox>
            <xmin>78.63</xmin>
            <ymin>50.46</ymin>
            <xmax>89.74</xmax>
            <ymax>61.57</ymax>
        </bndbox>
    </object>
    <object>
        <name>1</name>
        <bndbox>
            <xmin>3.51</xmin>
            <ymin>91.23</ymin>
            <xmax>14.62</xmax>
            <ymax>102.34</ymax>
        </bndbox>
    </object>
    <object>
        <name>1</name>
        <bndbox>
            <xmin>216.39</xmin>
            <ymin>107.29</ymin>
            <xmax>224.00</xmax>
            <ymax>118.40</ymax>
        </bndbox>
    </object>
</annotation>
