<?xml version="1.0"?>
<annotation>
    <filename>000000135.jpg</filename>
    <source>
        <annotation>ArcGIS Pro 2.1</annotation>
    </source>
    <size>
        <width>224</width>
        <height>224</height>
        <depth>3</depth>
    </size>
    <object>
        <name>1</name>
        <bndbox>
            <xmin>0.00</xmin>
            <ymin>165.18</ymin>
            <xmax>2.18</xmax>
            <ymax>174.01</ymax>
        </bndbox>
    </object>
    <object>
        <name>1</name>
        <bndbox>
            <xmin>66.12</xmin>
            <ymin>116.40</ymin>
            <xmax>77.23</xmax>
            <ymax>127.51</ymax>
        </bndbox>
    </object>
    <object>
        <name>1</name>
        <bndbox>
            <xmin>79.39</xmin>
            <ymin>108.79</ymin>
            <xmax>90.50</xmax>
            <ymax>119.90</ymax>
        </bndbox>
    </object>
    <object>
        <name>1</name>
        <bndbox>
            <xmin>11.91</xmin>
            <ymin>150.26</ymin>
            <xmax>23.02</xmax>
            <ymax>161.37</ymax>
        </bndbox>
    </object>
    <object>
        <name>1</name>
        <bndbox>
            <xmin>23.61</xmin>
            <ymin>143.65</ymin>
            <xmax>34.72</xmax>
            <ymax>154.76</ymax>
        </bndbox>
    </object>
</annotation>
