<?xml version="1.0"?>
<annotation>
    <filename>000003747.jpg</filename>
    <source>
        <annotation>ArcGIS Pro 2.1</annotation>
    </source>
    <size>
        <width>224</width>
        <height>224</height>
        <depth>3</depth>
    </size>
    <object>
        <name>1</name>
        <bndbox>
            <xmin>7.66</xmin>
            <ymin>207.27</ymin>
            <xmax>18.77</xmax>
            <ymax>218.38</ymax>
        </bndbox>
    </object>
    <object>
        <name>1</name>
        <bndbox>
            <xmin>34.79</xmin>
            <ymin>164.53</ymin>
            <xmax>45.90</xmax>
            <ymax>175.65</ymax>
        </bndbox>
    </object>
    <object>
        <name>1</name>
        <bndbox>
            <xmin>30.34</xmin>
            <ymin>176.29</ymin>
            <xmax>41.45</xmax>
            <ymax>187.40</ymax>
        </bndbox>
    </object>
    <object>
        <name>1</name>
        <bndbox>
            <xmin>23.63</xmin>
            <ymin>184.82</ymin>
            <xmax>34.74</xmax>
            <ymax>195.93</ymax>
        </bndbox>
    </object>
    <object>
        <name>1</name>
        <bndbox>
            <xmin>16.51</xmin>
            <ymin>195.70</ymin>
            <xmax>27.62</xmax>
            <ymax>206.81</ymax>
        </bndbox>
    </object>
    <object>
        <name>1</name>
        <bndbox>
            <xmin>0.49</xmin>
            <ymin>63.30</ymin>
            <xmax>11.60</xmax>
            <ymax>74.41</ymax>
        </bndbox>
    </object>
    <object>
        <name>1</name>
        <bndbox>
            <xmin>16.02</xmin>
            <ymin>44.41</ymin>
            <xmax>27.13</xmax>
            <ymax>55.52</ymax>
        </bndbox>
    </object>
    <object>
        <name>1</name>
        <bndbox>
            <xmin>77.79</xmin>
            <ymin>143.45</ymin>
            <xmax>88.90</xmax>
            <ymax>154.57</ymax>
        </bndbox>
    </object>
    <object>
        <name>1</name>
        <bndbox>
            <xmin>84.98</xmin>
            <ymin>164.09</ymin>
            <xmax>96.09</xmax>
            <ymax>175.20</ymax>
        </bndbox>
    </object>
    <object>
        <name>1</name>
        <bndbox>
            <xmin>96.30</xmin>
            <ymin>183.21</ymin>
            <xmax>107.41</xmax>
            <ymax>194.32</ymax>
        </bndbox>
    </object>
    <object>
        <name>1</name>
        <bndbox>
            <xmin>186.39</xmin>
            <ymin>207.55</ymin>
            <xmax>197.50</xmax>
            <ymax>218.66</ymax>
        </bndbox>
    </object>
    <object>
        <name>1</name>
        <bndbox>
            <xmin>189.98</xmin>
            <ymin>26.95</ymin>
            <xmax>201.10</xmax>
            <ymax>38.06</ymax>
        </bndbox>
    </object>
    <object>
        <name>1</name>
        <bndbox>
            <xmin>202.47</xmin>
            <ymin>54.10</ymin>
            <xmax>213.58</xmax>
            <ymax>65.21</ymax>
        </bndbox>
    </object>
</annotation>
