<?xml version="1.0"?>
<annotation>
    <filename>000000921.jpg</filename>
    <source>
        <annotation>ArcGIS Pro 2.1</annotation>
    </source>
    <size>
        <width>224</width>
        <height>224</height>
        <depth>3</depth>
    </size>
    <object>
        <name>2</name>
        <bndbox>
            <xmin>144.39</xmin>
            <ymin>0.00</ymin>
            <xmax>188.78</xmax>
            <ymax>43.64</ymax>
        </bndbox>
    </object>
    <object>
        <name>1</name>
        <bndbox>
            <xmin>70.87</xmin>
            <ymin>200.62</ymin>
            <xmax>81.98</xmax>
            <ymax>211.73</ymax>
        </bndbox>
    </object>
    <object>
        <name>1</name>
        <bndbox>
            <xmin>139.58</xmin>
            <ymin>198.97</ymin>
            <xmax>150.69</xmax>
            <ymax>210.09</ymax>
        </bndbox>
    </object>
    <object>
        <name>1</name>
        <bndbox>
            <xmin>210.22</xmin>
            <ymin>208.92</ymin>
            <xmax>221.33</xmax>
            <ymax>220.03</ymax>
        </bndbox>
    </object>
</annotation>
