<?xml version="1.0"?>
<annotation>
    <filename>000002166.jpg</filename>
    <source>
        <annotation>ArcGIS Pro 2.1</annotation>
    </source>
    <size>
        <width>224</width>
        <height>224</height>
        <depth>3</depth>
    </size>
    <object>
        <name>2</name>
        <bndbox>
            <xmin>29.09</xmin>
            <ymin>68.41</ymin>
            <xmax>73.53</xmax>
            <ymax>112.86</ymax>
        </bndbox>
    </object>
    <object>
        <name>1</name>
        <bndbox>
            <xmin>189.44</xmin>
            <ymin>164.75</ymin>
            <xmax>200.55</xmax>
            <ymax>175.86</ymax>
        </bndbox>
    </object>
    <object>
        <name>1</name>
        <bndbox>
            <xmin>204.25</xmin>
            <ymin>111.16</ymin>
            <xmax>215.36</xmax>
            <ymax>122.27</ymax>
        </bndbox>
    </object>
    <object>
        <name>1</name>
        <bndbox>
            <xmin>185.81</xmin>
            <ymin>215.09</ymin>
            <xmax>196.92</xmax>
            <ymax>224.00</ymax>
        </bndbox>
    </object>
</annotation>
