<?xml version="1.0"?>
<annotation>
    <filename>000001740.jpg</filename>
    <source>
        <annotation>ArcGIS Pro 2.1</annotation>
    </source>
    <size>
        <width>224</width>
        <height>224</height>
        <depth>3</depth>
    </size>
    <object>
        <name>1</name>
        <bndbox>
            <xmin>213.52</xmin>
            <ymin>83.81</ymin>
            <xmax>224.00</xmax>
            <ymax>94.92</ymax>
        </bndbox>
    </object>
    <object>
        <name>1</name>
        <bndbox>
            <xmin>209.22</xmin>
            <ymin>61.42</ymin>
            <xmax>220.33</xmax>
            <ymax>72.53</ymax>
        </bndbox>
    </object>
</annotation>
