<?xml version="1.0"?>
<annotation>
    <filename>000001759.jpg</filename>
    <source>
        <annotation>ArcGIS Pro 2.1</annotation>
    </source>
    <size>
        <width>224</width>
        <height>224</height>
        <depth>3</depth>
    </size>
    <object>
        <name>1</name>
        <bndbox>
            <xmin>174.34</xmin>
            <ymin>214.16</ymin>
            <xmax>185.45</xmax>
            <ymax>224.00</ymax>
        </bndbox>
    </object>
    <object>
        <name>1</name>
        <bndbox>
            <xmin>206.83</xmin>
            <ymin>192.78</ymin>
            <xmax>217.94</xmax>
            <ymax>203.89</ymax>
        </bndbox>
    </object>
    <object>
        <name>1</name>
        <bndbox>
            <xmin>222.65</xmin>
            <ymin>148.32</ymin>
            <xmax>224.00</xmax>
            <ymax>155.58</ymax>
        </bndbox>
    </object>
    <object>
        <name>1</name>
        <bndbox>
            <xmin>185.03</xmin>
            <ymin>91.68</ymin>
            <xmax>196.14</xmax>
            <ymax>102.79</ymax>
        </bndbox>
    </object>
</annotation>
