<?xml version="1.0"?>
<annotation>
    <filename>000001488.jpg</filename>
    <source>
        <annotation>ArcGIS Pro 2.1</annotation>
    </source>
    <size>
        <width>224</width>
        <height>224</height>
        <depth>3</depth>
    </size>
    <object>
        <name>2</name>
        <bndbox>
            <xmin>77.99</xmin>
            <ymin>0.00</ymin>
            <xmax>112.73</xmax>
            <ymax>8.36</ymax>
        </bndbox>
    </object>
    <object>
        <name>1</name>
        <bndbox>
            <xmin>49.92</xmin>
            <ymin>163.80</ymin>
            <xmax>61.03</xmax>
            <ymax>174.91</ymax>
        </bndbox>
    </object>
    <object>
        <name>1</name>
        <bndbox>
            <xmin>105.55</xmin>
            <ymin>70.61</ymin>
            <xmax>116.67</xmax>
            <ymax>81.72</ymax>
        </bndbox>
    </object>
    <object>
        <name>1</name>
        <bndbox>
            <xmin>103.90</xmin>
            <ymin>133.08</ymin>
            <xmax>115.01</xmax>
            <ymax>144.19</ymax>
        </bndbox>
    </object>
    <object>
        <name>1</name>
        <bndbox>
            <xmin>108.86</xmin>
            <ymin>152.93</ymin>
            <xmax>119.98</xmax>
            <ymax>164.04</ymax>
        </bndbox>
    </object>
</annotation>
