<?xml version="1.0"?>
<annotation>
    <filename>000002536.jpg</filename>
    <source>
        <annotation>ArcGIS Pro 2.1</annotation>
    </source>
    <size>
        <width>224</width>
        <height>224</height>
        <depth>3</depth>
    </size>
    <object>
        <name>1</name>
        <bndbox>
            <xmin>105.34</xmin>
            <ymin>163.75</ymin>
            <xmax>116.45</xmax>
            <ymax>174.86</ymax>
        </bndbox>
    </object>
    <object>
        <name>1</name>
        <bndbox>
            <xmin>0.00</xmin>
            <ymin>166.76</ymin>
            <xmax>8.24</xmax>
            <ymax>177.87</ymax>
        </bndbox>
    </object>
    <object>
        <name>1</name>
        <bndbox>
            <xmin>1.80</xmin>
            <ymin>151.40</ymin>
            <xmax>12.91</xmax>
            <ymax>162.51</ymax>
        </bndbox>
    </object>
    <object>
        <name>1</name>
        <bndbox>
            <xmin>46.32</xmin>
            <ymin>61.58</ymin>
            <xmax>57.43</xmax>
            <ymax>72.69</ymax>
        </bndbox>
    </object>
    <object>
        <name>1</name>
        <bndbox>
            <xmin>114.07</xmin>
            <ymin>174.01</ymin>
            <xmax>125.18</xmax>
            <ymax>185.12</ymax>
        </bndbox>
    </object>
</annotation>
