<?xml version="1.0"?>
<annotation>
    <filename>000000538.jpg</filename>
    <source>
        <annotation>ArcGIS Pro 2.1</annotation>
    </source>
    <size>
        <width>224</width>
        <height>224</height>
        <depth>3</depth>
    </size>
    <object>
        <name>1</name>
        <bndbox>
            <xmin>82.96</xmin>
            <ymin>104.38</ymin>
            <xmax>94.07</xmax>
            <ymax>115.49</ymax>
        </bndbox>
    </object>
    <object>
        <name>1</name>
        <bndbox>
            <xmin>95.66</xmin>
            <ymin>211.23</ymin>
            <xmax>106.77</xmax>
            <ymax>222.34</ymax>
        </bndbox>
    </object>
    <object>
        <name>1</name>
        <bndbox>
            <xmin>87.85</xmin>
            <ymin>202.06</ymin>
            <xmax>98.96</xmax>
            <ymax>213.18</ymax>
        </bndbox>
    </object>
</annotation>
