<?xml version="1.0"?>
<annotation>
    <filename>000003037.jpg</filename>
    <source>
        <annotation>ArcGIS Pro 2.1</annotation>
    </source>
    <size>
        <width>224</width>
        <height>224</height>
        <depth>3</depth>
    </size>
    <object>
        <name>1</name>
        <bndbox>
            <xmin>79.90</xmin>
            <ymin>108.49</ymin>
            <xmax>91.01</xmax>
            <ymax>119.61</ymax>
        </bndbox>
    </object>
    <object>
        <name>1</name>
        <bndbox>
            <xmin>61.56</xmin>
            <ymin>132.11</ymin>
            <xmax>72.67</xmax>
            <ymax>143.22</ymax>
        </bndbox>
    </object>
    <object>
        <name>1</name>
        <bndbox>
            <xmin>74.33</xmin>
            <ymin>130.28</ymin>
            <xmax>85.44</xmax>
            <ymax>141.40</ymax>
        </bndbox>
    </object>
</annotation>
