<?xml version="1.0"?>
<annotation>
    <filename>000002614.jpg</filename>
    <source>
        <annotation>ArcGIS Pro 2.1</annotation>
    </source>
    <size>
        <width>224</width>
        <height>224</height>
        <depth>3</depth>
    </size>
    <object>
        <name>2</name>
        <bndbox>
            <xmin>0.00</xmin>
            <ymin>5.82</ymin>
            <xmax>36.62</xmax>
            <ymax>50.26</ymax>
        </bndbox>
    </object>
    <object>
        <name>1</name>
        <bndbox>
            <xmin>199.18</xmin>
            <ymin>4.51</ymin>
            <xmax>210.29</xmax>
            <ymax>15.63</ymax>
        </bndbox>
    </object>
    <object>
        <name>1</name>
        <bndbox>
            <xmin>172.38</xmin>
            <ymin>36.11</ymin>
            <xmax>183.49</xmax>
            <ymax>47.22</ymax>
        </bndbox>
    </object>
    <object>
        <name>1</name>
        <bndbox>
            <xmin>221.75</xmin>
            <ymin>202.55</ymin>
            <xmax>224.00</xmax>
            <ymax>211.47</ymax>
        </bndbox>
    </object>
</annotation>
