<?xml version="1.0"?>
<annotation>
    <filename>000000014.jpg</filename>
    <source>
        <annotation>ArcGIS Pro 2.1</annotation>
    </source>
    <size>
        <width>224</width>
        <height>224</height>
        <depth>3</depth>
    </size>
    <object>
        <name>2</name>
        <bndbox>
            <xmin>149.53</xmin>
            <ymin>84.11</ymin>
            <xmax>193.98</xmax>
            <ymax>128.56</ymax>
        </bndbox>
    </object>
    <object>
        <name>2</name>
        <bndbox>
            <xmin>117.33</xmin>
            <ymin>100.77</ymin>
            <xmax>161.78</xmax>
            <ymax>145.21</ymax>
        </bndbox>
    </object>
    <object>
        <name>2</name>
        <bndbox>
            <xmin>153.97</xmin>
            <ymin>181.82</ymin>
            <xmax>198.42</xmax>
            <ymax>224.00</ymax>
        </bndbox>
    </object>
    <object>
        <name>2</name>
        <bndbox>
            <xmin>211.71</xmin>
            <ymin>156.41</ymin>
            <xmax>224.00</xmax>
            <ymax>196.16</ymax>
        </bndbox>
    </object>
</annotation>
