<?xml version="1.0"?>
<annotation>
    <filename>000002185.jpg</filename>
    <source>
        <annotation>ArcGIS Pro 2.1</annotation>
    </source>
    <size>
        <width>224</width>
        <height>224</height>
        <depth>3</depth>
    </size>
    <object>
        <name>1</name>
        <bndbox>
            <xmin>115.96</xmin>
            <ymin>101.09</ymin>
            <xmax>127.07</xmax>
            <ymax>112.20</ymax>
        </bndbox>
    </object>
    <object>
        <name>1</name>
        <bndbox>
            <xmin>194.70</xmin>
            <ymin>64.77</ymin>
            <xmax>205.81</xmax>
            <ymax>75.88</ymax>
        </bndbox>
    </object>
    <object>
        <name>1</name>
        <bndbox>
            <xmin>214.37</xmin>
            <ymin>92.34</ymin>
            <xmax>224.00</xmax>
            <ymax>103.45</ymax>
        </bndbox>
    </object>
    <object>
        <name>1</name>
        <bndbox>
            <xmin>172.46</xmin>
            <ymin>217.23</ymin>
            <xmax>183.56</xmax>
            <ymax>224.00</ymax>
        </bndbox>
    </object>
    <object>
        <name>1</name>
        <bndbox>
            <xmin>178.75</xmin>
            <ymin>202.87</ymin>
            <xmax>189.86</xmax>
            <ymax>213.98</ymax>
        </bndbox>
    </object>
    <object>
        <name>1</name>
        <bndbox>
            <xmin>2.98</xmin>
            <ymin>220.59</ymin>
            <xmax>13.22</xmax>
            <ymax>224.00</ymax>
        </bndbox>
    </object>
    <object>
        <name>1</name>
        <bndbox>
            <xmin>4.33</xmin>
            <ymin>194.11</ymin>
            <xmax>15.44</xmax>
            <ymax>205.22</ymax>
        </bndbox>
    </object>
</annotation>
