<?xml version="1.0"?>
<annotation>
    <filename>000003457.jpg</filename>
    <source>
        <annotation>ArcGIS Pro 2.1</annotation>
    </source>
    <size>
        <width>224</width>
        <height>224</height>
        <depth>3</depth>
    </size>
    <object>
        <name>1</name>
        <bndbox>
            <xmin>52.85</xmin>
            <ymin>211.77</ymin>
            <xmax>63.96</xmax>
            <ymax>222.88</ymax>
        </bndbox>
    </object>
    <object>
        <name>1</name>
        <bndbox>
            <xmin>63.59</xmin>
            <ymin>205.61</ymin>
            <xmax>74.71</xmax>
            <ymax>216.72</ymax>
        </bndbox>
    </object>
    <object>
        <name>1</name>
        <bndbox>
            <xmin>145.19</xmin>
            <ymin>152.32</ymin>
            <xmax>156.30</xmax>
            <ymax>163.43</ymax>
        </bndbox>
    </object>
    <object>
        <name>1</name>
        <bndbox>
            <xmin>124.51</xmin>
            <ymin>164.27</ymin>
            <xmax>135.62</xmax>
            <ymax>175.38</ymax>
        </bndbox>
    </object>
    <object>
        <name>1</name>
        <bndbox>
            <xmin>112.81</xmin>
            <ymin>170.92</ymin>
            <xmax>123.92</xmax>
            <ymax>182.04</ymax>
        </bndbox>
    </object>
    <object>
        <name>1</name>
        <bndbox>
            <xmin>95.37</xmin>
            <ymin>185.38</ymin>
            <xmax>106.48</xmax>
            <ymax>196.49</ymax>
        </bndbox>
    </object>
    <object>
        <name>1</name>
        <bndbox>
            <xmin>74.97</xmin>
            <ymin>198.52</ymin>
            <xmax>86.08</xmax>
            <ymax>209.63</ymax>
        </bndbox>
    </object>
    <object>
        <name>1</name>
        <bndbox>
            <xmin>84.39</xmin>
            <ymin>192.71</ymin>
            <xmax>95.50</xmax>
            <ymax>203.82</ymax>
        </bndbox>
    </object>
    <object>
        <name>1</name>
        <bndbox>
            <xmin>58.96</xmin>
            <ymin>132.11</ymin>
            <xmax>70.07</xmax>
            <ymax>143.22</ymax>
        </bndbox>
    </object>
    <object>
        <name>1</name>
        <bndbox>
            <xmin>68.67</xmin>
            <ymin>125.12</ymin>
            <xmax>79.78</xmax>
            <ymax>136.23</ymax>
        </bndbox>
    </object>
    <object>
        <name>1</name>
        <bndbox>
            <xmin>80.34</xmin>
            <ymin>119.26</ymin>
            <xmax>91.45</xmax>
            <ymax>130.37</ymax>
        </bndbox>
    </object>
    <object>
        <name>1</name>
        <bndbox>
            <xmin>89.77</xmin>
            <ymin>112.79</ymin>
            <xmax>100.88</xmax>
            <ymax>123.90</ymax>
        </bndbox>
    </object>
    <object>
        <name>1</name>
        <bndbox>
            <xmin>100.29</xmin>
            <ymin>105.42</ymin>
            <xmax>111.40</xmax>
            <ymax>116.53</ymax>
        </bndbox>
    </object>
    <object>
        <name>1</name>
        <bndbox>
            <xmin>111.42</xmin>
            <ymin>99.94</ymin>
            <xmax>122.53</xmax>
            <ymax>111.05</ymax>
        </bndbox>
    </object>
    <object>
        <name>1</name>
        <bndbox>
            <xmin>147.99</xmin>
            <ymin>68.42</ymin>
            <xmax>159.10</xmax>
            <ymax>79.53</ymax>
        </bndbox>
    </object>
    <object>
        <name>1</name>
        <bndbox>
            <xmin>138.37</xmin>
            <ymin>76.48</ymin>
            <xmax>149.48</xmax>
            <ymax>87.59</ymax>
        </bndbox>
    </object>
    <object>
        <name>1</name>
        <bndbox>
            <xmin>129.33</xmin>
            <ymin>83.50</ymin>
            <xmax>140.44</xmax>
            <ymax>94.61</ymax>
        </bndbox>
    </object>
    <object>
        <name>1</name>
        <bndbox>
            <xmin>120.67</xmin>
            <ymin>90.93</ymin>
            <xmax>131.78</xmax>
            <ymax>102.04</ymax>
        </bndbox>
    </object>
    <object>
        <name>1</name>
        <bndbox>
            <xmin>200.66</xmin>
            <ymin>33.99</ymin>
            <xmax>211.77</xmax>
            <ymax>45.10</ymax>
        </bndbox>
    </object>
    <object>
        <name>1</name>
        <bndbox>
            <xmin>181.73</xmin>
            <ymin>161.26</ymin>
            <xmax>192.84</xmax>
            <ymax>172.37</ymax>
        </bndbox>
    </object>
    <object>
        <name>1</name>
        <bndbox>
            <xmin>149.96</xmin>
            <ymin>182.02</ymin>
            <xmax>161.07</xmax>
            <ymax>193.13</ymax>
        </bndbox>
    </object>
    <object>
        <name>1</name>
        <bndbox>
            <xmin>218.12</xmin>
            <ymin>219.40</ymin>
            <xmax>224.00</xmax>
            <ymax>224.00</ymax>
        </bndbox>
    </object>
    <object>
        <name>1</name>
        <bndbox>
            <xmin>196.61</xmin>
            <ymin>117.85</ymin>
            <xmax>207.72</xmax>
            <ymax>128.96</ymax>
        </bndbox>
    </object>
    <object>
        <name>1</name>
        <bndbox>
            <xmin>170.79</xmin>
            <ymin>168.89</ymin>
            <xmax>181.90</xmax>
            <ymax>180.00</ymax>
        </bndbox>
    </object>
    <object>
        <name>1</name>
        <bndbox>
            <xmin>223.93</xmin>
            <ymin>28.17</ymin>
            <xmax>224.00</xmax>
            <ymax>29.92</ymax>
        </bndbox>
    </object>
</annotation>
