<?xml version="1.0"?>
<annotation>
    <filename>000002378.jpg</filename>
    <source>
        <annotation>ArcGIS Pro 2.1</annotation>
    </source>
    <size>
        <width>224</width>
        <height>224</height>
        <depth>3</depth>
    </size>
    <object>
        <name>2</name>
        <bndbox>
            <xmin>145.18</xmin>
            <ymin>141.82</ymin>
            <xmax>189.62</xmax>
            <ymax>186.26</ymax>
        </bndbox>
    </object>
</annotation>
