<?xml version="1.0"?>
<annotation>
    <filename>000002144.jpg</filename>
    <source>
        <annotation>ArcGIS Pro 2.1</annotation>
    </source>
    <size>
        <width>224</width>
        <height>224</height>
        <depth>3</depth>
    </size>
    <object>
        <name>2</name>
        <bndbox>
            <xmin>208.87</xmin>
            <ymin>65.04</ymin>
            <xmax>224.00</xmax>
            <ymax>107.16</ymax>
        </bndbox>
    </object>
    <object>
        <name>1</name>
        <bndbox>
            <xmin>78.52</xmin>
            <ymin>0.00</ymin>
            <xmax>88.06</xmax>
            <ymax>2.71</ymax>
        </bndbox>
    </object>
    <object>
        <name>1</name>
        <bndbox>
            <xmin>223.90</xmin>
            <ymin>164.84</ymin>
            <xmax>224.00</xmax>
            <ymax>166.94</ymax>
        </bndbox>
    </object>
</annotation>
