<?xml version="1.0"?>
<annotation>
    <filename>000000330.jpg</filename>
    <source>
        <annotation>ArcGIS Pro 2.1</annotation>
    </source>
    <size>
        <width>224</width>
        <height>224</height>
        <depth>3</depth>
    </size>
    <object>
        <name>1</name>
        <bndbox>
            <xmin>150.18</xmin>
            <ymin>165.35</ymin>
            <xmax>161.29</xmax>
            <ymax>176.46</ymax>
        </bndbox>
    </object>
    <object>
        <name>1</name>
        <bndbox>
            <xmin>105.30</xmin>
            <ymin>88.26</ymin>
            <xmax>116.41</xmax>
            <ymax>99.38</ymax>
        </bndbox>
    </object>
    <object>
        <name>1</name>
        <bndbox>
            <xmin>95.36</xmin>
            <ymin>136.06</ymin>
            <xmax>106.48</xmax>
            <ymax>147.17</ymax>
        </bndbox>
    </object>
</annotation>
