<?xml version="1.0"?>
<annotation>
    <filename>000000152.jpg</filename>
    <source>
        <annotation>ArcGIS Pro 2.1</annotation>
    </source>
    <size>
        <width>224</width>
        <height>224</height>
        <depth>3</depth>
    </size>
    <object>
        <name>2</name>
        <bndbox>
            <xmin>0.00</xmin>
            <ymin>114.38</ymin>
            <xmax>28.97</xmax>
            <ymax>158.83</ymax>
        </bndbox>
    </object>
    <object>
        <name>2</name>
        <bndbox>
            <xmin>8.62</xmin>
            <ymin>223.20</ymin>
            <xmax>20.42</xmax>
            <ymax>224.00</ymax>
        </bndbox>
    </object>
    <object>
        <name>2</name>
        <bndbox>
            <xmin>71.12</xmin>
            <ymin>218.27</ymin>
            <xmax>100.90</xmax>
            <ymax>224.00</ymax>
        </bndbox>
    </object>
    <object>
        <name>1</name>
        <bndbox>
            <xmin>105.21</xmin>
            <ymin>65.20</ymin>
            <xmax>116.32</xmax>
            <ymax>76.31</ymax>
        </bndbox>
    </object>
    <object>
        <name>1</name>
        <bndbox>
            <xmin>167.29</xmin>
            <ymin>162.24</ymin>
            <xmax>178.41</xmax>
            <ymax>173.35</ymax>
        </bndbox>
    </object>
    <object>
        <name>1</name>
        <bndbox>
            <xmin>156.28</xmin>
            <ymin>152.35</ymin>
            <xmax>167.39</xmax>
            <ymax>163.46</ymax>
        </bndbox>
    </object>
</annotation>
