<?xml version="1.0"?>
<annotation>
    <filename>000003355.jpg</filename>
    <source>
        <annotation>ArcGIS Pro 2.1</annotation>
    </source>
    <size>
        <width>224</width>
        <height>224</height>
        <depth>3</depth>
    </size>
    <object>
        <name>2</name>
        <bndbox>
            <xmin>163.20</xmin>
            <ymin>28.60</ymin>
            <xmax>207.65</xmax>
            <ymax>73.05</ymax>
        </bndbox>
    </object>
    <object>
        <name>2</name>
        <bndbox>
            <xmin>73.50</xmin>
            <ymin>22.29</ymin>
            <xmax>117.95</xmax>
            <ymax>66.73</ymax>
        </bndbox>
    </object>
    <object>
        <name>2</name>
        <bndbox>
            <xmin>12.70</xmin>
            <ymin>222.47</ymin>
            <xmax>28.90</xmax>
            <ymax>224.00</ymax>
        </bndbox>
    </object>
</annotation>
