<?xml version="1.0"?>
<annotation>
    <filename>000002800.jpg</filename>
    <source>
        <annotation>ArcGIS Pro 2.1</annotation>
    </source>
    <size>
        <width>224</width>
        <height>224</height>
        <depth>3</depth>
    </size>
    <object>
        <name>2</name>
        <bndbox>
            <xmin>82.48</xmin>
            <ymin>194.46</ymin>
            <xmax>126.91</xmax>
            <ymax>224.00</ymax>
        </bndbox>
    </object>
    <object>
        <name>1</name>
        <bndbox>
            <xmin>220.35</xmin>
            <ymin>10.85</ymin>
            <xmax>224.00</xmax>
            <ymax>21.28</ymax>
        </bndbox>
    </object>
</annotation>
