<?xml version="1.0"?>
<annotation>
    <filename>000001737.jpg</filename>
    <source>
        <annotation>ArcGIS Pro 2.1</annotation>
    </source>
    <size>
        <width>224</width>
        <height>224</height>
        <depth>3</depth>
    </size>
    <object>
        <name>1</name>
        <bndbox>
            <xmin>222.26</xmin>
            <ymin>0.00</ymin>
            <xmax>224.00</xmax>
            <ymax>6.10</ymax>
        </bndbox>
    </object>
    <object>
        <name>1</name>
        <bndbox>
            <xmin>196.57</xmin>
            <ymin>14.85</ymin>
            <xmax>207.68</xmax>
            <ymax>25.96</ymax>
        </bndbox>
    </object>
</annotation>
