<?xml version="1.0"?>
<annotation>
    <filename>000002348.jpg</filename>
    <source>
        <annotation>ArcGIS Pro 2.1</annotation>
    </source>
    <size>
        <width>224</width>
        <height>224</height>
        <depth>3</depth>
    </size>
    <object>
        <name>2</name>
        <bndbox>
            <xmin>132.86</xmin>
            <ymin>196.57</ymin>
            <xmax>177.30</xmax>
            <ymax>224.00</ymax>
        </bndbox>
    </object>
</annotation>
