<?xml version="1.0"?>
<annotation>
    <filename>000002816.jpg</filename>
    <source>
        <annotation>ArcGIS Pro 2.1</annotation>
    </source>
    <size>
        <width>224</width>
        <height>224</height>
        <depth>3</depth>
    </size>
    <object>
        <name>2</name>
        <bndbox>
            <xmin>85.95</xmin>
            <ymin>0.00</ymin>
            <xmax>129.22</xmax>
            <ymax>17.16</ymax>
        </bndbox>
    </object>
    <object>
        <name>1</name>
        <bndbox>
            <xmin>154.70</xmin>
            <ymin>79.68</ymin>
            <xmax>165.81</xmax>
            <ymax>90.79</ymax>
        </bndbox>
    </object>
    <object>
        <name>1</name>
        <bndbox>
            <xmin>147.99</xmin>
            <ymin>71.88</ymin>
            <xmax>159.10</xmax>
            <ymax>82.99</ymax>
        </bndbox>
    </object>
    <object>
        <name>1</name>
        <bndbox>
            <xmin>0.00</xmin>
            <ymin>130.91</ymin>
            <xmax>4.70</xmax>
            <ymax>141.89</ymax>
        </bndbox>
    </object>
    <object>
        <name>1</name>
        <bndbox>
            <xmin>0.86</xmin>
            <ymin>144.53</ymin>
            <xmax>11.97</xmax>
            <ymax>155.64</ymax>
        </bndbox>
    </object>
</annotation>
