<?xml version="1.0"?>
<annotation>
    <filename>000001343.jpg</filename>
    <source>
        <annotation>ArcGIS Pro 2.1</annotation>
    </source>
    <size>
        <width>224</width>
        <height>224</height>
        <depth>3</depth>
    </size>
    <object>
        <name>2</name>
        <bndbox>
            <xmin>213.37</xmin>
            <ymin>160.09</ymin>
            <xmax>224.00</xmax>
            <ymax>198.01</ymax>
        </bndbox>
    </object>
    <object>
        <name>1</name>
        <bndbox>
            <xmin>129.62</xmin>
            <ymin>11.58</ymin>
            <xmax>140.73</xmax>
            <ymax>22.69</ymax>
        </bndbox>
    </object>
    <object>
        <name>1</name>
        <bndbox>
            <xmin>176.90</xmin>
            <ymin>1.13</ymin>
            <xmax>188.01</xmax>
            <ymax>12.25</ymax>
        </bndbox>
    </object>
    <object>
        <name>1</name>
        <bndbox>
            <xmin>173.43</xmin>
            <ymin>210.75</ymin>
            <xmax>184.54</xmax>
            <ymax>221.86</ymax>
        </bndbox>
    </object>
</annotation>
