<?xml version="1.0"?>
<annotation>
    <filename>000002907.jpg</filename>
    <source>
        <annotation>ArcGIS Pro 2.1</annotation>
    </source>
    <size>
        <width>224</width>
        <height>224</height>
        <depth>3</depth>
    </size>
    <object>
        <name>2</name>
        <bndbox>
            <xmin>90.41</xmin>
            <ymin>118.41</ymin>
            <xmax>134.86</xmax>
            <ymax>162.85</ymax>
        </bndbox>
    </object>
    <object>
        <name>1</name>
        <bndbox>
            <xmin>46.45</xmin>
            <ymin>220.28</ymin>
            <xmax>56.94</xmax>
            <ymax>224.00</ymax>
        </bndbox>
    </object>
</annotation>
