<?xml version="1.0"?>
<annotation>
    <filename>000001903.jpg</filename>
    <source>
        <annotation>ArcGIS Pro 2.1</annotation>
    </source>
    <size>
        <width>224</width>
        <height>224</height>
        <depth>3</depth>
    </size>
    <object>
        <name>1</name>
        <bndbox>
            <xmin>191.95</xmin>
            <ymin>57.20</ymin>
            <xmax>203.06</xmax>
            <ymax>68.31</ymax>
        </bndbox>
    </object>
    <object>
        <name>1</name>
        <bndbox>
            <xmin>210.38</xmin>
            <ymin>44.51</ymin>
            <xmax>221.49</xmax>
            <ymax>55.62</ymax>
        </bndbox>
    </object>
</annotation>
