<?xml version="1.0"?>
<annotation>
    <filename>000002903.jpg</filename>
    <source>
        <annotation>ArcGIS Pro 2.1</annotation>
    </source>
    <size>
        <width>224</width>
        <height>224</height>
        <depth>3</depth>
    </size>
    <object>
        <name>2</name>
        <bndbox>
            <xmin>87.01</xmin>
            <ymin>123.46</ymin>
            <xmax>131.46</xmax>
            <ymax>167.90</ymax>
        </bndbox>
    </object>
</annotation>
