<?xml version="1.0"?>
<annotation>
    <filename>000002245.jpg</filename>
    <source>
        <annotation>ArcGIS Pro 2.1</annotation>
    </source>
    <size>
        <width>224</width>
        <height>224</height>
        <depth>3</depth>
    </size>
    <object>
        <name>2</name>
        <bndbox>
            <xmin>108.36</xmin>
            <ymin>200.23</ymin>
            <xmax>152.81</xmax>
            <ymax>224.00</ymax>
        </bndbox>
    </object>
    <object>
        <name>2</name>
        <bndbox>
            <xmin>0.00</xmin>
            <ymin>0.00</ymin>
            <xmax>15.85</xmax>
            <ymax>10.25</ymax>
        </bndbox>
    </object>
    <object>
        <name>2</name>
        <bndbox>
            <xmin>30.29</xmin>
            <ymin>92.67</ymin>
            <xmax>74.74</xmax>
            <ymax>137.11</ymax>
        </bndbox>
    </object>
    <object>
        <name>1</name>
        <bndbox>
            <xmin>127.69</xmin>
            <ymin>0.00</ymin>
            <xmax>135.38</xmax>
            <ymax>1.55</ymax>
        </bndbox>
    </object>
    <object>
        <name>1</name>
        <bndbox>
            <xmin>138.23</xmin>
            <ymin>79.34</ymin>
            <xmax>149.34</xmax>
            <ymax>90.45</ymax>
        </bndbox>
    </object>
    <object>
        <name>1</name>
        <bndbox>
            <xmin>187.79</xmin>
            <ymin>63.37</ymin>
            <xmax>198.90</xmax>
            <ymax>74.48</ymax>
        </bndbox>
    </object>
</annotation>
