<?xml version="1.0"?>
<annotation>
    <filename>000001924.jpg</filename>
    <source>
        <annotation>ArcGIS Pro 2.1</annotation>
    </source>
    <size>
        <width>224</width>
        <height>224</height>
        <depth>3</depth>
    </size>
    <object>
        <name>2</name>
        <bndbox>
            <xmin>162.42</xmin>
            <ymin>74.87</ymin>
            <xmax>206.86</xmax>
            <ymax>119.31</ymax>
        </bndbox>
    </object>
    <object>
        <name>2</name>
        <bndbox>
            <xmin>0.00</xmin>
            <ymin>187.01</ymin>
            <xmax>39.20</xmax>
            <ymax>224.00</ymax>
        </bndbox>
    </object>
    <object>
        <name>1</name>
        <bndbox>
            <xmin>46.20</xmin>
            <ymin>96.43</ymin>
            <xmax>57.31</xmax>
            <ymax>107.54</ymax>
        </bndbox>
    </object>
</annotation>
