<?xml version="1.0"?>
<annotation>
    <filename>000002633.jpg</filename>
    <source>
        <annotation>ArcGIS Pro 2.1</annotation>
    </source>
    <size>
        <width>224</width>
        <height>224</height>
        <depth>3</depth>
    </size>
    <object>
        <name>2</name>
        <bndbox>
            <xmin>192.87</xmin>
            <ymin>126.59</ymin>
            <xmax>224.00</xmax>
            <ymax>171.04</ymax>
        </bndbox>
    </object>
    <object>
        <name>1</name>
        <bndbox>
            <xmin>25.04</xmin>
            <ymin>126.80</ymin>
            <xmax>36.15</xmax>
            <ymax>137.91</ymax>
        </bndbox>
    </object>
    <object>
        <name>1</name>
        <bndbox>
            <xmin>0.00</xmin>
            <ymin>7.01</ymin>
            <xmax>2.20</xmax>
            <ymax>15.87</ymax>
        </bndbox>
    </object>
</annotation>
