<?xml version="1.0"?>
<annotation>
    <filename>000001992.jpg</filename>
    <source>
        <annotation>ArcGIS Pro 2.1</annotation>
    </source>
    <size>
        <width>224</width>
        <height>224</height>
        <depth>3</depth>
    </size>
    <object>
        <name>2</name>
        <bndbox>
            <xmin>201.43</xmin>
            <ymin>209.29</ymin>
            <xmax>224.00</xmax>
            <ymax>224.00</ymax>
        </bndbox>
    </object>
    <object>
        <name>1</name>
        <bndbox>
            <xmin>148.27</xmin>
            <ymin>32.68</ymin>
            <xmax>159.38</xmax>
            <ymax>43.79</ymax>
        </bndbox>
    </object>
</annotation>
