<?xml version="1.0"?>
<annotation>
    <filename>000000608.jpg</filename>
    <source>
        <annotation>ArcGIS Pro 2.1</annotation>
    </source>
    <size>
        <width>224</width>
        <height>224</height>
        <depth>3</depth>
    </size>
    <object>
        <name>2</name>
        <bndbox>
            <xmin>152.49</xmin>
            <ymin>123.16</ymin>
            <xmax>196.93</xmax>
            <ymax>167.61</ymax>
        </bndbox>
    </object>
    <object>
        <name>1</name>
        <bndbox>
            <xmin>40.14</xmin>
            <ymin>135.21</ymin>
            <xmax>51.25</xmax>
            <ymax>146.32</ymax>
        </bndbox>
    </object>
</annotation>
