<?xml version="1.0"?>
<annotation>
    <filename>000002103.jpg</filename>
    <source>
        <annotation>ArcGIS Pro 2.1</annotation>
    </source>
    <size>
        <width>224</width>
        <height>224</height>
        <depth>3</depth>
    </size>
    <object>
        <name>2</name>
        <bndbox>
            <xmin>127.07</xmin>
            <ymin>171.70</ymin>
            <xmax>171.51</xmax>
            <ymax>216.15</ymax>
        </bndbox>
    </object>
    <object>
        <name>1</name>
        <bndbox>
            <xmin>134.01</xmin>
            <ymin>30.28</ymin>
            <xmax>145.12</xmax>
            <ymax>41.39</ymax>
        </bndbox>
    </object>
</annotation>
