<?xml version="1.0"?>
<annotation>
    <filename>000002207.jpg</filename>
    <source>
        <annotation>ArcGIS Pro 2.1</annotation>
    </source>
    <size>
        <width>224</width>
        <height>224</height>
        <depth>3</depth>
    </size>
    <object>
        <name>2</name>
        <bndbox>
            <xmin>30.82</xmin>
            <ymin>0.00</ymin>
            <xmax>75.26</xmax>
            <ymax>28.99</ymax>
        </bndbox>
    </object>
    <object>
        <name>2</name>
        <bndbox>
            <xmin>94.10</xmin>
            <ymin>120.01</ymin>
            <xmax>138.55</xmax>
            <ymax>164.45</ymax>
        </bndbox>
    </object>
    <object>
        <name>2</name>
        <bndbox>
            <xmin>204.03</xmin>
            <ymin>106.80</ymin>
            <xmax>224.00</xmax>
            <ymax>151.01</ymax>
        </bndbox>
    </object>
</annotation>
