<?xml version="1.0"?>
<annotation>
    <filename>000000562.jpg</filename>
    <source>
        <annotation>ArcGIS Pro 2.1</annotation>
    </source>
    <size>
        <width>224</width>
        <height>224</height>
        <depth>3</depth>
    </size>
    <object>
        <name>2</name>
        <bndbox>
            <xmin>208.00</xmin>
            <ymin>217.16</ymin>
            <xmax>224.00</xmax>
            <ymax>224.00</ymax>
        </bndbox>
    </object>
    <object>
        <name>1</name>
        <bndbox>
            <xmin>66.44</xmin>
            <ymin>97.45</ymin>
            <xmax>77.56</xmax>
            <ymax>108.56</ymax>
        </bndbox>
    </object>
    <object>
        <name>1</name>
        <bndbox>
            <xmin>114.36</xmin>
            <ymin>11.08</ymin>
            <xmax>125.48</xmax>
            <ymax>22.19</ymax>
        </bndbox>
    </object>
</annotation>
