<?xml version="1.0"?>
<annotation>
    <filename>000000257.jpg</filename>
    <source>
        <annotation>ArcGIS Pro 2.1</annotation>
    </source>
    <size>
        <width>224</width>
        <height>224</height>
        <depth>3</depth>
    </size>
    <object>
        <name>1</name>
        <bndbox>
            <xmin>181.34</xmin>
            <ymin>195.24</ymin>
            <xmax>192.45</xmax>
            <ymax>206.35</ymax>
        </bndbox>
    </object>
</annotation>
