<?xml version="1.0"?>
<annotation>
    <filename>000003453.jpg</filename>
    <source>
        <annotation>ArcGIS Pro 2.1</annotation>
    </source>
    <size>
        <width>224</width>
        <height>224</height>
        <depth>3</depth>
    </size>
    <object>
        <name>1</name>
        <bndbox>
            <xmin>199.20</xmin>
            <ymin>187.86</ymin>
            <xmax>210.32</xmax>
            <ymax>198.97</ymax>
        </bndbox>
    </object>
</annotation>
