<?xml version="1.0"?>
<annotation>
    <filename>000001908.jpg</filename>
    <source>
        <annotation>ArcGIS Pro 2.1</annotation>
    </source>
    <size>
        <width>224</width>
        <height>224</height>
        <depth>3</depth>
    </size>
    <object>
        <name>1</name>
        <bndbox>
            <xmin>5.27</xmin>
            <ymin>70.15</ymin>
            <xmax>16.38</xmax>
            <ymax>81.26</ymax>
        </bndbox>
    </object>
    <object>
        <name>1</name>
        <bndbox>
            <xmin>194.97</xmin>
            <ymin>92.53</ymin>
            <xmax>206.08</xmax>
            <ymax>103.64</ymax>
        </bndbox>
    </object>
</annotation>
