<?xml version="1.0"?>
<annotation>
    <filename>000000041.jpg</filename>
    <source>
        <annotation>ArcGIS Pro 2.1</annotation>
    </source>
    <size>
        <width>224</width>
        <height>224</height>
        <depth>3</depth>
    </size>
    <object>
        <name>1</name>
        <bndbox>
            <xmin>38.64</xmin>
            <ymin>152.77</ymin>
            <xmax>49.75</xmax>
            <ymax>163.88</ymax>
        </bndbox>
    </object>
    <object>
        <name>1</name>
        <bndbox>
            <xmin>18.17</xmin>
            <ymin>191.62</ymin>
            <xmax>29.28</xmax>
            <ymax>202.73</ymax>
        </bndbox>
    </object>
</annotation>
