<?xml version="1.0"?>
<annotation>
    <filename>000002912.jpg</filename>
    <source>
        <annotation>ArcGIS Pro 2.1</annotation>
    </source>
    <size>
        <width>224</width>
        <height>224</height>
        <depth>3</depth>
    </size>
    <object>
        <name>1</name>
        <bndbox>
            <xmin>159.61</xmin>
            <ymin>126.57</ymin>
            <xmax>170.72</xmax>
            <ymax>137.68</ymax>
        </bndbox>
    </object>
</annotation>
