<?xml version="1.0"?>
<annotation>
    <filename>000002801.jpg</filename>
    <source>
        <annotation>ArcGIS Pro 2.1</annotation>
    </source>
    <size>
        <width>224</width>
        <height>224</height>
        <depth>3</depth>
    </size>
    <object>
        <name>2</name>
        <bndbox>
            <xmin>0.00</xmin>
            <ymin>195.69</ymin>
            <xmax>14.91</xmax>
            <ymax>224.00</ymax>
        </bndbox>
    </object>
    <object>
        <name>1</name>
        <bndbox>
            <xmin>213.26</xmin>
            <ymin>46.98</ymin>
            <xmax>224.00</xmax>
            <ymax>58.09</ymax>
        </bndbox>
    </object>
    <object>
        <name>1</name>
        <bndbox>
            <xmin>170.87</xmin>
            <ymin>0.00</ymin>
            <xmax>181.77</xmax>
            <ymax>4.52</ymax>
        </bndbox>
    </object>
    <object>
        <name>1</name>
        <bndbox>
            <xmin>108.35</xmin>
            <ymin>10.51</ymin>
            <xmax>119.46</xmax>
            <ymax>21.62</ymax>
        </bndbox>
    </object>
    <object>
        <name>1</name>
        <bndbox>
            <xmin>118.61</xmin>
            <ymin>183.78</ymin>
            <xmax>129.72</xmax>
            <ymax>194.89</ymax>
        </bndbox>
    </object>
</annotation>
