<?xml version="1.0"?>
<annotation>
    <filename>000002371.jpg</filename>
    <source>
        <annotation>ArcGIS Pro 2.1</annotation>
    </source>
    <size>
        <width>224</width>
        <height>224</height>
        <depth>3</depth>
    </size>
    <object>
        <name>2</name>
        <bndbox>
            <xmin>62.29</xmin>
            <ymin>93.24</ymin>
            <xmax>106.73</xmax>
            <ymax>137.69</ymax>
        </bndbox>
    </object>
    <object>
        <name>2</name>
        <bndbox>
            <xmin>22.39</xmin>
            <ymin>1.29</ymin>
            <xmax>66.83</xmax>
            <ymax>45.73</ymax>
        </bndbox>
    </object>
</annotation>
