<?xml version="1.0"?>
<annotation>
    <filename>000002355.jpg</filename>
    <source>
        <annotation>ArcGIS Pro 2.1</annotation>
    </source>
    <size>
        <width>224</width>
        <height>224</height>
        <depth>3</depth>
    </size>
    <object>
        <name>1</name>
        <bndbox>
            <xmin>0.34</xmin>
            <ymin>182.58</ymin>
            <xmax>11.45</xmax>
            <ymax>193.69</ymax>
        </bndbox>
    </object>
    <object>
        <name>1</name>
        <bndbox>
            <xmin>126.24</xmin>
            <ymin>185.59</ymin>
            <xmax>137.35</xmax>
            <ymax>196.70</ymax>
        </bndbox>
    </object>
</annotation>
