<?xml version="1.0"?>
<annotation>
    <filename>000002602.jpg</filename>
    <source>
        <annotation>ArcGIS Pro 2.1</annotation>
    </source>
    <size>
        <width>224</width>
        <height>224</height>
        <depth>3</depth>
    </size>
    <object>
        <name>2</name>
        <bndbox>
            <xmin>108.00</xmin>
            <ymin>0.00</ymin>
            <xmax>150.09</xmax>
            <ymax>15.08</ymax>
        </bndbox>
    </object>
    <object>
        <name>1</name>
        <bndbox>
            <xmin>144.42</xmin>
            <ymin>215.84</ymin>
            <xmax>155.52</xmax>
            <ymax>224.00</ymax>
        </bndbox>
    </object>
    <object>
        <name>1</name>
        <bndbox>
            <xmin>41.97</xmin>
            <ymin>50.64</ymin>
            <xmax>53.09</xmax>
            <ymax>61.75</ymax>
        </bndbox>
    </object>
</annotation>
