<?xml version="1.0"?>
<annotation>
    <filename>000002421.jpg</filename>
    <source>
        <annotation>ArcGIS Pro 2.1</annotation>
    </source>
    <size>
        <width>224</width>
        <height>224</height>
        <depth>3</depth>
    </size>
    <object>
        <name>1</name>
        <bndbox>
            <xmin>166.07</xmin>
            <ymin>142.72</ymin>
            <xmax>177.18</xmax>
            <ymax>153.83</ymax>
        </bndbox>
    </object>
    <object>
        <name>1</name>
        <bndbox>
            <xmin>0.00</xmin>
            <ymin>67.06</ymin>
            <xmax>1.41</xmax>
            <ymax>74.44</ymax>
        </bndbox>
    </object>
    <object>
        <name>1</name>
        <bndbox>
            <xmin>72.65</xmin>
            <ymin>56.44</ymin>
            <xmax>83.76</xmax>
            <ymax>67.55</ymax>
        </bndbox>
    </object>
    <object>
        <name>1</name>
        <bndbox>
            <xmin>80.34</xmin>
            <ymin>67.56</ymin>
            <xmax>91.45</xmax>
            <ymax>78.67</ymax>
        </bndbox>
    </object>
</annotation>
