<?xml version="1.0"?>
<annotation>
    <filename>000001617.jpg</filename>
    <source>
        <annotation>ArcGIS Pro 2.1</annotation>
    </source>
    <size>
        <width>224</width>
        <height>224</height>
        <depth>3</depth>
    </size>
    <object>
        <name>1</name>
        <bndbox>
            <xmin>122.23</xmin>
            <ymin>118.29</ymin>
            <xmax>133.34</xmax>
            <ymax>129.40</ymax>
        </bndbox>
    </object>
</annotation>
