<?xml version="1.0"?>
<annotation>
    <filename>000003381.jpg</filename>
    <source>
        <annotation>ArcGIS Pro 2.1</annotation>
    </source>
    <size>
        <width>224</width>
        <height>224</height>
        <depth>3</depth>
    </size>
    <object>
        <name>2</name>
        <bndbox>
            <xmin>221.94</xmin>
            <ymin>175.84</ymin>
            <xmax>224.00</xmax>
            <ymax>194.52</ymax>
        </bndbox>
    </object>
    <object>
        <name>2</name>
        <bndbox>
            <xmin>125.98</xmin>
            <ymin>218.54</ymin>
            <xmax>155.15</xmax>
            <ymax>224.00</ymax>
        </bndbox>
    </object>
</annotation>
