<?xml version="1.0"?>
<annotation>
    <filename>000000519.jpg</filename>
    <source>
        <annotation>ArcGIS Pro 2.1</annotation>
    </source>
    <size>
        <width>224</width>
        <height>224</height>
        <depth>3</depth>
    </size>
    <object>
        <name>1</name>
        <bndbox>
            <xmin>111.83</xmin>
            <ymin>130.96</ymin>
            <xmax>122.94</xmax>
            <ymax>142.07</ymax>
        </bndbox>
    </object>
</annotation>
