<?xml version="1.0"?>
<annotation>
    <filename>000001032.jpg</filename>
    <source>
        <annotation>ArcGIS Pro 2.1</annotation>
    </source>
    <size>
        <width>224</width>
        <height>224</height>
        <depth>3</depth>
    </size>
    <object>
        <name>1</name>
        <bndbox>
            <xmin>70.87</xmin>
            <ymin>88.62</ymin>
            <xmax>81.98</xmax>
            <ymax>99.73</ymax>
        </bndbox>
    </object>
    <object>
        <name>1</name>
        <bndbox>
            <xmin>139.58</xmin>
            <ymin>86.97</ymin>
            <xmax>150.69</xmax>
            <ymax>98.09</ymax>
        </bndbox>
    </object>
    <object>
        <name>1</name>
        <bndbox>
            <xmin>120.31</xmin>
            <ymin>158.07</ymin>
            <xmax>131.42</xmax>
            <ymax>169.19</ymax>
        </bndbox>
    </object>
    <object>
        <name>1</name>
        <bndbox>
            <xmin>186.93</xmin>
            <ymin>112.96</ymin>
            <xmax>198.04</xmax>
            <ymax>124.08</ymax>
        </bndbox>
    </object>
    <object>
        <name>1</name>
        <bndbox>
            <xmin>165.57</xmin>
            <ymin>127.15</ymin>
            <xmax>176.68</xmax>
            <ymax>138.27</ymax>
        </bndbox>
    </object>
    <object>
        <name>1</name>
        <bndbox>
            <xmin>210.22</xmin>
            <ymin>96.92</ymin>
            <xmax>221.33</xmax>
            <ymax>108.03</ymax>
        </bndbox>
    </object>
    <object>
        <name>1</name>
        <bndbox>
            <xmin>161.42</xmin>
            <ymin>218.37</ymin>
            <xmax>172.53</xmax>
            <ymax>224.00</ymax>
        </bndbox>
    </object>
    <object>
        <name>1</name>
        <bndbox>
            <xmin>171.96</xmin>
            <ymin>211.54</ymin>
            <xmax>183.07</xmax>
            <ymax>222.65</ymax>
        </bndbox>
    </object>
    <object>
        <name>1</name>
        <bndbox>
            <xmin>195.46</xmin>
            <ymin>196.44</ymin>
            <xmax>206.58</xmax>
            <ymax>207.55</ymax>
        </bndbox>
    </object>
    <object>
        <name>1</name>
        <bndbox>
            <xmin>206.58</xmin>
            <ymin>188.60</ymin>
            <xmax>217.69</xmax>
            <ymax>199.71</ymax>
        </bndbox>
    </object>
</annotation>
