<?xml version="1.0"?>
<annotation>
    <filename>000000733.jpg</filename>
    <source>
        <annotation>ArcGIS Pro 2.1</annotation>
    </source>
    <size>
        <width>224</width>
        <height>224</height>
        <depth>3</depth>
    </size>
    <object>
        <name>2</name>
        <bndbox>
            <xmin>152.49</xmin>
            <ymin>11.16</ymin>
            <xmax>196.93</xmax>
            <ymax>55.61</ymax>
        </bndbox>
    </object>
    <object>
        <name>1</name>
        <bndbox>
            <xmin>40.14</xmin>
            <ymin>23.21</ymin>
            <xmax>51.25</xmax>
            <ymax>34.32</ymax>
        </bndbox>
    </object>
    <object>
        <name>1</name>
        <bndbox>
            <xmin>122.88</xmin>
            <ymin>145.24</ymin>
            <xmax>133.99</xmax>
            <ymax>156.35</ymax>
        </bndbox>
    </object>
</annotation>
