<?xml version="1.0"?>
<annotation>
    <filename>000000666.jpg</filename>
    <source>
        <annotation>ArcGIS Pro 2.1</annotation>
    </source>
    <size>
        <width>224</width>
        <height>224</height>
        <depth>3</depth>
    </size>
    <object>
        <name>2</name>
        <bndbox>
            <xmin>0.00</xmin>
            <ymin>83.05</ymin>
            <xmax>33.45</xmax>
            <ymax>127.49</ymax>
        </bndbox>
    </object>
    <object>
        <name>1</name>
        <bndbox>
            <xmin>220.51</xmin>
            <ymin>167.92</ymin>
            <xmax>224.00</xmax>
            <ymax>178.22</ymax>
        </bndbox>
    </object>
</annotation>
