<?xml version="1.0"?>
<annotation>
    <filename>000002901.jpg</filename>
    <source>
        <annotation>ArcGIS Pro 2.1</annotation>
    </source>
    <size>
        <width>224</width>
        <height>224</height>
        <depth>3</depth>
    </size>
    <object>
        <name>2</name>
        <bndbox>
            <xmin>166.99</xmin>
            <ymin>21.57</ymin>
            <xmax>211.44</xmax>
            <ymax>66.01</ymax>
        </bndbox>
    </object>
    <object>
        <name>2</name>
        <bndbox>
            <xmin>0.00</xmin>
            <ymin>20.06</ymin>
            <xmax>1.72</xmax>
            <ymax>37.20</ymax>
        </bndbox>
    </object>
</annotation>
