<?xml version="1.0"?>
<annotation>
    <filename>000000369.jpg</filename>
    <source>
        <annotation>ArcGIS Pro 2.1</annotation>
    </source>
    <size>
        <width>224</width>
        <height>224</height>
        <depth>3</depth>
    </size>
    <object>
        <name>2</name>
        <bndbox>
            <xmin>21.21</xmin>
            <ymin>76.50</ymin>
            <xmax>65.66</xmax>
            <ymax>120.94</ymax>
        </bndbox>
    </object>
    <object>
        <name>2</name>
        <bndbox>
            <xmin>50.73</xmin>
            <ymin>0.00</ymin>
            <xmax>95.12</xmax>
            <ymax>42.82</ymax>
        </bndbox>
    </object>
    <object>
        <name>2</name>
        <bndbox>
            <xmin>118.37</xmin>
            <ymin>19.25</ymin>
            <xmax>162.81</xmax>
            <ymax>63.69</ymax>
        </bndbox>
    </object>
    <object>
        <name>1</name>
        <bndbox>
            <xmin>48.17</xmin>
            <ymin>201.57</ymin>
            <xmax>59.28</xmax>
            <ymax>212.68</ymax>
        </bndbox>
    </object>
    <object>
        <name>1</name>
        <bndbox>
            <xmin>38.37</xmin>
            <ymin>210.70</ymin>
            <xmax>49.49</xmax>
            <ymax>221.81</ymax>
        </bndbox>
    </object>
    <object>
        <name>1</name>
        <bndbox>
            <xmin>143.93</xmin>
            <ymin>134.00</ymin>
            <xmax>155.04</xmax>
            <ymax>145.11</ymax>
        </bndbox>
    </object>
    <object>
        <name>1</name>
        <bndbox>
            <xmin>154.44</xmin>
            <ymin>127.10</ymin>
            <xmax>165.55</xmax>
            <ymax>138.21</ymax>
        </bndbox>
    </object>
    <object>
        <name>1</name>
        <bndbox>
            <xmin>218.69</xmin>
            <ymin>208.77</ymin>
            <xmax>224.00</xmax>
            <ymax>219.86</ymax>
        </bndbox>
    </object>
</annotation>
