<?xml version="1.0"?>
<annotation>
    <filename>000001684.jpg</filename>
    <source>
        <annotation>ArcGIS Pro 2.1</annotation>
    </source>
    <size>
        <width>224</width>
        <height>224</height>
        <depth>3</depth>
    </size>
    <object>
        <name>1</name>
        <bndbox>
            <xmin>141.32</xmin>
            <ymin>80.50</ymin>
            <xmax>152.43</xmax>
            <ymax>91.61</ymax>
        </bndbox>
    </object>
    <object>
        <name>1</name>
        <bndbox>
            <xmin>146.44</xmin>
            <ymin>69.62</ymin>
            <xmax>157.55</xmax>
            <ymax>80.73</ymax>
        </bndbox>
    </object>
</annotation>
