<?xml version="1.0"?>
<annotation>
    <filename>000002091.jpg</filename>
    <source>
        <annotation>ArcGIS Pro 2.1</annotation>
    </source>
    <size>
        <width>224</width>
        <height>224</height>
        <depth>3</depth>
    </size>
    <object>
        <name>1</name>
        <bndbox>
            <xmin>181.75</xmin>
            <ymin>222.54</ymin>
            <xmax>189.25</xmax>
            <ymax>224.00</ymax>
        </bndbox>
    </object>
</annotation>
