<?xml version="1.0"?>
<annotation>
    <filename>000001156.jpg</filename>
    <source>
        <annotation>ArcGIS Pro 2.1</annotation>
    </source>
    <size>
        <width>224</width>
        <height>224</height>
        <depth>3</depth>
    </size>
    <object>
        <name>1</name>
        <bndbox>
            <xmin>90.66</xmin>
            <ymin>0.00</ymin>
            <xmax>101.77</xmax>
            <ymax>6.62</ymax>
        </bndbox>
    </object>
    <object>
        <name>1</name>
        <bndbox>
            <xmin>120.01</xmin>
            <ymin>0.00</ymin>
            <xmax>131.12</xmax>
            <ymax>5.48</ymax>
        </bndbox>
    </object>
    <object>
        <name>1</name>
        <bndbox>
            <xmin>98.78</xmin>
            <ymin>6.48</ymin>
            <xmax>109.89</xmax>
            <ymax>17.59</ymax>
        </bndbox>
    </object>
    <object>
        <name>1</name>
        <bndbox>
            <xmin>130.83</xmin>
            <ymin>6.20</ymin>
            <xmax>141.95</xmax>
            <ymax>17.31</ymax>
        </bndbox>
    </object>
    <object>
        <name>1</name>
        <bndbox>
            <xmin>134.68</xmin>
            <ymin>15.88</ymin>
            <xmax>145.79</xmax>
            <ymax>27.00</ymax>
        </bndbox>
    </object>
    <object>
        <name>1</name>
        <bndbox>
            <xmin>139.52</xmin>
            <ymin>27.00</ymin>
            <xmax>150.63</xmax>
            <ymax>38.11</ymax>
        </bndbox>
    </object>
    <object>
        <name>1</name>
        <bndbox>
            <xmin>113.17</xmin>
            <ymin>29.85</ymin>
            <xmax>124.28</xmax>
            <ymax>40.96</ymax>
        </bndbox>
    </object>
    <object>
        <name>1</name>
        <bndbox>
            <xmin>121.43</xmin>
            <ymin>41.10</ymin>
            <xmax>132.54</xmax>
            <ymax>52.21</ymax>
        </bndbox>
    </object>
    <object>
        <name>1</name>
        <bndbox>
            <xmin>136.31</xmin>
            <ymin>108.58</ymin>
            <xmax>147.43</xmax>
            <ymax>119.69</ymax>
        </bndbox>
    </object>
    <object>
        <name>1</name>
        <bndbox>
            <xmin>48.35</xmin>
            <ymin>188.11</ymin>
            <xmax>59.47</xmax>
            <ymax>199.22</ymax>
        </bndbox>
    </object>
    <object>
        <name>1</name>
        <bndbox>
            <xmin>144.24</xmin>
            <ymin>74.65</ymin>
            <xmax>155.35</xmax>
            <ymax>85.76</ymax>
        </bndbox>
    </object>
    <object>
        <name>1</name>
        <bndbox>
            <xmin>173.06</xmin>
            <ymin>74.34</ymin>
            <xmax>184.17</xmax>
            <ymax>85.45</ymax>
        </bndbox>
    </object>
</annotation>
