<?xml version="1.0"?>
<annotation>
    <filename>000002745.jpg</filename>
    <source>
        <annotation>ArcGIS Pro 2.1</annotation>
    </source>
    <size>
        <width>224</width>
        <height>224</height>
        <depth>3</depth>
    </size>
    <object>
        <name>2</name>
        <bndbox>
            <xmin>73.38</xmin>
            <ymin>0.00</ymin>
            <xmax>117.81</xmax>
            <ymax>31.26</ymax>
        </bndbox>
    </object>
    <object>
        <name>1</name>
        <bndbox>
            <xmin>61.43</xmin>
            <ymin>157.64</ymin>
            <xmax>72.54</xmax>
            <ymax>168.76</ymax>
        </bndbox>
    </object>
    <object>
        <name>1</name>
        <bndbox>
            <xmin>31.94</xmin>
            <ymin>114.68</ymin>
            <xmax>43.06</xmax>
            <ymax>125.80</ymax>
        </bndbox>
    </object>
</annotation>
