<?xml version="1.0"?>
<annotation>
    <filename>000001015.jpg</filename>
    <source>
        <annotation>ArcGIS Pro 2.1</annotation>
    </source>
    <size>
        <width>224</width>
        <height>224</height>
        <depth>3</depth>
    </size>
    <object>
        <name>1</name>
        <bndbox>
            <xmin>65.44</xmin>
            <ymin>178.85</ymin>
            <xmax>76.55</xmax>
            <ymax>189.96</ymax>
        </bndbox>
    </object>
    <object>
        <name>1</name>
        <bndbox>
            <xmin>101.05</xmin>
            <ymin>156.11</ymin>
            <xmax>112.16</xmax>
            <ymax>167.22</ymax>
        </bndbox>
    </object>
</annotation>
