<?xml version="1.0"?>
<annotation>
    <filename>000000580.jpg</filename>
    <source>
        <annotation>ArcGIS Pro 2.1</annotation>
    </source>
    <size>
        <width>224</width>
        <height>224</height>
        <depth>3</depth>
    </size>
    <object>
        <name>1</name>
        <bndbox>
            <xmin>16.72</xmin>
            <ymin>45.71</ymin>
            <xmax>27.83</xmax>
            <ymax>56.82</ymax>
        </bndbox>
    </object>
    <object>
        <name>1</name>
        <bndbox>
            <xmin>178.29</xmin>
            <ymin>6.01</ymin>
            <xmax>189.40</xmax>
            <ymax>17.12</ymax>
        </bndbox>
    </object>
    <object>
        <name>1</name>
        <bndbox>
            <xmin>205.37</xmin>
            <ymin>48.30</ymin>
            <xmax>216.48</xmax>
            <ymax>59.42</ymax>
        </bndbox>
    </object>
    <object>
        <name>1</name>
        <bndbox>
            <xmin>207.87</xmin>
            <ymin>60.54</ymin>
            <xmax>218.98</xmax>
            <ymax>71.65</ymax>
        </bndbox>
    </object>
</annotation>
