<?xml version="1.0"?>
<annotation>
    <filename>000000133.jpg</filename>
    <source>
        <annotation>ArcGIS Pro 2.1</annotation>
    </source>
    <size>
        <width>224</width>
        <height>224</height>
        <depth>3</depth>
    </size>
    <object>
        <name>2</name>
        <bndbox>
            <xmin>184.86</xmin>
            <ymin>108.83</ymin>
            <xmax>224.00</xmax>
            <ymax>153.27</ymax>
        </bndbox>
    </object>
    <object>
        <name>1</name>
        <bndbox>
            <xmin>0.00</xmin>
            <ymin>21.28</ymin>
            <xmax>7.97</xmax>
            <ymax>32.39</ymax>
        </bndbox>
    </object>
    <object>
        <name>1</name>
        <bndbox>
            <xmin>0.00</xmin>
            <ymin>10.99</ymin>
            <xmax>2.78</xmax>
            <ymax>20.60</ymax>
        </bndbox>
    </object>
    <object>
        <name>1</name>
        <bndbox>
            <xmin>64.58</xmin>
            <ymin>11.09</ymin>
            <xmax>75.69</xmax>
            <ymax>22.20</ymax>
        </bndbox>
    </object>
    <object>
        <name>1</name>
        <bndbox>
            <xmin>91.07</xmin>
            <ymin>49.87</ymin>
            <xmax>102.19</xmax>
            <ymax>60.98</ymax>
        </bndbox>
    </object>
    <object>
        <name>1</name>
        <bndbox>
            <xmin>109.89</xmin>
            <ymin>15.82</ymin>
            <xmax>121.00</xmax>
            <ymax>26.93</ymax>
        </bndbox>
    </object>
    <object>
        <name>1</name>
        <bndbox>
            <xmin>117.18</xmin>
            <ymin>26.48</ymin>
            <xmax>128.29</xmax>
            <ymax>37.59</ymax>
        </bndbox>
    </object>
    <object>
        <name>1</name>
        <bndbox>
            <xmin>184.29</xmin>
            <ymin>0.00</ymin>
            <xmax>195.40</xmax>
            <ymax>5.83</ymax>
        </bndbox>
    </object>
    <object>
        <name>1</name>
        <bndbox>
            <xmin>122.73</xmin>
            <ymin>37.57</ymin>
            <xmax>133.84</xmax>
            <ymax>48.69</ymax>
        </bndbox>
    </object>
    <object>
        <name>1</name>
        <bndbox>
            <xmin>163.51</xmin>
            <ymin>86.96</ymin>
            <xmax>174.63</xmax>
            <ymax>98.07</ymax>
        </bndbox>
    </object>
    <object>
        <name>1</name>
        <bndbox>
            <xmin>145.35</xmin>
            <ymin>63.35</ymin>
            <xmax>156.46</xmax>
            <ymax>74.46</ymax>
        </bndbox>
    </object>
    <object>
        <name>1</name>
        <bndbox>
            <xmin>153.73</xmin>
            <ymin>74.56</ymin>
            <xmax>164.84</xmax>
            <ymax>85.67</ymax>
        </bndbox>
    </object>
    <object>
        <name>1</name>
        <bndbox>
            <xmin>137.84</xmin>
            <ymin>55.74</ymin>
            <xmax>148.96</xmax>
            <ymax>66.85</ymax>
        </bndbox>
    </object>
    <object>
        <name>1</name>
        <bndbox>
            <xmin>130.88</xmin>
            <ymin>48.12</ymin>
            <xmax>141.99</xmax>
            <ymax>59.24</ymax>
        </bndbox>
    </object>
    <object>
        <name>1</name>
        <bndbox>
            <xmin>202.13</xmin>
            <ymin>61.29</ymin>
            <xmax>213.24</xmax>
            <ymax>72.40</ymax>
        </bndbox>
    </object>
    <object>
        <name>1</name>
        <bndbox>
            <xmin>215.07</xmin>
            <ymin>52.04</ymin>
            <xmax>224.00</xmax>
            <ymax>63.15</ymax>
        </bndbox>
    </object>
    <object>
        <name>1</name>
        <bndbox>
            <xmin>77.77</xmin>
            <ymin>141.45</ymin>
            <xmax>88.88</xmax>
            <ymax>152.56</ymax>
        </bndbox>
    </object>
</annotation>
