<?xml version="1.0"?>
<annotation>
    <filename>000001689.jpg</filename>
    <source>
        <annotation>ArcGIS Pro 2.1</annotation>
    </source>
    <size>
        <width>224</width>
        <height>224</height>
        <depth>3</depth>
    </size>
    <object>
        <name>1</name>
        <bndbox>
            <xmin>25.36</xmin>
            <ymin>65.99</ymin>
            <xmax>36.47</xmax>
            <ymax>77.10</ymax>
        </bndbox>
    </object>
    <object>
        <name>1</name>
        <bndbox>
            <xmin>21.73</xmin>
            <ymin>48.83</ymin>
            <xmax>32.84</xmax>
            <ymax>59.95</ymax>
        </bndbox>
    </object>
</annotation>
