<?xml version="1.0"?>
<annotation>
    <filename>000000518.jpg</filename>
    <source>
        <annotation>ArcGIS Pro 2.1</annotation>
    </source>
    <size>
        <width>224</width>
        <height>224</height>
        <depth>3</depth>
    </size>
    <object>
        <name>1</name>
        <bndbox>
            <xmin>72.05</xmin>
            <ymin>31.00</ymin>
            <xmax>83.16</xmax>
            <ymax>42.11</ymax>
        </bndbox>
    </object>
    <object>
        <name>1</name>
        <bndbox>
            <xmin>223.83</xmin>
            <ymin>135.15</ymin>
            <xmax>224.00</xmax>
            <ymax>137.89</ymax>
        </bndbox>
    </object>
</annotation>
