<?xml version="1.0"?>
<annotation>
    <filename>000001505.jpg</filename>
    <source>
        <annotation>ArcGIS Pro 2.1</annotation>
    </source>
    <size>
        <width>224</width>
        <height>224</height>
        <depth>3</depth>
    </size>
    <object>
        <name>1</name>
        <bndbox>
            <xmin>120.58</xmin>
            <ymin>46.16</ymin>
            <xmax>131.69</xmax>
            <ymax>57.27</ymax>
        </bndbox>
    </object>
    <object>
        <name>1</name>
        <bndbox>
            <xmin>9.33</xmin>
            <ymin>42.64</ymin>
            <xmax>20.44</xmax>
            <ymax>53.75</ymax>
        </bndbox>
    </object>
</annotation>
