<?xml version="1.0"?>
<annotation>
    <filename>000002681.jpg</filename>
    <source>
        <annotation>ArcGIS Pro 2.1</annotation>
    </source>
    <size>
        <width>224</width>
        <height>224</height>
        <depth>3</depth>
    </size>
    <object>
        <name>1</name>
        <bndbox>
            <xmin>151.32</xmin>
            <ymin>208.65</ymin>
            <xmax>162.43</xmax>
            <ymax>219.76</ymax>
        </bndbox>
    </object>
    <object>
        <name>1</name>
        <bndbox>
            <xmin>117.68</xmin>
            <ymin>222.75</ymin>
            <xmax>124.68</xmax>
            <ymax>224.00</ymax>
        </bndbox>
    </object>
    <object>
        <name>1</name>
        <bndbox>
            <xmin>0.00</xmin>
            <ymin>162.55</ymin>
            <xmax>0.37</xmax>
            <ymax>166.52</ymax>
        </bndbox>
    </object>
    <object>
        <name>1</name>
        <bndbox>
            <xmin>0.48</xmin>
            <ymin>152.41</ymin>
            <xmax>11.59</xmax>
            <ymax>163.53</ymax>
        </bndbox>
    </object>
</annotation>
