<?xml version="1.0"?>
<annotation>
    <filename>000002318.jpg</filename>
    <source>
        <annotation>ArcGIS Pro 2.1</annotation>
    </source>
    <size>
        <width>224</width>
        <height>224</height>
        <depth>3</depth>
    </size>
    <object>
        <name>2</name>
        <bndbox>
            <xmin>0.00</xmin>
            <ymin>71.15</ymin>
            <xmax>32.15</xmax>
            <ymax>115.59</ymax>
        </bndbox>
    </object>
    <object>
        <name>1</name>
        <bndbox>
            <xmin>0.00</xmin>
            <ymin>205.27</ymin>
            <xmax>4.69</xmax>
            <ymax>216.24</ymax>
        </bndbox>
    </object>
</annotation>
