<?xml version="1.0"?>
<annotation>
    <filename>000000363.jpg</filename>
    <source>
        <annotation>ArcGIS Pro 2.1</annotation>
    </source>
    <size>
        <width>224</width>
        <height>224</height>
        <depth>3</depth>
    </size>
    <object>
        <name>2</name>
        <bndbox>
            <xmin>172.54</xmin>
            <ymin>158.81</ymin>
            <xmax>216.98</xmax>
            <ymax>203.26</ymax>
        </bndbox>
    </object>
    <object>
        <name>2</name>
        <bndbox>
            <xmin>132.64</xmin>
            <ymin>127.58</ymin>
            <xmax>177.08</xmax>
            <ymax>172.03</ymax>
        </bndbox>
    </object>
    <object>
        <name>1</name>
        <bndbox>
            <xmin>202.89</xmin>
            <ymin>15.91</ymin>
            <xmax>214.00</xmax>
            <ymax>27.02</ymax>
        </bndbox>
    </object>
</annotation>
