<?xml version="1.0"?>
<annotation>
    <filename>000003576.jpg</filename>
    <source>
        <annotation>ArcGIS Pro 2.1</annotation>
    </source>
    <size>
        <width>224</width>
        <height>224</height>
        <depth>3</depth>
    </size>
    <object>
        <name>1</name>
        <bndbox>
            <xmin>76.96</xmin>
            <ymin>111.33</ymin>
            <xmax>88.07</xmax>
            <ymax>122.44</ymax>
        </bndbox>
    </object>
    <object>
        <name>1</name>
        <bndbox>
            <xmin>117.70</xmin>
            <ymin>174.00</ymin>
            <xmax>128.81</xmax>
            <ymax>185.11</ymax>
        </bndbox>
    </object>
    <object>
        <name>1</name>
        <bndbox>
            <xmin>130.09</xmin>
            <ymin>201.96</ymin>
            <xmax>141.20</xmax>
            <ymax>213.07</ymax>
        </bndbox>
    </object>
    <object>
        <name>1</name>
        <bndbox>
            <xmin>176.62</xmin>
            <ymin>144.03</ymin>
            <xmax>187.73</xmax>
            <ymax>155.14</ymax>
        </bndbox>
    </object>
    <object>
        <name>1</name>
        <bndbox>
            <xmin>219.74</xmin>
            <ymin>77.48</ymin>
            <xmax>224.00</xmax>
            <ymax>88.28</ymax>
        </bndbox>
    </object>
    <object>
        <name>1</name>
        <bndbox>
            <xmin>27.37</xmin>
            <ymin>26.78</ymin>
            <xmax>38.48</xmax>
            <ymax>37.89</ymax>
        </bndbox>
    </object>
    <object>
        <name>1</name>
        <bndbox>
            <xmin>0.00</xmin>
            <ymin>175.18</ymin>
            <xmax>3.35</xmax>
            <ymax>185.37</ymax>
        </bndbox>
    </object>
    <object>
        <name>1</name>
        <bndbox>
            <xmin>0.00</xmin>
            <ymin>165.33</ymin>
            <xmax>9.19</xmax>
            <ymax>176.44</ymax>
        </bndbox>
    </object>
    <object>
        <name>1</name>
        <bndbox>
            <xmin>0.00</xmin>
            <ymin>217.41</ymin>
            <xmax>10.25</xmax>
            <ymax>224.00</ymax>
        </bndbox>
    </object>
    <object>
        <name>1</name>
        <bndbox>
            <xmin>9.55</xmin>
            <ymin>207.70</ymin>
            <xmax>20.66</xmax>
            <ymax>218.81</ymax>
        </bndbox>
    </object>
    <object>
        <name>1</name>
        <bndbox>
            <xmin>11.46</xmin>
            <ymin>194.34</ymin>
            <xmax>22.57</xmax>
            <ymax>205.45</ymax>
        </bndbox>
    </object>
    <object>
        <name>1</name>
        <bndbox>
            <xmin>18.75</xmin>
            <ymin>184.52</ymin>
            <xmax>29.86</xmax>
            <ymax>195.63</ymax>
        </bndbox>
    </object>
    <object>
        <name>1</name>
        <bndbox>
            <xmin>222.88</xmin>
            <ymin>5.55</ymin>
            <xmax>224.00</xmax>
            <ymax>12.24</ymax>
        </bndbox>
    </object>
    <object>
        <name>1</name>
        <bndbox>
            <xmin>0.00</xmin>
            <ymin>30.20</ymin>
            <xmax>1.75</xmax>
            <ymax>38.29</ymax>
        </bndbox>
    </object>
    <object>
        <name>1</name>
        <bndbox>
            <xmin>0.00</xmin>
            <ymin>17.76</ymin>
            <xmax>7.70</xmax>
            <ymax>28.87</ymax>
        </bndbox>
    </object>
    <object>
        <name>1</name>
        <bndbox>
            <xmin>6.75</xmin>
            <ymin>7.17</ymin>
            <xmax>17.86</xmax>
            <ymax>18.28</ymax>
        </bndbox>
    </object>
    <object>
        <name>1</name>
        <bndbox>
            <xmin>15.34</xmin>
            <ymin>0.00</ymin>
            <xmax>26.45</xmax>
            <ymax>8.79</ymax>
        </bndbox>
    </object>
    <object>
        <name>1</name>
        <bndbox>
            <xmin>20.50</xmin>
            <ymin>36.84</ymin>
            <xmax>31.61</xmax>
            <ymax>47.95</ymax>
        </bndbox>
    </object>
    <object>
        <name>1</name>
        <bndbox>
            <xmin>42.96</xmin>
            <ymin>0.00</ymin>
            <xmax>54.07</xmax>
            <ymax>7.77</ymax>
        </bndbox>
    </object>
    <object>
        <name>1</name>
        <bndbox>
            <xmin>35.65</xmin>
            <ymin>15.95</ymin>
            <xmax>46.76</xmax>
            <ymax>27.06</ymax>
        </bndbox>
    </object>
    <object>
        <name>1</name>
        <bndbox>
            <xmin>110.84</xmin>
            <ymin>0.00</ymin>
            <xmax>119.21</xmax>
            <ymax>1.90</ymax>
        </bndbox>
    </object>
    <object>
        <name>1</name>
        <bndbox>
            <xmin>119.07</xmin>
            <ymin>0.00</ymin>
            <xmax>130.17</xmax>
            <ymax>7.61</ymax>
        </bndbox>
    </object>
    <object>
        <name>1</name>
        <bndbox>
            <xmin>129.73</xmin>
            <ymin>4.36</ymin>
            <xmax>140.84</xmax>
            <ymax>15.48</ymax>
        </bndbox>
    </object>
    <object>
        <name>1</name>
        <bndbox>
            <xmin>141.49</xmin>
            <ymin>14.18</ymin>
            <xmax>152.60</xmax>
            <ymax>25.29</ymax>
        </bndbox>
    </object>
    <object>
        <name>1</name>
        <bndbox>
            <xmin>150.22</xmin>
            <ymin>22.55</ymin>
            <xmax>161.33</xmax>
            <ymax>33.66</ymax>
        </bndbox>
    </object>
    <object>
        <name>1</name>
        <bndbox>
            <xmin>165.39</xmin>
            <ymin>33.45</ymin>
            <xmax>176.50</xmax>
            <ymax>44.56</ymax>
        </bndbox>
    </object>
    <object>
        <name>1</name>
        <bndbox>
            <xmin>183.12</xmin>
            <ymin>52.71</ymin>
            <xmax>194.23</xmax>
            <ymax>63.82</ymax>
        </bndbox>
    </object>
    <object>
        <name>1</name>
        <bndbox>
            <xmin>172.51</xmin>
            <ymin>44.23</ymin>
            <xmax>183.62</xmax>
            <ymax>55.34</ymax>
        </bndbox>
    </object>
    <object>
        <name>1</name>
        <bndbox>
            <xmin>200.14</xmin>
            <ymin>61.83</ymin>
            <xmax>211.25</xmax>
            <ymax>72.94</ymax>
        </bndbox>
    </object>
    <object>
        <name>1</name>
        <bndbox>
            <xmin>118.50</xmin>
            <ymin>57.44</ymin>
            <xmax>129.61</xmax>
            <ymax>68.55</ymax>
        </bndbox>
    </object>
    <object>
        <name>1</name>
        <bndbox>
            <xmin>100.53</xmin>
            <ymin>43.53</ymin>
            <xmax>111.65</xmax>
            <ymax>54.64</ymax>
        </bndbox>
    </object>
    <object>
        <name>1</name>
        <bndbox>
            <xmin>67.93</xmin>
            <ymin>121.21</ymin>
            <xmax>79.04</xmax>
            <ymax>132.32</ymax>
        </bndbox>
    </object>
    <object>
        <name>1</name>
        <bndbox>
            <xmin>47.51</xmin>
            <ymin>105.21</ymin>
            <xmax>58.63</xmax>
            <ymax>116.32</ymax>
        </bndbox>
    </object>
    <object>
        <name>1</name>
        <bndbox>
            <xmin>54.04</xmin>
            <ymin>93.42</ymin>
            <xmax>65.15</xmax>
            <ymax>104.53</ymax>
        </bndbox>
    </object>
    <object>
        <name>1</name>
        <bndbox>
            <xmin>43.45</xmin>
            <ymin>115.33</ymin>
            <xmax>54.56</xmax>
            <ymax>126.44</ymax>
        </bndbox>
    </object>
    <object>
        <name>1</name>
        <bndbox>
            <xmin>93.99</xmin>
            <ymin>94.16</ymin>
            <xmax>105.11</xmax>
            <ymax>105.27</ymax>
        </bndbox>
    </object>
    <object>
        <name>1</name>
        <bndbox>
            <xmin>86.65</xmin>
            <ymin>104.39</ymin>
            <xmax>97.76</xmax>
            <ymax>115.50</ymax>
        </bndbox>
    </object>
    <object>
        <name>1</name>
        <bndbox>
            <xmin>99.57</xmin>
            <ymin>84.52</ymin>
            <xmax>110.69</xmax>
            <ymax>95.63</ymax>
        </bndbox>
    </object>
    <object>
        <name>1</name>
        <bndbox>
            <xmin>84.62</xmin>
            <ymin>56.04</ymin>
            <xmax>95.73</xmax>
            <ymax>67.15</ymax>
        </bndbox>
    </object>
    <object>
        <name>1</name>
        <bndbox>
            <xmin>88.73</xmin>
            <ymin>44.82</ymin>
            <xmax>99.84</xmax>
            <ymax>55.93</ymax>
        </bndbox>
    </object>
    <object>
        <name>1</name>
        <bndbox>
            <xmin>71.12</xmin>
            <ymin>73.70</ymin>
            <xmax>82.23</xmax>
            <ymax>84.81</ymax>
        </bndbox>
    </object>
    <object>
        <name>1</name>
        <bndbox>
            <xmin>152.29</xmin>
            <ymin>170.25</ymin>
            <xmax>163.40</xmax>
            <ymax>181.36</ymax>
        </bndbox>
    </object>
    <object>
        <name>1</name>
        <bndbox>
            <xmin>148.63</xmin>
            <ymin>181.26</ymin>
            <xmax>159.74</xmax>
            <ymax>192.38</ymax>
        </bndbox>
    </object>
    <object>
        <name>1</name>
        <bndbox>
            <xmin>108.38</xmin>
            <ymin>182.70</ymin>
            <xmax>119.49</xmax>
            <ymax>193.81</ymax>
        </bndbox>
    </object>
    <object>
        <name>1</name>
        <bndbox>
            <xmin>122.59</xmin>
            <ymin>163.53</ymin>
            <xmax>133.70</xmax>
            <ymax>174.65</ymax>
        </bndbox>
    </object>
    <object>
        <name>1</name>
        <bndbox>
            <xmin>153.47</xmin>
            <ymin>123.98</ymin>
            <xmax>164.58</xmax>
            <ymax>135.09</ymax>
        </bndbox>
    </object>
    <object>
        <name>1</name>
        <bndbox>
            <xmin>161.69</xmin>
            <ymin>113.56</ymin>
            <xmax>172.81</xmax>
            <ymax>124.67</ymax>
        </bndbox>
    </object>
    <object>
        <name>1</name>
        <bndbox>
            <xmin>196.30</xmin>
            <ymin>117.17</ymin>
            <xmax>207.41</xmax>
            <ymax>128.29</ymax>
        </bndbox>
    </object>
    <object>
        <name>1</name>
        <bndbox>
            <xmin>178.02</xmin>
            <ymin>102.77</ymin>
            <xmax>189.13</xmax>
            <ymax>113.88</ymax>
        </bndbox>
    </object>
    <object>
        <name>1</name>
        <bndbox>
            <xmin>185.30</xmin>
            <ymin>131.86</ymin>
            <xmax>196.42</xmax>
            <ymax>142.97</ymax>
        </bndbox>
    </object>
    <object>
        <name>1</name>
        <bndbox>
            <xmin>204.57</xmin>
            <ymin>212.05</ymin>
            <xmax>215.68</xmax>
            <ymax>223.17</ymax>
        </bndbox>
    </object>
    <object>
        <name>1</name>
        <bndbox>
            <xmin>209.66</xmin>
            <ymin>69.43</ymin>
            <xmax>220.77</xmax>
            <ymax>80.54</ymax>
        </bndbox>
    </object>
    <object>
        <name>1</name>
        <bndbox>
            <xmin>0.00</xmin>
            <ymin>166.30</ymin>
            <xmax>9.83</xmax>
            <ymax>177.41</ymax>
        </bndbox>
    </object>
    <object>
        <name>1</name>
        <bndbox>
            <xmin>0.00</xmin>
            <ymin>176.11</ymin>
            <xmax>3.74</xmax>
            <ymax>186.61</ymax>
        </bndbox>
    </object>
    <object>
        <name>1</name>
        <bndbox>
            <xmin>19.57</xmin>
            <ymin>185.16</ymin>
            <xmax>30.68</xmax>
            <ymax>196.27</ymax>
        </bndbox>
    </object>
    <object>
        <name>1</name>
        <bndbox>
            <xmin>13.93</xmin>
            <ymin>195.72</ymin>
            <xmax>25.04</xmax>
            <ymax>206.84</ymax>
        </bndbox>
    </object>
    <object>
        <name>1</name>
        <bndbox>
            <xmin>8.68</xmin>
            <ymin>207.45</ymin>
            <xmax>19.79</xmax>
            <ymax>218.56</ymax>
        </bndbox>
    </object>
    <object>
        <name>1</name>
        <bndbox>
            <xmin>0.00</xmin>
            <ymin>217.41</ymin>
            <xmax>10.85</xmax>
            <ymax>224.00</ymax>
        </bndbox>
    </object>
    <object>
        <name>1</name>
        <bndbox>
            <xmin>141.39</xmin>
            <ymin>192.01</ymin>
            <xmax>152.50</xmax>
            <ymax>203.12</ymax>
        </bndbox>
    </object>
    <object>
        <name>1</name>
        <bndbox>
            <xmin>160.16</xmin>
            <ymin>161.99</ymin>
            <xmax>171.27</xmax>
            <ymax>173.10</ymax>
        </bndbox>
    </object>
    <object>
        <name>1</name>
        <bndbox>
            <xmin>143.57</xmin>
            <ymin>133.48</ymin>
            <xmax>154.68</xmax>
            <ymax>144.60</ymax>
        </bndbox>
    </object>
</annotation>
