<?xml version="1.0"?>
<annotation>
    <filename>000001208.jpg</filename>
    <source>
        <annotation>ArcGIS Pro 2.1</annotation>
    </source>
    <size>
        <width>224</width>
        <height>224</height>
        <depth>3</depth>
    </size>
    <object>
        <name>1</name>
        <bndbox>
            <xmin>40.01</xmin>
            <ymin>189.71</ymin>
            <xmax>51.12</xmax>
            <ymax>200.82</ymax>
        </bndbox>
    </object>
    <object>
        <name>1</name>
        <bndbox>
            <xmin>36.31</xmin>
            <ymin>8.43</ymin>
            <xmax>47.43</xmax>
            <ymax>19.54</ymax>
        </bndbox>
    </object>
    <object>
        <name>1</name>
        <bndbox>
            <xmin>140.12</xmin>
            <ymin>210.51</ymin>
            <xmax>151.23</xmax>
            <ymax>221.62</ymax>
        </bndbox>
    </object>
</annotation>
