<?xml version="1.0"?>
<annotation>
    <filename>000001549.jpg</filename>
    <source>
        <annotation>ArcGIS Pro 2.1</annotation>
    </source>
    <size>
        <width>224</width>
        <height>224</height>
        <depth>3</depth>
    </size>
    <object>
        <name>1</name>
        <bndbox>
            <xmin>124.79</xmin>
            <ymin>138.49</ymin>
            <xmax>135.91</xmax>
            <ymax>149.60</ymax>
        </bndbox>
    </object>
</annotation>
