<?xml version="1.0"?>
<annotation>
    <filename>000002770.jpg</filename>
    <source>
        <annotation>ArcGIS Pro 2.1</annotation>
    </source>
    <size>
        <width>224</width>
        <height>224</height>
        <depth>3</depth>
    </size>
    <object>
        <name>2</name>
        <bndbox>
            <xmin>50.56</xmin>
            <ymin>45.74</ymin>
            <xmax>95.00</xmax>
            <ymax>90.19</ymax>
        </bndbox>
    </object>
    <object>
        <name>2</name>
        <bndbox>
            <xmin>0.00</xmin>
            <ymin>47.04</ymin>
            <xmax>36.18</xmax>
            <ymax>91.48</ymax>
        </bndbox>
    </object>
    <object>
        <name>1</name>
        <bndbox>
            <xmin>92.52</xmin>
            <ymin>202.76</ymin>
            <xmax>103.63</xmax>
            <ymax>213.88</ymax>
        </bndbox>
    </object>
    <object>
        <name>1</name>
        <bndbox>
            <xmin>185.66</xmin>
            <ymin>219.05</ymin>
            <xmax>196.70</xmax>
            <ymax>224.00</ymax>
        </bndbox>
    </object>
</annotation>
