<?xml version="1.0"?>
<annotation>
    <filename>000000125.jpg</filename>
    <source>
        <annotation>ArcGIS Pro 2.1</annotation>
    </source>
    <size>
        <width>224</width>
        <height>224</height>
        <depth>3</depth>
    </size>
    <object>
        <name>1</name>
        <bndbox>
            <xmin>174.05</xmin>
            <ymin>44.45</ymin>
            <xmax>185.16</xmax>
            <ymax>55.56</ymax>
        </bndbox>
    </object>
    <object>
        <name>1</name>
        <bndbox>
            <xmin>57.45</xmin>
            <ymin>177.70</ymin>
            <xmax>68.56</xmax>
            <ymax>188.81</ymax>
        </bndbox>
    </object>
</annotation>
