<?xml version="1.0"?>
<annotation>
    <filename>000003690.jpg</filename>
    <source>
        <annotation>ArcGIS Pro 2.1</annotation>
    </source>
    <size>
        <width>224</width>
        <height>224</height>
        <depth>3</depth>
    </size>
    <object>
        <name>2</name>
        <bndbox>
            <xmin>94.35</xmin>
            <ymin>171.63</ymin>
            <xmax>138.80</xmax>
            <ymax>216.07</ymax>
        </bndbox>
    </object>
    <object>
        <name>1</name>
        <bndbox>
            <xmin>149.86</xmin>
            <ymin>18.09</ymin>
            <xmax>160.97</xmax>
            <ymax>29.20</ymax>
        </bndbox>
    </object>
    <object>
        <name>1</name>
        <bndbox>
            <xmin>128.30</xmin>
            <ymin>0.00</ymin>
            <xmax>135.64</xmax>
            <ymax>1.39</ymax>
        </bndbox>
    </object>
    <object>
        <name>1</name>
        <bndbox>
            <xmin>135.46</xmin>
            <ymin>0.00</ymin>
            <xmax>146.57</xmax>
            <ymax>10.39</ymax>
        </bndbox>
    </object>
    <object>
        <name>1</name>
        <bndbox>
            <xmin>158.85</xmin>
            <ymin>24.78</ymin>
            <xmax>169.96</xmax>
            <ymax>35.89</ymax>
        </bndbox>
    </object>
    <object>
        <name>1</name>
        <bndbox>
            <xmin>170.45</xmin>
            <ymin>34.27</ymin>
            <xmax>181.56</xmax>
            <ymax>45.38</ymax>
        </bndbox>
    </object>
    <object>
        <name>1</name>
        <bndbox>
            <xmin>142.80</xmin>
            <ymin>8.02</ymin>
            <xmax>153.91</xmax>
            <ymax>19.13</ymax>
        </bndbox>
    </object>
    <object>
        <name>1</name>
        <bndbox>
            <xmin>170.06</xmin>
            <ymin>35.20</ymin>
            <xmax>181.18</xmax>
            <ymax>46.31</ymax>
        </bndbox>
    </object>
    <object>
        <name>1</name>
        <bndbox>
            <xmin>142.28</xmin>
            <ymin>9.10</ymin>
            <xmax>153.39</xmax>
            <ymax>20.21</ymax>
        </bndbox>
    </object>
    <object>
        <name>1</name>
        <bndbox>
            <xmin>135.36</xmin>
            <ymin>0.00</ymin>
            <xmax>146.47</xmax>
            <ymax>10.97</ymax>
        </bndbox>
    </object>
    <object>
        <name>1</name>
        <bndbox>
            <xmin>149.32</xmin>
            <ymin>18.92</ymin>
            <xmax>160.43</xmax>
            <ymax>30.03</ymax>
        </bndbox>
    </object>
</annotation>
