<?xml version="1.0"?>
<annotation>
    <filename>000000012.jpg</filename>
    <source>
        <annotation>ArcGIS Pro 2.1</annotation>
    </source>
    <size>
        <width>224</width>
        <height>224</height>
        <depth>3</depth>
    </size>
    <object>
        <name>2</name>
        <bndbox>
            <xmin>149.53</xmin>
            <ymin>196.11</ymin>
            <xmax>193.97</xmax>
            <ymax>224.00</ymax>
        </bndbox>
    </object>
    <object>
        <name>2</name>
        <bndbox>
            <xmin>120.24</xmin>
            <ymin>212.77</ymin>
            <xmax>158.87</xmax>
            <ymax>224.00</ymax>
        </bndbox>
    </object>
</annotation>
