<?xml version="1.0"?>
<annotation>
    <filename>000000296.jpg</filename>
    <source>
        <annotation>ArcGIS Pro 2.1</annotation>
    </source>
    <size>
        <width>224</width>
        <height>224</height>
        <depth>3</depth>
    </size>
    <object>
        <name>2</name>
        <bndbox>
            <xmin>216.30</xmin>
            <ymin>4.60</ymin>
            <xmax>224.00</xmax>
            <ymax>38.24</ymax>
        </bndbox>
    </object>
    <object>
        <name>1</name>
        <bndbox>
            <xmin>198.54</xmin>
            <ymin>166.86</ymin>
            <xmax>209.65</xmax>
            <ymax>177.98</ymax>
        </bndbox>
    </object>
    <object>
        <name>1</name>
        <bndbox>
            <xmin>202.35</xmin>
            <ymin>173.95</ymin>
            <xmax>213.47</xmax>
            <ymax>185.06</ymax>
        </bndbox>
    </object>
    <object>
        <name>1</name>
        <bndbox>
            <xmin>210.34</xmin>
            <ymin>184.48</ymin>
            <xmax>221.46</xmax>
            <ymax>195.59</ymax>
        </bndbox>
    </object>
    <object>
        <name>1</name>
        <bndbox>
            <xmin>146.60</xmin>
            <ymin>80.06</ymin>
            <xmax>157.72</xmax>
            <ymax>91.17</ymax>
        </bndbox>
    </object>
</annotation>
