<?xml version="1.0"?>
<annotation>
    <filename>000001347.jpg</filename>
    <source>
        <annotation>ArcGIS Pro 2.1</annotation>
    </source>
    <size>
        <width>224</width>
        <height>224</height>
        <depth>3</depth>
    </size>
    <object>
        <name>2</name>
        <bndbox>
            <xmin>0.00</xmin>
            <ymin>156.83</ymin>
            <xmax>33.81</xmax>
            <ymax>201.27</ymax>
        </bndbox>
    </object>
    <object>
        <name>1</name>
        <bndbox>
            <xmin>171.49</xmin>
            <ymin>110.79</ymin>
            <xmax>182.60</xmax>
            <ymax>121.90</ymax>
        </bndbox>
    </object>
    <object>
        <name>1</name>
        <bndbox>
            <xmin>155.04</xmin>
            <ymin>212.98</ymin>
            <xmax>166.15</xmax>
            <ymax>224.00</ymax>
        </bndbox>
    </object>
</annotation>
