<?xml version="1.0"?>
<annotation>
    <filename>000002372.jpg</filename>
    <source>
        <annotation>ArcGIS Pro 2.1</annotation>
    </source>
    <size>
        <width>224</width>
        <height>224</height>
        <depth>3</depth>
    </size>
    <object>
        <name>1</name>
        <bndbox>
            <xmin>95.53</xmin>
            <ymin>97.24</ymin>
            <xmax>106.65</xmax>
            <ymax>108.35</ymax>
        </bndbox>
    </object>
    <object>
        <name>1</name>
        <bndbox>
            <xmin>136.03</xmin>
            <ymin>86.33</ymin>
            <xmax>147.14</xmax>
            <ymax>97.44</ymax>
        </bndbox>
    </object>
</annotation>
