<?xml version="1.0"?>
<annotation>
    <filename>000001085.jpg</filename>
    <source>
        <annotation>ArcGIS Pro 2.1</annotation>
    </source>
    <size>
        <width>224</width>
        <height>224</height>
        <depth>3</depth>
    </size>
    <object>
        <name>2</name>
        <bndbox>
            <xmin>183.43</xmin>
            <ymin>51.88</ymin>
            <xmax>224.00</xmax>
            <ymax>96.32</ymax>
        </bndbox>
    </object>
    <object>
        <name>2</name>
        <bndbox>
            <xmin>6.47</xmin>
            <ymin>180.42</ymin>
            <xmax>50.91</xmax>
            <ymax>224.00</ymax>
        </bndbox>
    </object>
</annotation>
