<?xml version="1.0"?>
<annotation>
    <filename>000000417.jpg</filename>
    <source>
        <annotation>ArcGIS Pro 2.1</annotation>
    </source>
    <size>
        <width>224</width>
        <height>224</height>
        <depth>3</depth>
    </size>
    <object>
        <name>2</name>
        <bndbox>
            <xmin>0.00</xmin>
            <ymin>136.74</ymin>
            <xmax>42.44</xmax>
            <ymax>181.18</ymax>
        </bndbox>
    </object>
    <object>
        <name>1</name>
        <bndbox>
            <xmin>166.98</xmin>
            <ymin>125.44</ymin>
            <xmax>178.09</xmax>
            <ymax>136.55</ymax>
        </bndbox>
    </object>
    <object>
        <name>1</name>
        <bndbox>
            <xmin>214.47</xmin>
            <ymin>207.45</ymin>
            <xmax>224.00</xmax>
            <ymax>218.56</ymax>
        </bndbox>
    </object>
    <object>
        <name>1</name>
        <bndbox>
            <xmin>189.17</xmin>
            <ymin>79.46</ymin>
            <xmax>200.29</xmax>
            <ymax>90.57</ymax>
        </bndbox>
    </object>
</annotation>
