<?xml version="1.0"?>
<annotation>
    <filename>000000695.jpg</filename>
    <source>
        <annotation>ArcGIS Pro 2.1</annotation>
    </source>
    <size>
        <width>224</width>
        <height>224</height>
        <depth>3</depth>
    </size>
    <object>
        <name>2</name>
        <bndbox>
            <xmin>156.76</xmin>
            <ymin>211.04</ymin>
            <xmax>197.16</xmax>
            <ymax>224.00</ymax>
        </bndbox>
    </object>
    <object>
        <name>1</name>
        <bndbox>
            <xmin>62.84</xmin>
            <ymin>48.86</ymin>
            <xmax>73.95</xmax>
            <ymax>59.97</ymax>
        </bndbox>
    </object>
    <object>
        <name>1</name>
        <bndbox>
            <xmin>29.29</xmin>
            <ymin>62.42</ymin>
            <xmax>40.40</xmax>
            <ymax>73.53</ymax>
        </bndbox>
    </object>
    <object>
        <name>1</name>
        <bndbox>
            <xmin>173.04</xmin>
            <ymin>72.39</ymin>
            <xmax>184.15</xmax>
            <ymax>83.50</ymax>
        </bndbox>
    </object>
    <object>
        <name>1</name>
        <bndbox>
            <xmin>180.22</xmin>
            <ymin>20.90</ymin>
            <xmax>191.34</xmax>
            <ymax>32.01</ymax>
        </bndbox>
    </object>
    <object>
        <name>1</name>
        <bndbox>
            <xmin>216.04</xmin>
            <ymin>86.04</ymin>
            <xmax>224.00</xmax>
            <ymax>97.15</ymax>
        </bndbox>
    </object>
    <object>
        <name>1</name>
        <bndbox>
            <xmin>148.54</xmin>
            <ymin>87.63</ymin>
            <xmax>159.65</xmax>
            <ymax>98.74</ymax>
        </bndbox>
    </object>
</annotation>
