<?xml version="1.0"?>
<annotation>
    <filename>000000210.jpg</filename>
    <source>
        <annotation>ArcGIS Pro 2.1</annotation>
    </source>
    <size>
        <width>224</width>
        <height>224</height>
        <depth>3</depth>
    </size>
    <object>
        <name>1</name>
        <bndbox>
            <xmin>138.29</xmin>
            <ymin>101.68</ymin>
            <xmax>149.40</xmax>
            <ymax>112.79</ymax>
        </bndbox>
    </object>
    <object>
        <name>1</name>
        <bndbox>
            <xmin>133.16</xmin>
            <ymin>151.28</ymin>
            <xmax>144.27</xmax>
            <ymax>162.39</ymax>
        </bndbox>
    </object>
</annotation>
