<?xml version="1.0"?>
<annotation>
    <filename>000003477.jpg</filename>
    <source>
        <annotation>ArcGIS Pro 2.1</annotation>
    </source>
    <size>
        <width>224</width>
        <height>224</height>
        <depth>3</depth>
    </size>
    <object>
        <name>1</name>
        <bndbox>
            <xmin>159.13</xmin>
            <ymin>148.03</ymin>
            <xmax>170.25</xmax>
            <ymax>159.15</ymax>
        </bndbox>
    </object>
</annotation>
