<?xml version="1.0"?>
<annotation>
    <filename>000003099.jpg</filename>
    <source>
        <annotation>ArcGIS Pro 2.1</annotation>
    </source>
    <size>
        <width>224</width>
        <height>224</height>
        <depth>3</depth>
    </size>
    <object>
        <name>2</name>
        <bndbox>
            <xmin>207.03</xmin>
            <ymin>151.59</ymin>
            <xmax>224.00</xmax>
            <ymax>194.77</ymax>
        </bndbox>
    </object>
    <object>
        <name>1</name>
        <bndbox>
            <xmin>26.93</xmin>
            <ymin>10.58</ymin>
            <xmax>38.04</xmax>
            <ymax>21.69</ymax>
        </bndbox>
    </object>
    <object>
        <name>1</name>
        <bndbox>
            <xmin>74.91</xmin>
            <ymin>137.27</ymin>
            <xmax>86.03</xmax>
            <ymax>148.38</ymax>
        </bndbox>
    </object>
    <object>
        <name>1</name>
        <bndbox>
            <xmin>0.00</xmin>
            <ymin>149.15</ymin>
            <xmax>5.26</xmax>
            <ymax>160.24</ymax>
        </bndbox>
    </object>
    <object>
        <name>1</name>
        <bndbox>
            <xmin>0.00</xmin>
            <ymin>123.01</ymin>
            <xmax>10.81</xmax>
            <ymax>134.12</ymax>
        </bndbox>
    </object>
    <object>
        <name>1</name>
        <bndbox>
            <xmin>2.55</xmin>
            <ymin>112.09</ymin>
            <xmax>13.66</xmax>
            <ymax>123.20</ymax>
        </bndbox>
    </object>
    <object>
        <name>1</name>
        <bndbox>
            <xmin>98.94</xmin>
            <ymin>192.13</ymin>
            <xmax>110.05</xmax>
            <ymax>203.24</ymax>
        </bndbox>
    </object>
    <object>
        <name>1</name>
        <bndbox>
            <xmin>134.92</xmin>
            <ymin>68.58</ymin>
            <xmax>146.04</xmax>
            <ymax>79.69</ymax>
        </bndbox>
    </object>
</annotation>
