<?xml version="1.0"?>
<annotation>
    <filename>000003368.jpg</filename>
    <source>
        <annotation>ArcGIS Pro 2.1</annotation>
    </source>
    <size>
        <width>224</width>
        <height>224</height>
        <depth>3</depth>
    </size>
    <object>
        <name>2</name>
        <bndbox>
            <xmin>164.56</xmin>
            <ymin>157.90</ymin>
            <xmax>209.00</xmax>
            <ymax>202.34</ymax>
        </bndbox>
    </object>
    <object>
        <name>2</name>
        <bndbox>
            <xmin>205.71</xmin>
            <ymin>211.05</ymin>
            <xmax>224.00</xmax>
            <ymax>224.00</ymax>
        </bndbox>
    </object>
    <object>
        <name>1</name>
        <bndbox>
            <xmin>98.58</xmin>
            <ymin>173.12</ymin>
            <xmax>109.69</xmax>
            <ymax>184.23</ymax>
        </bndbox>
    </object>
    <object>
        <name>1</name>
        <bndbox>
            <xmin>104.34</xmin>
            <ymin>186.93</ymin>
            <xmax>115.45</xmax>
            <ymax>198.04</ymax>
        </bndbox>
    </object>
</annotation>
