<?xml version="1.0"?>
<annotation>
    <filename>000001643.jpg</filename>
    <source>
        <annotation>ArcGIS Pro 2.1</annotation>
    </source>
    <size>
        <width>224</width>
        <height>224</height>
        <depth>3</depth>
    </size>
    <object>
        <name>2</name>
        <bndbox>
            <xmin>223.89</xmin>
            <ymin>223.88</ymin>
            <xmax>224.00</xmax>
            <ymax>224.00</ymax>
        </bndbox>
    </object>
    <object>
        <name>1</name>
        <bndbox>
            <xmin>118.55</xmin>
            <ymin>23.36</ymin>
            <xmax>129.66</xmax>
            <ymax>34.47</ymax>
        </bndbox>
    </object>
    <object>
        <name>1</name>
        <bndbox>
            <xmin>108.27</xmin>
            <ymin>29.54</ymin>
            <xmax>119.38</xmax>
            <ymax>40.65</ymax>
        </bndbox>
    </object>
    <object>
        <name>1</name>
        <bndbox>
            <xmin>186.05</xmin>
            <ymin>22.44</ymin>
            <xmax>197.16</xmax>
            <ymax>33.56</ymax>
        </bndbox>
    </object>
    <object>
        <name>1</name>
        <bndbox>
            <xmin>203.56</xmin>
            <ymin>54.49</ymin>
            <xmax>214.67</xmax>
            <ymax>65.61</ymax>
        </bndbox>
    </object>
    <object>
        <name>1</name>
        <bndbox>
            <xmin>73.69</xmin>
            <ymin>143.44</ymin>
            <xmax>84.80</xmax>
            <ymax>154.55</ymax>
        </bndbox>
    </object>
    <object>
        <name>1</name>
        <bndbox>
            <xmin>144.39</xmin>
            <ymin>152.94</ymin>
            <xmax>155.50</xmax>
            <ymax>164.06</ymax>
        </bndbox>
    </object>
    <object>
        <name>1</name>
        <bndbox>
            <xmin>159.24</xmin>
            <ymin>170.94</ymin>
            <xmax>170.35</xmax>
            <ymax>182.05</ymax>
        </bndbox>
    </object>
    <object>
        <name>1</name>
        <bndbox>
            <xmin>158.65</xmin>
            <ymin>196.18</ymin>
            <xmax>169.76</xmax>
            <ymax>207.29</ymax>
        </bndbox>
    </object>
    <object>
        <name>1</name>
        <bndbox>
            <xmin>142.02</xmin>
            <ymin>172.72</ymin>
            <xmax>153.13</xmax>
            <ymax>183.83</ymax>
        </bndbox>
    </object>
</annotation>
