<?xml version="1.0"?>
<annotation>
    <filename>000002921.jpg</filename>
    <source>
        <annotation>ArcGIS Pro 2.1</annotation>
    </source>
    <size>
        <width>224</width>
        <height>224</height>
        <depth>3</depth>
    </size>
    <object>
        <name>1</name>
        <bndbox>
            <xmin>89.35</xmin>
            <ymin>29.81</ymin>
            <xmax>100.46</xmax>
            <ymax>40.92</ymax>
        </bndbox>
    </object>
    <object>
        <name>1</name>
        <bndbox>
            <xmin>69.98</xmin>
            <ymin>23.35</ymin>
            <xmax>81.10</xmax>
            <ymax>34.46</ymax>
        </bndbox>
    </object>
    <object>
        <name>1</name>
        <bndbox>
            <xmin>58.46</xmin>
            <ymin>5.27</ymin>
            <xmax>69.57</xmax>
            <ymax>16.38</ymax>
        </bndbox>
    </object>
    <object>
        <name>1</name>
        <bndbox>
            <xmin>123.96</xmin>
            <ymin>0.00</ymin>
            <xmax>133.88</xmax>
            <ymax>3.05</ymax>
        </bndbox>
    </object>
    <object>
        <name>1</name>
        <bndbox>
            <xmin>220.72</xmin>
            <ymin>0.00</ymin>
            <xmax>224.00</xmax>
            <ymax>2.29</ymax>
        </bndbox>
    </object>
    <object>
        <name>1</name>
        <bndbox>
            <xmin>170.49</xmin>
            <ymin>8.24</ymin>
            <xmax>181.60</xmax>
            <ymax>19.35</ymax>
        </bndbox>
    </object>
    <object>
        <name>1</name>
        <bndbox>
            <xmin>169.31</xmin>
            <ymin>203.33</ymin>
            <xmax>180.42</xmax>
            <ymax>214.44</ymax>
        </bndbox>
    </object>
    <object>
        <name>1</name>
        <bndbox>
            <xmin>135.99</xmin>
            <ymin>209.56</ymin>
            <xmax>147.10</xmax>
            <ymax>220.67</ymax>
        </bndbox>
    </object>
    <object>
        <name>1</name>
        <bndbox>
            <xmin>103.10</xmin>
            <ymin>211.75</ymin>
            <xmax>114.21</xmax>
            <ymax>222.86</ymax>
        </bndbox>
    </object>
</annotation>
