<?xml version="1.0"?>
<annotation>
    <filename>000002563.jpg</filename>
    <source>
        <annotation>ArcGIS Pro 2.1</annotation>
    </source>
    <size>
        <width>224</width>
        <height>224</height>
        <depth>3</depth>
    </size>
    <object>
        <name>2</name>
        <bndbox>
            <xmin>51.15</xmin>
            <ymin>150.57</ymin>
            <xmax>95.59</xmax>
            <ymax>195.01</ymax>
        </bndbox>
    </object>
    <object>
        <name>2</name>
        <bndbox>
            <xmin>164.40</xmin>
            <ymin>83.95</ymin>
            <xmax>208.85</xmax>
            <ymax>128.39</ymax>
        </bndbox>
    </object>
</annotation>
