<?xml version="1.0"?>
<annotation>
    <filename>000001894.jpg</filename>
    <source>
        <annotation>ArcGIS Pro 2.1</annotation>
    </source>
    <size>
        <width>224</width>
        <height>224</height>
        <depth>3</depth>
    </size>
    <object>
        <name>2</name>
        <bndbox>
            <xmin>0.00</xmin>
            <ymin>0.00</ymin>
            <xmax>8.21</xmax>
            <ymax>20.71</ymax>
        </bndbox>
    </object>
    <object>
        <name>1</name>
        <bndbox>
            <xmin>46.33</xmin>
            <ymin>223.79</ymin>
            <xmax>49.31</xmax>
            <ymax>224.00</ymax>
        </bndbox>
    </object>
    <object>
        <name>1</name>
        <bndbox>
            <xmin>218.59</xmin>
            <ymin>17.31</ymin>
            <xmax>224.00</xmax>
            <ymax>28.41</ymax>
        </bndbox>
    </object>
    <object>
        <name>1</name>
        <bndbox>
            <xmin>117.49</xmin>
            <ymin>0.00</ymin>
            <xmax>128.60</xmax>
            <ymax>6.61</ymax>
        </bndbox>
    </object>
    <object>
        <name>1</name>
        <bndbox>
            <xmin>142.98</xmin>
            <ymin>0.00</ymin>
            <xmax>148.85</xmax>
            <ymax>0.84</ymax>
        </bndbox>
    </object>
</annotation>
