<?xml version="1.0"?>
<annotation>
    <filename>000002995.jpg</filename>
    <source>
        <annotation>ArcGIS Pro 2.1</annotation>
    </source>
    <size>
        <width>224</width>
        <height>224</height>
        <depth>3</depth>
    </size>
    <object>
        <name>2</name>
        <bndbox>
            <xmin>0.00</xmin>
            <ymin>194.42</ymin>
            <xmax>17.27</xmax>
            <ymax>224.00</ymax>
        </bndbox>
    </object>
    <object>
        <name>1</name>
        <bndbox>
            <xmin>60.57</xmin>
            <ymin>221.71</ymin>
            <xmax>69.55</xmax>
            <ymax>224.00</ymax>
        </bndbox>
    </object>
</annotation>
