<?xml version="1.0"?>
<annotation>
    <filename>000002076.jpg</filename>
    <source>
        <annotation>ArcGIS Pro 2.1</annotation>
    </source>
    <size>
        <width>224</width>
        <height>224</height>
        <depth>3</depth>
    </size>
    <object>
        <name>1</name>
        <bndbox>
            <xmin>99.41</xmin>
            <ymin>104.97</ymin>
            <xmax>110.52</xmax>
            <ymax>116.08</ymax>
        </bndbox>
    </object>
    <object>
        <name>1</name>
        <bndbox>
            <xmin>122.52</xmin>
            <ymin>135.44</ymin>
            <xmax>133.63</xmax>
            <ymax>146.55</ymax>
        </bndbox>
    </object>
    <object>
        <name>1</name>
        <bndbox>
            <xmin>187.19</xmin>
            <ymin>92.47</ymin>
            <xmax>198.30</xmax>
            <ymax>103.58</ymax>
        </bndbox>
    </object>
    <object>
        <name>1</name>
        <bndbox>
            <xmin>0.00</xmin>
            <ymin>199.15</ymin>
            <xmax>0.70</xmax>
            <ymax>204.57</ymax>
        </bndbox>
    </object>
</annotation>
