<?xml version="1.0"?>
<annotation>
    <filename>000002268.jpg</filename>
    <source>
        <annotation>ArcGIS Pro 2.1</annotation>
    </source>
    <size>
        <width>224</width>
        <height>224</height>
        <depth>3</depth>
    </size>
    <object>
        <name>1</name>
        <bndbox>
            <xmin>207.92</xmin>
            <ymin>64.48</ymin>
            <xmax>219.03</xmax>
            <ymax>75.59</ymax>
        </bndbox>
    </object>
    <object>
        <name>1</name>
        <bndbox>
            <xmin>220.78</xmin>
            <ymin>57.91</ymin>
            <xmax>224.00</xmax>
            <ymax>67.99</ymax>
        </bndbox>
    </object>
    <object>
        <name>1</name>
        <bndbox>
            <xmin>76.78</xmin>
            <ymin>149.86</ymin>
            <xmax>87.89</xmax>
            <ymax>160.97</ymax>
        </bndbox>
    </object>
    <object>
        <name>1</name>
        <bndbox>
            <xmin>107.78</xmin>
            <ymin>129.67</ymin>
            <xmax>118.89</xmax>
            <ymax>140.78</ymax>
        </bndbox>
    </object>
    <object>
        <name>1</name>
        <bndbox>
            <xmin>118.64</xmin>
            <ymin>120.64</ymin>
            <xmax>129.75</xmax>
            <ymax>131.75</ymax>
        </bndbox>
    </object>
    <object>
        <name>1</name>
        <bndbox>
            <xmin>142.66</xmin>
            <ymin>106.24</ymin>
            <xmax>153.77</xmax>
            <ymax>117.35</ymax>
        </bndbox>
    </object>
    <object>
        <name>1</name>
        <bndbox>
            <xmin>0.00</xmin>
            <ymin>147.13</ymin>
            <xmax>1.29</xmax>
            <ymax>154.25</ymax>
        </bndbox>
    </object>
    <object>
        <name>1</name>
        <bndbox>
            <xmin>37.44</xmin>
            <ymin>112.35</ymin>
            <xmax>48.55</xmax>
            <ymax>123.46</ymax>
        </bndbox>
    </object>
    <object>
        <name>1</name>
        <bndbox>
            <xmin>59.49</xmin>
            <ymin>100.51</ymin>
            <xmax>70.60</xmax>
            <ymax>111.62</ymax>
        </bndbox>
    </object>
    <object>
        <name>1</name>
        <bndbox>
            <xmin>72.63</xmin>
            <ymin>90.62</ymin>
            <xmax>83.75</xmax>
            <ymax>101.73</ymax>
        </bndbox>
    </object>
    <object>
        <name>1</name>
        <bndbox>
            <xmin>201.93</xmin>
            <ymin>0.56</ymin>
            <xmax>213.04</xmax>
            <ymax>11.67</ymax>
        </bndbox>
    </object>
    <object>
        <name>1</name>
        <bndbox>
            <xmin>178.07</xmin>
            <ymin>18.11</ymin>
            <xmax>189.18</xmax>
            <ymax>29.22</ymax>
        </bndbox>
    </object>
    <object>
        <name>1</name>
        <bndbox>
            <xmin>141.81</xmin>
            <ymin>44.78</ymin>
            <xmax>152.92</xmax>
            <ymax>55.89</ymax>
        </bndbox>
    </object>
    <object>
        <name>1</name>
        <bndbox>
            <xmin>95.72</xmin>
            <ymin>75.42</ymin>
            <xmax>106.83</xmax>
            <ymax>86.53</ymax>
        </bndbox>
    </object>
    <object>
        <name>1</name>
        <bndbox>
            <xmin>23.20</xmin>
            <ymin>73.08</ymin>
            <xmax>34.31</xmax>
            <ymax>84.19</ymax>
        </bndbox>
    </object>
    <object>
        <name>1</name>
        <bndbox>
            <xmin>0.00</xmin>
            <ymin>205.96</ymin>
            <xmax>6.24</xmax>
            <ymax>217.07</ymax>
        </bndbox>
    </object>
</annotation>
