<?xml version="1.0"?>
<annotation>
    <filename>000002367.jpg</filename>
    <source>
        <annotation>ArcGIS Pro 2.1</annotation>
    </source>
    <size>
        <width>224</width>
        <height>224</height>
        <depth>3</depth>
    </size>
    <object>
        <name>2</name>
        <bndbox>
            <xmin>0.00</xmin>
            <ymin>195.61</ymin>
            <xmax>21.92</xmax>
            <ymax>224.00</ymax>
        </bndbox>
    </object>
    <object>
        <name>1</name>
        <bndbox>
            <xmin>160.92</xmin>
            <ymin>60.90</ymin>
            <xmax>172.03</xmax>
            <ymax>72.01</ymax>
        </bndbox>
    </object>
    <object>
        <name>1</name>
        <bndbox>
            <xmin>146.72</xmin>
            <ymin>103.32</ymin>
            <xmax>157.84</xmax>
            <ymax>114.43</ymax>
        </bndbox>
    </object>
    <object>
        <name>1</name>
        <bndbox>
            <xmin>106.60</xmin>
            <ymin>178.36</ymin>
            <xmax>117.71</xmax>
            <ymax>189.47</ymax>
        </bndbox>
    </object>
    <object>
        <name>1</name>
        <bndbox>
            <xmin>94.16</xmin>
            <ymin>173.22</ymin>
            <xmax>105.27</xmax>
            <ymax>184.33</ymax>
        </bndbox>
    </object>
</annotation>
