<?xml version="1.0"?>
<annotation>
    <filename>000003159.jpg</filename>
    <source>
        <annotation>ArcGIS Pro 2.1</annotation>
    </source>
    <size>
        <width>224</width>
        <height>224</height>
        <depth>3</depth>
    </size>
    <object>
        <name>1</name>
        <bndbox>
            <xmin>194.14</xmin>
            <ymin>117.77</ymin>
            <xmax>205.25</xmax>
            <ymax>128.88</ymax>
        </bndbox>
    </object>
</annotation>
