<?xml version="1.0"?>
<annotation>
    <filename>000003304.jpg</filename>
    <source>
        <annotation>ArcGIS Pro 2.1</annotation>
    </source>
    <size>
        <width>224</width>
        <height>224</height>
        <depth>3</depth>
    </size>
    <object>
        <name>2</name>
        <bndbox>
            <xmin>130.31</xmin>
            <ymin>173.01</ymin>
            <xmax>174.75</xmax>
            <ymax>217.46</ymax>
        </bndbox>
    </object>
    <object>
        <name>1</name>
        <bndbox>
            <xmin>48.02</xmin>
            <ymin>166.67</ymin>
            <xmax>59.13</xmax>
            <ymax>177.78</ymax>
        </bndbox>
    </object>
    <object>
        <name>1</name>
        <bndbox>
            <xmin>30.55</xmin>
            <ymin>196.54</ymin>
            <xmax>41.66</xmax>
            <ymax>207.65</ymax>
        </bndbox>
    </object>
</annotation>
