<?xml version="1.0"?>
<annotation>
    <filename>000003200.jpg</filename>
    <source>
        <annotation>ArcGIS Pro 2.1</annotation>
    </source>
    <size>
        <width>224</width>
        <height>224</height>
        <depth>3</depth>
    </size>
    <object>
        <name>2</name>
        <bndbox>
            <xmin>0.00</xmin>
            <ymin>38.18</ymin>
            <xmax>21.93</xmax>
            <ymax>82.62</ymax>
        </bndbox>
    </object>
    <object>
        <name>2</name>
        <bndbox>
            <xmin>12.86</xmin>
            <ymin>172.09</ymin>
            <xmax>57.31</xmax>
            <ymax>216.54</ymax>
        </bndbox>
    </object>
    <object>
        <name>1</name>
        <bndbox>
            <xmin>144.61</xmin>
            <ymin>187.31</ymin>
            <xmax>155.72</xmax>
            <ymax>198.42</ymax>
        </bndbox>
    </object>
    <object>
        <name>1</name>
        <bndbox>
            <xmin>147.56</xmin>
            <ymin>201.41</ymin>
            <xmax>158.67</xmax>
            <ymax>212.52</ymax>
        </bndbox>
    </object>
</annotation>
