<?xml version="1.0"?>
<annotation>
    <filename>000001238.jpg</filename>
    <source>
        <annotation>ArcGIS Pro 2.1</annotation>
    </source>
    <size>
        <width>224</width>
        <height>224</height>
        <depth>3</depth>
    </size>
    <object>
        <name>2</name>
        <bndbox>
            <xmin>17.42</xmin>
            <ymin>150.99</ymin>
            <xmax>61.86</xmax>
            <ymax>195.43</ymax>
        </bndbox>
    </object>
    <object>
        <name>2</name>
        <bndbox>
            <xmin>59.61</xmin>
            <ymin>129.89</ymin>
            <xmax>104.06</xmax>
            <ymax>174.34</ymax>
        </bndbox>
    </object>
    <object>
        <name>2</name>
        <bndbox>
            <xmin>52.95</xmin>
            <ymin>188.74</ymin>
            <xmax>97.39</xmax>
            <ymax>224.00</ymax>
        </bndbox>
    </object>
    <object>
        <name>1</name>
        <bndbox>
            <xmin>96.89</xmin>
            <ymin>0.00</ymin>
            <xmax>103.15</xmax>
            <ymax>0.97</ymax>
        </bndbox>
    </object>
    <object>
        <name>1</name>
        <bndbox>
            <xmin>197.18</xmin>
            <ymin>4.39</ymin>
            <xmax>208.29</xmax>
            <ymax>15.50</ymax>
        </bndbox>
    </object>
    <object>
        <name>1</name>
        <bndbox>
            <xmin>178.35</xmin>
            <ymin>141.35</ymin>
            <xmax>189.46</xmax>
            <ymax>152.46</ymax>
        </bndbox>
    </object>
    <object>
        <name>1</name>
        <bndbox>
            <xmin>0.00</xmin>
            <ymin>105.52</ymin>
            <xmax>8.95</xmax>
            <ymax>116.63</ymax>
        </bndbox>
    </object>
</annotation>
