<?xml version="1.0"?>
<annotation>
    <filename>000000410.jpg</filename>
    <source>
        <annotation>ArcGIS Pro 2.1</annotation>
    </source>
    <size>
        <width>224</width>
        <height>224</height>
        <depth>3</depth>
    </size>
    <object>
        <name>2</name>
        <bndbox>
            <xmin>0.00</xmin>
            <ymin>26.27</ymin>
            <xmax>19.59</xmax>
            <ymax>70.40</ymax>
        </bndbox>
    </object>
    <object>
        <name>2</name>
        <bndbox>
            <xmin>27.74</xmin>
            <ymin>50.98</ymin>
            <xmax>72.18</xmax>
            <ymax>95.43</ymax>
        </bndbox>
    </object>
    <object>
        <name>2</name>
        <bndbox>
            <xmin>19.94</xmin>
            <ymin>0.00</ymin>
            <xmax>64.34</xmax>
            <ymax>42.79</ymax>
        </bndbox>
    </object>
    <object>
        <name>1</name>
        <bndbox>
            <xmin>180.59</xmin>
            <ymin>146.66</ymin>
            <xmax>191.70</xmax>
            <ymax>157.77</ymax>
        </bndbox>
    </object>
    <object>
        <name>1</name>
        <bndbox>
            <xmin>138.16</xmin>
            <ymin>127.39</ymin>
            <xmax>149.28</xmax>
            <ymax>138.50</ymax>
        </bndbox>
    </object>
    <object>
        <name>1</name>
        <bndbox>
            <xmin>119.65</xmin>
            <ymin>102.96</ymin>
            <xmax>130.76</xmax>
            <ymax>114.07</ymax>
        </bndbox>
    </object>
    <object>
        <name>1</name>
        <bndbox>
            <xmin>186.96</xmin>
            <ymin>44.77</ymin>
            <xmax>198.07</xmax>
            <ymax>55.88</ymax>
        </bndbox>
    </object>
    <object>
        <name>1</name>
        <bndbox>
            <xmin>0.00</xmin>
            <ymin>188.20</ymin>
            <xmax>1.71</xmax>
            <ymax>196.22</ymax>
        </bndbox>
    </object>
</annotation>
