<?xml version="1.0"?>
<annotation>
    <filename>000002797.jpg</filename>
    <source>
        <annotation>ArcGIS Pro 2.1</annotation>
    </source>
    <size>
        <width>224</width>
        <height>224</height>
        <depth>3</depth>
    </size>
    <object>
        <name>2</name>
        <bndbox>
            <xmin>57.05</xmin>
            <ymin>61.43</ymin>
            <xmax>101.50</xmax>
            <ymax>105.87</ymax>
        </bndbox>
    </object>
    <object>
        <name>1</name>
        <bndbox>
            <xmin>36.31</xmin>
            <ymin>0.00</ymin>
            <xmax>47.41</xmax>
            <ymax>7.94</ymax>
        </bndbox>
    </object>
</annotation>
