<?xml version="1.0"?>
<annotation>
    <filename>000000293.jpg</filename>
    <source>
        <annotation>ArcGIS Pro 2.1</annotation>
    </source>
    <size>
        <width>224</width>
        <height>224</height>
        <depth>3</depth>
    </size>
    <object>
        <name>2</name>
        <bndbox>
            <xmin>5.55</xmin>
            <ymin>215.57</ymin>
            <xmax>40.39</xmax>
            <ymax>224.00</ymax>
        </bndbox>
    </object>
    <object>
        <name>1</name>
        <bndbox>
            <xmin>143.89</xmin>
            <ymin>59.60</ymin>
            <xmax>155.00</xmax>
            <ymax>70.71</ymax>
        </bndbox>
    </object>
    <object>
        <name>1</name>
        <bndbox>
            <xmin>137.02</xmin>
            <ymin>90.60</ymin>
            <xmax>148.13</xmax>
            <ymax>101.71</ymax>
        </bndbox>
    </object>
    <object>
        <name>1</name>
        <bndbox>
            <xmin>149.09</xmin>
            <ymin>28.23</ymin>
            <xmax>160.20</xmax>
            <ymax>39.34</ymax>
        </bndbox>
    </object>
    <object>
        <name>1</name>
        <bndbox>
            <xmin>163.38</xmin>
            <ymin>46.79</ymin>
            <xmax>174.49</xmax>
            <ymax>57.90</ymax>
        </bndbox>
    </object>
</annotation>
