<?xml version="1.0"?>
<annotation>
    <filename>000000601.jpg</filename>
    <source>
        <annotation>ArcGIS Pro 2.1</annotation>
    </source>
    <size>
        <width>224</width>
        <height>224</height>
        <depth>3</depth>
    </size>
    <object>
        <name>2</name>
        <bndbox>
            <xmin>56.61</xmin>
            <ymin>192.84</ymin>
            <xmax>101.05</xmax>
            <ymax>224.00</ymax>
        </bndbox>
    </object>
    <object>
        <name>1</name>
        <bndbox>
            <xmin>150.55</xmin>
            <ymin>93.79</ymin>
            <xmax>161.66</xmax>
            <ymax>104.90</ymax>
        </bndbox>
    </object>
</annotation>
