<?xml version="1.0"?>
<annotation>
    <filename>000001574.jpg</filename>
    <source>
        <annotation>ArcGIS Pro 2.1</annotation>
    </source>
    <size>
        <width>224</width>
        <height>224</height>
        <depth>3</depth>
    </size>
    <object>
        <name>2</name>
        <bndbox>
            <xmin>171.02</xmin>
            <ymin>99.61</ymin>
            <xmax>215.47</xmax>
            <ymax>144.06</ymax>
        </bndbox>
    </object>
</annotation>
