<?xml version="1.0"?>
<annotation>
    <filename>000001690.jpg</filename>
    <source>
        <annotation>ArcGIS Pro 2.1</annotation>
    </source>
    <size>
        <width>224</width>
        <height>224</height>
        <depth>3</depth>
    </size>
    <object>
        <name>1</name>
        <bndbox>
            <xmin>129.28</xmin>
            <ymin>0.00</ymin>
            <xmax>133.11</xmax>
            <ymax>0.34</ymax>
        </bndbox>
    </object>
    <object>
        <name>1</name>
        <bndbox>
            <xmin>122.03</xmin>
            <ymin>27.12</ymin>
            <xmax>133.14</xmax>
            <ymax>38.23</ymax>
        </bndbox>
    </object>
</annotation>
