<?xml version="1.0"?>
<annotation>
    <filename>000002895.jpg</filename>
    <source>
        <annotation>ArcGIS Pro 2.1</annotation>
    </source>
    <size>
        <width>224</width>
        <height>224</height>
        <depth>3</depth>
    </size>
    <object>
        <name>2</name>
        <bndbox>
            <xmin>181.28</xmin>
            <ymin>118.41</ymin>
            <xmax>224.00</xmax>
            <ymax>162.85</ymax>
        </bndbox>
    </object>
</annotation>
