<?xml version="1.0"?>
<annotation>
    <filename>000002973.jpg</filename>
    <source>
        <annotation>ArcGIS Pro 2.1</annotation>
    </source>
    <size>
        <width>224</width>
        <height>224</height>
        <depth>3</depth>
    </size>
    <object>
        <name>1</name>
        <bndbox>
            <xmin>134.20</xmin>
            <ymin>131.95</ymin>
            <xmax>145.31</xmax>
            <ymax>143.06</ymax>
        </bndbox>
    </object>
</annotation>
