<?xml version="1.0"?>
<annotation>
    <filename>000002381.jpg</filename>
    <source>
        <annotation>ArcGIS Pro 2.1</annotation>
    </source>
    <size>
        <width>224</width>
        <height>224</height>
        <depth>3</depth>
    </size>
    <object>
        <name>2</name>
        <bndbox>
            <xmin>128.60</xmin>
            <ymin>143.55</ymin>
            <xmax>173.04</xmax>
            <ymax>188.00</ymax>
        </bndbox>
    </object>
    <object>
        <name>2</name>
        <bndbox>
            <xmin>33.18</xmin>
            <ymin>141.82</ymin>
            <xmax>77.62</xmax>
            <ymax>186.26</ymax>
        </bndbox>
    </object>
    <object>
        <name>1</name>
        <bndbox>
            <xmin>114.57</xmin>
            <ymin>25.76</ymin>
            <xmax>125.68</xmax>
            <ymax>36.87</ymax>
        </bndbox>
    </object>
</annotation>
