<?xml version="1.0"?>
<annotation>
    <filename>000000936.jpg</filename>
    <source>
        <annotation>ArcGIS Pro 2.1</annotation>
    </source>
    <size>
        <width>224</width>
        <height>224</height>
        <depth>3</depth>
    </size>
    <object>
        <name>1</name>
        <bndbox>
            <xmin>205.85</xmin>
            <ymin>44.65</ymin>
            <xmax>216.96</xmax>
            <ymax>55.76</ymax>
        </bndbox>
    </object>
    <object>
        <name>1</name>
        <bndbox>
            <xmin>178.64</xmin>
            <ymin>2.06</ymin>
            <xmax>189.75</xmax>
            <ymax>13.17</ymax>
        </bndbox>
    </object>
</annotation>
