<?xml version="1.0"?>
<annotation>
    <filename>000000427.jpg</filename>
    <source>
        <annotation>ArcGIS Pro 2.1</annotation>
    </source>
    <size>
        <width>224</width>
        <height>224</height>
        <depth>3</depth>
    </size>
    <object>
        <name>2</name>
        <bndbox>
            <xmin>220.40</xmin>
            <ymin>100.63</ymin>
            <xmax>224.00</xmax>
            <ymax>124.89</ymax>
        </bndbox>
    </object>
    <object>
        <name>2</name>
        <bndbox>
            <xmin>150.44</xmin>
            <ymin>116.08</ymin>
            <xmax>194.89</xmax>
            <ymax>160.52</ymax>
        </bndbox>
    </object>
    <object>
        <name>2</name>
        <bndbox>
            <xmin>68.28</xmin>
            <ymin>188.25</ymin>
            <xmax>112.72</xmax>
            <ymax>224.00</ymax>
        </bndbox>
    </object>
</annotation>
