<?xml version="1.0"?>
<annotation>
    <filename>000003622.jpg</filename>
    <source>
        <annotation>ArcGIS Pro 2.1</annotation>
    </source>
    <size>
        <width>224</width>
        <height>224</height>
        <depth>3</depth>
    </size>
    <object>
        <name>1</name>
        <bndbox>
            <xmin>133.49</xmin>
            <ymin>105.02</ymin>
            <xmax>144.60</xmax>
            <ymax>116.13</ymax>
        </bndbox>
    </object>
    <object>
        <name>1</name>
        <bndbox>
            <xmin>120.20</xmin>
            <ymin>121.75</ymin>
            <xmax>131.31</xmax>
            <ymax>132.86</ymax>
        </bndbox>
    </object>
    <object>
        <name>1</name>
        <bndbox>
            <xmin>145.91</xmin>
            <ymin>87.14</ymin>
            <xmax>157.02</xmax>
            <ymax>98.25</ymax>
        </bndbox>
    </object>
    <object>
        <name>1</name>
        <bndbox>
            <xmin>192.46</xmin>
            <ymin>92.69</ymin>
            <xmax>203.57</xmax>
            <ymax>103.81</ymax>
        </bndbox>
    </object>
    <object>
        <name>1</name>
        <bndbox>
            <xmin>201.37</xmin>
            <ymin>101.55</ymin>
            <xmax>212.48</xmax>
            <ymax>112.66</ymax>
        </bndbox>
    </object>
    <object>
        <name>1</name>
        <bndbox>
            <xmin>211.61</xmin>
            <ymin>107.64</ymin>
            <xmax>222.72</xmax>
            <ymax>118.75</ymax>
        </bndbox>
    </object>
    <object>
        <name>1</name>
        <bndbox>
            <xmin>162.06</xmin>
            <ymin>71.97</ymin>
            <xmax>173.17</xmax>
            <ymax>83.08</ymax>
        </bndbox>
    </object>
    <object>
        <name>1</name>
        <bndbox>
            <xmin>183.61</xmin>
            <ymin>3.02</ymin>
            <xmax>194.72</xmax>
            <ymax>14.13</ymax>
        </bndbox>
    </object>
    <object>
        <name>1</name>
        <bndbox>
            <xmin>203.68</xmin>
            <ymin>20.21</ymin>
            <xmax>214.79</xmax>
            <ymax>31.32</ymax>
        </bndbox>
    </object>
    <object>
        <name>1</name>
        <bndbox>
            <xmin>213.23</xmin>
            <ymin>25.31</ymin>
            <xmax>224.00</xmax>
            <ymax>36.42</ymax>
        </bndbox>
    </object>
    <object>
        <name>1</name>
        <bndbox>
            <xmin>139.84</xmin>
            <ymin>96.86</ymin>
            <xmax>150.96</xmax>
            <ymax>107.97</ymax>
        </bndbox>
    </object>
    <object>
        <name>1</name>
        <bndbox>
            <xmin>127.18</xmin>
            <ymin>113.46</ymin>
            <xmax>138.30</xmax>
            <ymax>124.57</ymax>
        </bndbox>
    </object>
    <object>
        <name>1</name>
        <bndbox>
            <xmin>115.42</xmin>
            <ymin>129.83</ymin>
            <xmax>126.53</xmax>
            <ymax>140.94</ymax>
        </bndbox>
    </object>
    <object>
        <name>1</name>
        <bndbox>
            <xmin>107.19</xmin>
            <ymin>139.72</ymin>
            <xmax>118.30</xmax>
            <ymax>150.83</ymax>
        </bndbox>
    </object>
    <object>
        <name>1</name>
        <bndbox>
            <xmin>140.74</xmin>
            <ymin>205.92</ymin>
            <xmax>151.85</xmax>
            <ymax>217.03</ymax>
        </bndbox>
    </object>
    <object>
        <name>1</name>
        <bndbox>
            <xmin>151.46</xmin>
            <ymin>202.94</ymin>
            <xmax>162.57</xmax>
            <ymax>214.06</ymax>
        </bndbox>
    </object>
    <object>
        <name>1</name>
        <bndbox>
            <xmin>178.02</xmin>
            <ymin>197.72</ymin>
            <xmax>189.13</xmax>
            <ymax>208.84</ymax>
        </bndbox>
    </object>
    <object>
        <name>1</name>
        <bndbox>
            <xmin>164.36</xmin>
            <ymin>201.49</ymin>
            <xmax>175.48</xmax>
            <ymax>212.61</ymax>
        </bndbox>
    </object>
    <object>
        <name>1</name>
        <bndbox>
            <xmin>190.41</xmin>
            <ymin>195.03</ymin>
            <xmax>201.52</xmax>
            <ymax>206.14</ymax>
        </bndbox>
    </object>
    <object>
        <name>1</name>
        <bndbox>
            <xmin>203.12</xmin>
            <ymin>192.57</ymin>
            <xmax>214.23</xmax>
            <ymax>203.68</ymax>
        </bndbox>
    </object>
    <object>
        <name>1</name>
        <bndbox>
            <xmin>181.24</xmin>
            <ymin>85.10</ymin>
            <xmax>192.35</xmax>
            <ymax>96.21</ymax>
        </bndbox>
    </object>
    <object>
        <name>1</name>
        <bndbox>
            <xmin>177.54</xmin>
            <ymin>54.89</ymin>
            <xmax>188.65</xmax>
            <ymax>66.00</ymax>
        </bndbox>
    </object>
    <object>
        <name>1</name>
        <bndbox>
            <xmin>155.93</xmin>
            <ymin>80.23</ymin>
            <xmax>167.04</xmax>
            <ymax>91.34</ymax>
        </bndbox>
    </object>
    <object>
        <name>1</name>
        <bndbox>
            <xmin>20.81</xmin>
            <ymin>100.31</ymin>
            <xmax>31.92</xmax>
            <ymax>111.42</ymax>
        </bndbox>
    </object>
    <object>
        <name>1</name>
        <bndbox>
            <xmin>26.05</xmin>
            <ymin>87.55</ymin>
            <xmax>37.16</xmax>
            <ymax>98.66</ymax>
        </bndbox>
    </object>
    <object>
        <name>1</name>
        <bndbox>
            <xmin>33.86</xmin>
            <ymin>76.79</ymin>
            <xmax>44.97</xmax>
            <ymax>87.90</ymax>
        </bndbox>
    </object>
    <object>
        <name>1</name>
        <bndbox>
            <xmin>41.35</xmin>
            <ymin>68.42</ymin>
            <xmax>52.46</xmax>
            <ymax>79.53</ymax>
        </bndbox>
    </object>
    <object>
        <name>1</name>
        <bndbox>
            <xmin>55.20</xmin>
            <ymin>49.47</ymin>
            <xmax>66.31</xmax>
            <ymax>60.59</ymax>
        </bndbox>
    </object>
    <object>
        <name>1</name>
        <bndbox>
            <xmin>49.11</xmin>
            <ymin>59.09</ymin>
            <xmax>60.22</xmax>
            <ymax>70.21</ymax>
        </bndbox>
    </object>
    <object>
        <name>1</name>
        <bndbox>
            <xmin>62.28</xmin>
            <ymin>38.93</ymin>
            <xmax>73.40</xmax>
            <ymax>50.04</ymax>
        </bndbox>
    </object>
    <object>
        <name>1</name>
        <bndbox>
            <xmin>80.24</xmin>
            <ymin>19.17</ymin>
            <xmax>91.35</xmax>
            <ymax>30.28</ymax>
        </bndbox>
    </object>
    <object>
        <name>1</name>
        <bndbox>
            <xmin>87.04</xmin>
            <ymin>9.82</ymin>
            <xmax>98.15</xmax>
            <ymax>20.93</ymax>
        </bndbox>
    </object>
    <object>
        <name>1</name>
        <bndbox>
            <xmin>103.01</xmin>
            <ymin>0.00</ymin>
            <xmax>114.12</xmax>
            <ymax>9.98</ymax>
        </bndbox>
    </object>
    <object>
        <name>1</name>
        <bndbox>
            <xmin>122.43</xmin>
            <ymin>12.73</ymin>
            <xmax>133.54</xmax>
            <ymax>23.84</ymax>
        </bndbox>
    </object>
    <object>
        <name>1</name>
        <bndbox>
            <xmin>110.93</xmin>
            <ymin>26.24</ymin>
            <xmax>122.04</xmax>
            <ymax>37.35</ymax>
        </bndbox>
    </object>
    <object>
        <name>1</name>
        <bndbox>
            <xmin>79.75</xmin>
            <ymin>67.60</ymin>
            <xmax>90.86</xmax>
            <ymax>78.71</ymax>
        </bndbox>
    </object>
    <object>
        <name>1</name>
        <bndbox>
            <xmin>69.83</xmin>
            <ymin>76.84</ymin>
            <xmax>80.94</xmax>
            <ymax>87.96</ymax>
        </bndbox>
    </object>
    <object>
        <name>1</name>
        <bndbox>
            <xmin>63.71</xmin>
            <ymin>87.42</ymin>
            <xmax>74.82</xmax>
            <ymax>98.53</ymax>
        </bndbox>
    </object>
    <object>
        <name>1</name>
        <bndbox>
            <xmin>55.96</xmin>
            <ymin>96.50</ymin>
            <xmax>67.07</xmax>
            <ymax>107.62</ymax>
        </bndbox>
    </object>
    <object>
        <name>1</name>
        <bndbox>
            <xmin>49.15</xmin>
            <ymin>106.10</ymin>
            <xmax>60.26</xmax>
            <ymax>117.21</ymax>
        </bndbox>
    </object>
    <object>
        <name>1</name>
        <bndbox>
            <xmin>40.87</xmin>
            <ymin>116.60</ymin>
            <xmax>51.98</xmax>
            <ymax>127.71</ymax>
        </bndbox>
    </object>
    <object>
        <name>1</name>
        <bndbox>
            <xmin>103.51</xmin>
            <ymin>39.65</ymin>
            <xmax>114.62</xmax>
            <ymax>50.76</ymax>
        </bndbox>
    </object>
    <object>
        <name>1</name>
        <bndbox>
            <xmin>95.90</xmin>
            <ymin>51.38</ymin>
            <xmax>107.01</xmax>
            <ymax>62.49</ymax>
        </bndbox>
    </object>
    <object>
        <name>1</name>
        <bndbox>
            <xmin>0.00</xmin>
            <ymin>15.72</ymin>
            <xmax>8.19</xmax>
            <ymax>26.83</ymax>
        </bndbox>
    </object>
    <object>
        <name>1</name>
        <bndbox>
            <xmin>6.25</xmin>
            <ymin>9.49</ymin>
            <xmax>17.36</xmax>
            <ymax>20.60</ymax>
        </bndbox>
    </object>
    <object>
        <name>1</name>
        <bndbox>
            <xmin>11.47</xmin>
            <ymin>0.00</ymin>
            <xmax>22.57</xmax>
            <ymax>8.98</ymax>
        </bndbox>
    </object>
    <object>
        <name>1</name>
        <bndbox>
            <xmin>194.53</xmin>
            <ymin>9.87</ymin>
            <xmax>205.64</xmax>
            <ymax>20.99</ymax>
        </bndbox>
    </object>
    <object>
        <name>1</name>
        <bndbox>
            <xmin>173.40</xmin>
            <ymin>0.00</ymin>
            <xmax>184.51</xmax>
            <ymax>5.56</ymax>
        </bndbox>
    </object>
</annotation>
