<?xml version="1.0"?>
<annotation>
    <filename>000003187.jpg</filename>
    <source>
        <annotation>ArcGIS Pro 2.1</annotation>
    </source>
    <size>
        <width>224</width>
        <height>224</height>
        <depth>3</depth>
    </size>
    <object>
        <name>2</name>
        <bndbox>
            <xmin>220.40</xmin>
            <ymin>21.30</ymin>
            <xmax>224.00</xmax>
            <ymax>45.57</ymax>
        </bndbox>
    </object>
    <object>
        <name>2</name>
        <bndbox>
            <xmin>140.81</xmin>
            <ymin>0.00</ymin>
            <xmax>185.25</xmax>
            <ymax>39.23</ymax>
        </bndbox>
    </object>
    <object>
        <name>1</name>
        <bndbox>
            <xmin>112.22</xmin>
            <ymin>169.15</ymin>
            <xmax>123.33</xmax>
            <ymax>180.26</ymax>
        </bndbox>
    </object>
</annotation>
