<?xml version="1.0"?>
<annotation>
    <filename>000002549.jpg</filename>
    <source>
        <annotation>ArcGIS Pro 2.1</annotation>
    </source>
    <size>
        <width>224</width>
        <height>224</height>
        <depth>3</depth>
    </size>
    <object>
        <name>1</name>
        <bndbox>
            <xmin>176.29</xmin>
            <ymin>174.22</ymin>
            <xmax>187.40</xmax>
            <ymax>185.34</ymax>
        </bndbox>
    </object>
    <object>
        <name>1</name>
        <bndbox>
            <xmin>142.89</xmin>
            <ymin>172.22</ymin>
            <xmax>154.00</xmax>
            <ymax>183.33</ymax>
        </bndbox>
    </object>
    <object>
        <name>1</name>
        <bndbox>
            <xmin>219.04</xmin>
            <ymin>145.87</ymin>
            <xmax>224.00</xmax>
            <ymax>156.91</ymax>
        </bndbox>
    </object>
    <object>
        <name>1</name>
        <bndbox>
            <xmin>88.12</xmin>
            <ymin>32.28</ymin>
            <xmax>99.23</xmax>
            <ymax>43.39</ymax>
        </bndbox>
    </object>
    <object>
        <name>1</name>
        <bndbox>
            <xmin>195.99</xmin>
            <ymin>60.00</ymin>
            <xmax>207.10</xmax>
            <ymax>71.11</ymax>
        </bndbox>
    </object>
</annotation>
