<?xml version="1.0"?>
<annotation>
    <filename>000000847.jpg</filename>
    <source>
        <annotation>ArcGIS Pro 2.1</annotation>
    </source>
    <size>
        <width>224</width>
        <height>224</height>
        <depth>3</depth>
    </size>
    <object>
        <name>2</name>
        <bndbox>
            <xmin>138.79</xmin>
            <ymin>115.93</ymin>
            <xmax>183.23</xmax>
            <ymax>160.37</ymax>
        </bndbox>
    </object>
    <object>
        <name>2</name>
        <bndbox>
            <xmin>105.60</xmin>
            <ymin>154.37</ymin>
            <xmax>150.05</xmax>
            <ymax>198.82</ymax>
        </bndbox>
    </object>
</annotation>
