<?xml version="1.0"?>
<annotation>
    <filename>000002468.jpg</filename>
    <source>
        <annotation>ArcGIS Pro 2.1</annotation>
    </source>
    <size>
        <width>224</width>
        <height>224</height>
        <depth>3</depth>
    </size>
    <object>
        <name>2</name>
        <bndbox>
            <xmin>0.00</xmin>
            <ymin>67.99</ymin>
            <xmax>26.16</xmax>
            <ymax>112.43</ymax>
        </bndbox>
    </object>
    <object>
        <name>2</name>
        <bndbox>
            <xmin>91.12</xmin>
            <ymin>220.66</ymin>
            <xmax>114.54</xmax>
            <ymax>224.00</ymax>
        </bndbox>
    </object>
    <object>
        <name>1</name>
        <bndbox>
            <xmin>138.81</xmin>
            <ymin>116.60</ymin>
            <xmax>149.92</xmax>
            <ymax>127.71</ymax>
        </bndbox>
    </object>
</annotation>
