<?xml version="1.0"?>
<annotation>
    <filename>000001300.jpg</filename>
    <source>
        <annotation>ArcGIS Pro 2.1</annotation>
    </source>
    <size>
        <width>224</width>
        <height>224</height>
        <depth>3</depth>
    </size>
    <object>
        <name>1</name>
        <bndbox>
            <xmin>11.33</xmin>
            <ymin>13.93</ymin>
            <xmax>22.44</xmax>
            <ymax>25.04</ymax>
        </bndbox>
    </object>
    <object>
        <name>1</name>
        <bndbox>
            <xmin>0.00</xmin>
            <ymin>20.57</ymin>
            <xmax>10.82</xmax>
            <ymax>31.68</ymax>
        </bndbox>
    </object>
    <object>
        <name>1</name>
        <bndbox>
            <xmin>32.90</xmin>
            <ymin>59.47</ymin>
            <xmax>44.01</xmax>
            <ymax>70.59</ymax>
        </bndbox>
    </object>
    <object>
        <name>1</name>
        <bndbox>
            <xmin>24.01</xmin>
            <ymin>6.83</ymin>
            <xmax>35.12</xmax>
            <ymax>17.94</ymax>
        </bndbox>
    </object>
</annotation>
