<?xml version="1.0"?>
<annotation>
    <filename>000003583.jpg</filename>
    <source>
        <annotation>ArcGIS Pro 2.1</annotation>
    </source>
    <size>
        <width>224</width>
        <height>224</height>
        <depth>3</depth>
    </size>
    <object>
        <name>1</name>
        <bndbox>
            <xmin>0.00</xmin>
            <ymin>164.63</ymin>
            <xmax>7.43</xmax>
            <ymax>175.74</ymax>
        </bndbox>
    </object>
    <object>
        <name>1</name>
        <bndbox>
            <xmin>5.87</xmin>
            <ymin>174.41</ymin>
            <xmax>16.98</xmax>
            <ymax>185.52</ymax>
        </bndbox>
    </object>
    <object>
        <name>1</name>
        <bndbox>
            <xmin>43.62</xmin>
            <ymin>203.71</ymin>
            <xmax>54.73</xmax>
            <ymax>214.82</ymax>
        </bndbox>
    </object>
    <object>
        <name>1</name>
        <bndbox>
            <xmin>33.08</xmin>
            <ymin>196.48</ymin>
            <xmax>44.19</xmax>
            <ymax>207.60</ymax>
        </bndbox>
    </object>
    <object>
        <name>1</name>
        <bndbox>
            <xmin>16.06</xmin>
            <ymin>181.84</ymin>
            <xmax>27.17</xmax>
            <ymax>192.95</ymax>
        </bndbox>
    </object>
    <object>
        <name>1</name>
        <bndbox>
            <xmin>24.63</xmin>
            <ymin>190.01</ymin>
            <xmax>35.74</xmax>
            <ymax>201.13</ymax>
        </bndbox>
    </object>
    <object>
        <name>1</name>
        <bndbox>
            <xmin>52.47</xmin>
            <ymin>211.85</ymin>
            <xmax>63.58</xmax>
            <ymax>222.96</ymax>
        </bndbox>
    </object>
    <object>
        <name>1</name>
        <bndbox>
            <xmin>53.76</xmin>
            <ymin>138.78</ymin>
            <xmax>64.87</xmax>
            <ymax>149.90</ymax>
        </bndbox>
    </object>
    <object>
        <name>1</name>
        <bndbox>
            <xmin>29.11</xmin>
            <ymin>118.92</ymin>
            <xmax>40.22</xmax>
            <ymax>130.03</ymax>
        </bndbox>
    </object>
    <object>
        <name>1</name>
        <bndbox>
            <xmin>10.23</xmin>
            <ymin>102.75</ymin>
            <xmax>21.34</xmax>
            <ymax>113.86</ymax>
        </bndbox>
    </object>
    <object>
        <name>1</name>
        <bndbox>
            <xmin>0.00</xmin>
            <ymin>90.08</ymin>
            <xmax>0.29</xmax>
            <ymax>93.61</ymax>
        </bndbox>
    </object>
    <object>
        <name>1</name>
        <bndbox>
            <xmin>99.47</xmin>
            <ymin>62.17</ymin>
            <xmax>110.58</xmax>
            <ymax>73.28</ymax>
        </bndbox>
    </object>
    <object>
        <name>1</name>
        <bndbox>
            <xmin>142.66</xmin>
            <ymin>95.14</ymin>
            <xmax>153.78</xmax>
            <ymax>106.25</ymax>
        </bndbox>
    </object>
    <object>
        <name>1</name>
        <bndbox>
            <xmin>168.61</xmin>
            <ymin>115.49</ymin>
            <xmax>179.72</xmax>
            <ymax>126.60</ymax>
        </bndbox>
    </object>
    <object>
        <name>1</name>
        <bndbox>
            <xmin>189.04</xmin>
            <ymin>130.84</ymin>
            <xmax>200.15</xmax>
            <ymax>141.95</ymax>
        </bndbox>
    </object>
    <object>
        <name>1</name>
        <bndbox>
            <xmin>211.53</xmin>
            <ymin>149.97</ymin>
            <xmax>222.64</xmax>
            <ymax>161.09</ymax>
        </bndbox>
    </object>
    <object>
        <name>1</name>
        <bndbox>
            <xmin>61.40</xmin>
            <ymin>218.46</ymin>
            <xmax>72.51</xmax>
            <ymax>224.00</ymax>
        </bndbox>
    </object>
</annotation>
