<?xml version="1.0"?>
<annotation>
    <filename>000001919.jpg</filename>
    <source>
        <annotation>ArcGIS Pro 2.1</annotation>
    </source>
    <size>
        <width>224</width>
        <height>224</height>
        <depth>3</depth>
    </size>
    <object>
        <name>1</name>
        <bndbox>
            <xmin>158.20</xmin>
            <ymin>208.43</ymin>
            <xmax>169.31</xmax>
            <ymax>219.54</ymax>
        </bndbox>
    </object>
</annotation>
