<?xml version="1.0"?>
<annotation>
    <filename>000000064.jpg</filename>
    <source>
        <annotation>ArcGIS Pro 2.1</annotation>
    </source>
    <size>
        <width>224</width>
        <height>224</height>
        <depth>3</depth>
    </size>
    <object>
        <name>2</name>
        <bndbox>
            <xmin>197.22</xmin>
            <ymin>179.25</ymin>
            <xmax>224.00</xmax>
            <ymax>223.69</ymax>
        </bndbox>
    </object>
    <object>
        <name>1</name>
        <bndbox>
            <xmin>180.04</xmin>
            <ymin>108.47</ymin>
            <xmax>191.16</xmax>
            <ymax>119.58</ymax>
        </bndbox>
    </object>
</annotation>
