<?xml version="1.0"?>
<annotation>
    <filename>000001324.jpg</filename>
    <source>
        <annotation>ArcGIS Pro 2.1</annotation>
    </source>
    <size>
        <width>224</width>
        <height>224</height>
        <depth>3</depth>
    </size>
    <object>
        <name>2</name>
        <bndbox>
            <xmin>56.65</xmin>
            <ymin>176.80</ymin>
            <xmax>101.10</xmax>
            <ymax>221.24</ymax>
        </bndbox>
    </object>
    <object>
        <name>1</name>
        <bndbox>
            <xmin>44.07</xmin>
            <ymin>7.25</ymin>
            <xmax>55.18</xmax>
            <ymax>18.36</ymax>
        </bndbox>
    </object>
    <object>
        <name>1</name>
        <bndbox>
            <xmin>21.35</xmin>
            <ymin>21.00</ymin>
            <xmax>32.47</xmax>
            <ymax>32.11</ymax>
        </bndbox>
    </object>
    <object>
        <name>1</name>
        <bndbox>
            <xmin>129.57</xmin>
            <ymin>44.15</ymin>
            <xmax>140.68</xmax>
            <ymax>55.26</ymax>
        </bndbox>
    </object>
</annotation>
