<?xml version="1.0"?>
<annotation>
    <filename>000003650.jpg</filename>
    <source>
        <annotation>ArcGIS Pro 2.1</annotation>
    </source>
    <size>
        <width>224</width>
        <height>224</height>
        <depth>3</depth>
    </size>
    <object>
        <name>1</name>
        <bndbox>
            <xmin>204.03</xmin>
            <ymin>119.23</ymin>
            <xmax>215.14</xmax>
            <ymax>130.34</ymax>
        </bndbox>
    </object>
    <object>
        <name>1</name>
        <bndbox>
            <xmin>206.19</xmin>
            <ymin>134.59</ymin>
            <xmax>217.30</xmax>
            <ymax>145.70</ymax>
        </bndbox>
    </object>
    <object>
        <name>1</name>
        <bndbox>
            <xmin>205.26</xmin>
            <ymin>148.38</ymin>
            <xmax>216.37</xmax>
            <ymax>159.49</ymax>
        </bndbox>
    </object>
    <object>
        <name>1</name>
        <bndbox>
            <xmin>221.14</xmin>
            <ymin>187.46</ymin>
            <xmax>224.00</xmax>
            <ymax>197.18</ymax>
        </bndbox>
    </object>
    <object>
        <name>1</name>
        <bndbox>
            <xmin>208.84</xmin>
            <ymin>162.39</ymin>
            <xmax>219.96</xmax>
            <ymax>173.50</ymax>
        </bndbox>
    </object>
    <object>
        <name>1</name>
        <bndbox>
            <xmin>214.20</xmin>
            <ymin>175.13</ymin>
            <xmax>224.00</xmax>
            <ymax>186.24</ymax>
        </bndbox>
    </object>
    <object>
        <name>1</name>
        <bndbox>
            <xmin>206.39</xmin>
            <ymin>135.14</ymin>
            <xmax>217.50</xmax>
            <ymax>146.25</ymax>
        </bndbox>
    </object>
    <object>
        <name>1</name>
        <bndbox>
            <xmin>221.09</xmin>
            <ymin>187.30</ymin>
            <xmax>224.00</xmax>
            <ymax>197.07</ymax>
        </bndbox>
    </object>
    <object>
        <name>1</name>
        <bndbox>
            <xmin>214.02</xmin>
            <ymin>175.46</ymin>
            <xmax>224.00</xmax>
            <ymax>186.57</ymax>
        </bndbox>
    </object>
    <object>
        <name>1</name>
        <bndbox>
            <xmin>204.88</xmin>
            <ymin>149.11</ymin>
            <xmax>215.99</xmax>
            <ymax>160.22</ymax>
        </bndbox>
    </object>
</annotation>
