<?xml version="1.0"?>
<annotation>
    <filename>000001008.jpg</filename>
    <source>
        <annotation>ArcGIS Pro 2.1</annotation>
    </source>
    <size>
        <width>224</width>
        <height>224</height>
        <depth>3</depth>
    </size>
    <object>
        <name>2</name>
        <bndbox>
            <xmin>11.97</xmin>
            <ymin>16.97</ymin>
            <xmax>56.41</xmax>
            <ymax>61.42</ymax>
        </bndbox>
    </object>
    <object>
        <name>1</name>
        <bndbox>
            <xmin>167.29</xmin>
            <ymin>41.85</ymin>
            <xmax>178.40</xmax>
            <ymax>52.96</ymax>
        </bndbox>
    </object>
    <object>
        <name>1</name>
        <bndbox>
            <xmin>211.38</xmin>
            <ymin>55.88</ymin>
            <xmax>222.49</xmax>
            <ymax>66.99</ymax>
        </bndbox>
    </object>
</annotation>
