<?xml version="1.0"?>
<annotation>
    <filename>000000132.jpg</filename>
    <source>
        <annotation>ArcGIS Pro 2.1</annotation>
    </source>
    <size>
        <width>224</width>
        <height>224</height>
        <depth>3</depth>
    </size>
    <object>
        <name>1</name>
        <bndbox>
            <xmin>108.86</xmin>
            <ymin>21.28</ymin>
            <xmax>119.97</xmax>
            <ymax>32.39</ymax>
        </bndbox>
    </object>
    <object>
        <name>1</name>
        <bndbox>
            <xmin>103.67</xmin>
            <ymin>10.24</ymin>
            <xmax>114.78</xmax>
            <ymax>21.35</ymax>
        </bndbox>
    </object>
    <object>
        <name>1</name>
        <bndbox>
            <xmin>176.58</xmin>
            <ymin>11.09</ymin>
            <xmax>187.69</xmax>
            <ymax>22.20</ymax>
        </bndbox>
    </object>
    <object>
        <name>1</name>
        <bndbox>
            <xmin>203.07</xmin>
            <ymin>49.87</ymin>
            <xmax>214.19</xmax>
            <ymax>60.98</ymax>
        </bndbox>
    </object>
    <object>
        <name>1</name>
        <bndbox>
            <xmin>221.89</xmin>
            <ymin>17.02</ymin>
            <xmax>224.00</xmax>
            <ymax>25.73</ymax>
        </bndbox>
    </object>
    <object>
        <name>1</name>
        <bndbox>
            <xmin>189.77</xmin>
            <ymin>141.45</ymin>
            <xmax>200.88</xmax>
            <ymax>152.56</ymax>
        </bndbox>
    </object>
</annotation>
