<?xml version="1.0"?>
<annotation>
    <filename>000001033.jpg</filename>
    <source>
        <annotation>ArcGIS Pro 2.1</annotation>
    </source>
    <size>
        <width>224</width>
        <height>224</height>
        <depth>3</depth>
    </size>
    <object>
        <name>1</name>
        <bndbox>
            <xmin>27.58</xmin>
            <ymin>86.97</ymin>
            <xmax>38.69</xmax>
            <ymax>98.09</ymax>
        </bndbox>
    </object>
    <object>
        <name>1</name>
        <bndbox>
            <xmin>8.31</xmin>
            <ymin>158.07</ymin>
            <xmax>19.42</xmax>
            <ymax>169.19</ymax>
        </bndbox>
    </object>
    <object>
        <name>1</name>
        <bndbox>
            <xmin>74.93</xmin>
            <ymin>112.96</ymin>
            <xmax>86.04</xmax>
            <ymax>124.08</ymax>
        </bndbox>
    </object>
    <object>
        <name>1</name>
        <bndbox>
            <xmin>53.57</xmin>
            <ymin>127.15</ymin>
            <xmax>64.68</xmax>
            <ymax>138.27</ymax>
        </bndbox>
    </object>
    <object>
        <name>1</name>
        <bndbox>
            <xmin>98.22</xmin>
            <ymin>96.92</ymin>
            <xmax>109.33</xmax>
            <ymax>108.03</ymax>
        </bndbox>
    </object>
    <object>
        <name>1</name>
        <bndbox>
            <xmin>218.52</xmin>
            <ymin>17.20</ymin>
            <xmax>224.00</xmax>
            <ymax>28.31</ymax>
        </bndbox>
    </object>
    <object>
        <name>1</name>
        <bndbox>
            <xmin>49.42</xmin>
            <ymin>218.37</ymin>
            <xmax>60.53</xmax>
            <ymax>224.00</ymax>
        </bndbox>
    </object>
    <object>
        <name>1</name>
        <bndbox>
            <xmin>59.96</xmin>
            <ymin>211.54</ymin>
            <xmax>71.07</xmax>
            <ymax>222.65</ymax>
        </bndbox>
    </object>
    <object>
        <name>1</name>
        <bndbox>
            <xmin>83.46</xmin>
            <ymin>196.44</ymin>
            <xmax>94.58</xmax>
            <ymax>207.55</ymax>
        </bndbox>
    </object>
    <object>
        <name>1</name>
        <bndbox>
            <xmin>94.58</xmin>
            <ymin>188.60</ymin>
            <xmax>105.69</xmax>
            <ymax>199.71</ymax>
        </bndbox>
    </object>
    <object>
        <name>1</name>
        <bndbox>
            <xmin>163.94</xmin>
            <ymin>140.93</ymin>
            <xmax>175.06</xmax>
            <ymax>152.04</ymax>
        </bndbox>
    </object>
</annotation>
