<?xml version="1.0"?>
<annotation>
    <filename>000000159.jpg</filename>
    <source>
        <annotation>ArcGIS Pro 2.1</annotation>
    </source>
    <size>
        <width>224</width>
        <height>224</height>
        <depth>3</depth>
    </size>
    <object>
        <name>2</name>
        <bndbox>
            <xmin>121.54</xmin>
            <ymin>97.73</ymin>
            <xmax>165.98</xmax>
            <ymax>142.17</ymax>
        </bndbox>
    </object>
    <object>
        <name>2</name>
        <bndbox>
            <xmin>0.00</xmin>
            <ymin>0.02</ymin>
            <xmax>33.85</xmax>
            <ymax>44.46</ymax>
        </bndbox>
    </object>
</annotation>
