<?xml version="1.0"?>
<annotation>
    <filename>000003620.jpg</filename>
    <source>
        <annotation>ArcGIS Pro 2.1</annotation>
    </source>
    <size>
        <width>224</width>
        <height>224</height>
        <depth>3</depth>
    </size>
    <object>
        <name>1</name>
        <bndbox>
            <xmin>41.94</xmin>
            <ymin>3.57</ymin>
            <xmax>53.05</xmax>
            <ymax>14.68</ymax>
        </bndbox>
    </object>
    <object>
        <name>1</name>
        <bndbox>
            <xmin>29.35</xmin>
            <ymin>92.24</ymin>
            <xmax>40.46</xmax>
            <ymax>103.35</ymax>
        </bndbox>
    </object>
    <object>
        <name>1</name>
        <bndbox>
            <xmin>14.72</xmin>
            <ymin>63.64</ymin>
            <xmax>25.83</xmax>
            <ymax>74.75</ymax>
        </bndbox>
    </object>
    <object>
        <name>1</name>
        <bndbox>
            <xmin>108.32</xmin>
            <ymin>52.63</ymin>
            <xmax>119.43</xmax>
            <ymax>63.75</ymax>
        </bndbox>
    </object>
    <object>
        <name>1</name>
        <bndbox>
            <xmin>117.87</xmin>
            <ymin>62.41</ymin>
            <xmax>128.98</xmax>
            <ymax>73.52</ymax>
        </bndbox>
    </object>
    <object>
        <name>1</name>
        <bndbox>
            <xmin>52.48</xmin>
            <ymin>10.68</ymin>
            <xmax>63.59</xmax>
            <ymax>21.79</ymax>
        </bndbox>
    </object>
    <object>
        <name>1</name>
        <bndbox>
            <xmin>71.79</xmin>
            <ymin>27.31</ymin>
            <xmax>82.90</xmax>
            <ymax>38.42</ymax>
        </bndbox>
    </object>
    <object>
        <name>1</name>
        <bndbox>
            <xmin>155.62</xmin>
            <ymin>91.71</ymin>
            <xmax>166.73</xmax>
            <ymax>102.82</ymax>
        </bndbox>
    </object>
    <object>
        <name>1</name>
        <bndbox>
            <xmin>145.08</xmin>
            <ymin>84.48</ymin>
            <xmax>156.19</xmax>
            <ymax>95.60</ymax>
        </bndbox>
    </object>
    <object>
        <name>1</name>
        <bndbox>
            <xmin>128.06</xmin>
            <ymin>69.84</ymin>
            <xmax>139.17</xmax>
            <ymax>80.95</ymax>
        </bndbox>
    </object>
    <object>
        <name>1</name>
        <bndbox>
            <xmin>133.49</xmin>
            <ymin>217.02</ymin>
            <xmax>144.59</xmax>
            <ymax>224.00</ymax>
        </bndbox>
    </object>
    <object>
        <name>1</name>
        <bndbox>
            <xmin>145.91</xmin>
            <ymin>199.14</ymin>
            <xmax>157.02</xmax>
            <ymax>210.25</ymax>
        </bndbox>
    </object>
    <object>
        <name>1</name>
        <bndbox>
            <xmin>192.46</xmin>
            <ymin>204.69</ymin>
            <xmax>203.57</xmax>
            <ymax>215.81</ymax>
        </bndbox>
    </object>
    <object>
        <name>1</name>
        <bndbox>
            <xmin>201.37</xmin>
            <ymin>213.55</ymin>
            <xmax>212.48</xmax>
            <ymax>224.00</ymax>
        </bndbox>
    </object>
    <object>
        <name>1</name>
        <bndbox>
            <xmin>211.74</xmin>
            <ymin>219.64</ymin>
            <xmax>222.59</xmax>
            <ymax>224.00</ymax>
        </bndbox>
    </object>
    <object>
        <name>1</name>
        <bndbox>
            <xmin>162.06</xmin>
            <ymin>183.97</ymin>
            <xmax>173.17</xmax>
            <ymax>195.08</ymax>
        </bndbox>
    </object>
    <object>
        <name>1</name>
        <bndbox>
            <xmin>136.63</xmin>
            <ymin>78.01</ymin>
            <xmax>147.74</xmax>
            <ymax>89.13</ymax>
        </bndbox>
    </object>
    <object>
        <name>1</name>
        <bndbox>
            <xmin>164.47</xmin>
            <ymin>99.85</ymin>
            <xmax>175.58</xmax>
            <ymax>110.96</ymax>
        </bndbox>
    </object>
    <object>
        <name>1</name>
        <bndbox>
            <xmin>183.61</xmin>
            <ymin>115.02</ymin>
            <xmax>194.72</xmax>
            <ymax>126.13</ymax>
        </bndbox>
    </object>
    <object>
        <name>1</name>
        <bndbox>
            <xmin>203.68</xmin>
            <ymin>132.21</ymin>
            <xmax>214.79</xmax>
            <ymax>143.32</ymax>
        </bndbox>
    </object>
    <object>
        <name>1</name>
        <bndbox>
            <xmin>213.23</xmin>
            <ymin>137.31</ymin>
            <xmax>224.00</xmax>
            <ymax>148.42</ymax>
        </bndbox>
    </object>
    <object>
        <name>1</name>
        <bndbox>
            <xmin>139.84</xmin>
            <ymin>208.86</ymin>
            <xmax>150.96</xmax>
            <ymax>219.97</ymax>
        </bndbox>
    </object>
    <object>
        <name>1</name>
        <bndbox>
            <xmin>181.24</xmin>
            <ymin>197.10</ymin>
            <xmax>192.35</xmax>
            <ymax>208.21</ymax>
        </bndbox>
    </object>
    <object>
        <name>1</name>
        <bndbox>
            <xmin>177.54</xmin>
            <ymin>166.89</ymin>
            <xmax>188.65</xmax>
            <ymax>178.00</ymax>
        </bndbox>
    </object>
    <object>
        <name>1</name>
        <bndbox>
            <xmin>155.93</xmin>
            <ymin>192.23</ymin>
            <xmax>167.04</xmax>
            <ymax>203.34</ymax>
        </bndbox>
    </object>
    <object>
        <name>1</name>
        <bndbox>
            <xmin>20.81</xmin>
            <ymin>212.31</ymin>
            <xmax>31.92</xmax>
            <ymax>223.42</ymax>
        </bndbox>
    </object>
    <object>
        <name>1</name>
        <bndbox>
            <xmin>26.05</xmin>
            <ymin>199.55</ymin>
            <xmax>37.16</xmax>
            <ymax>210.66</ymax>
        </bndbox>
    </object>
    <object>
        <name>1</name>
        <bndbox>
            <xmin>33.86</xmin>
            <ymin>188.79</ymin>
            <xmax>44.97</xmax>
            <ymax>199.90</ymax>
        </bndbox>
    </object>
    <object>
        <name>1</name>
        <bndbox>
            <xmin>41.35</xmin>
            <ymin>180.42</ymin>
            <xmax>52.46</xmax>
            <ymax>191.53</ymax>
        </bndbox>
    </object>
    <object>
        <name>1</name>
        <bndbox>
            <xmin>55.20</xmin>
            <ymin>161.47</ymin>
            <xmax>66.31</xmax>
            <ymax>172.59</ymax>
        </bndbox>
    </object>
    <object>
        <name>1</name>
        <bndbox>
            <xmin>49.11</xmin>
            <ymin>171.09</ymin>
            <xmax>60.22</xmax>
            <ymax>182.21</ymax>
        </bndbox>
    </object>
    <object>
        <name>1</name>
        <bndbox>
            <xmin>62.28</xmin>
            <ymin>150.93</ymin>
            <xmax>73.40</xmax>
            <ymax>162.04</ymax>
        </bndbox>
    </object>
    <object>
        <name>1</name>
        <bndbox>
            <xmin>80.24</xmin>
            <ymin>131.17</ymin>
            <xmax>91.35</xmax>
            <ymax>142.28</ymax>
        </bndbox>
    </object>
    <object>
        <name>1</name>
        <bndbox>
            <xmin>87.04</xmin>
            <ymin>121.82</ymin>
            <xmax>98.15</xmax>
            <ymax>132.93</ymax>
        </bndbox>
    </object>
    <object>
        <name>1</name>
        <bndbox>
            <xmin>103.01</xmin>
            <ymin>110.86</ymin>
            <xmax>114.12</xmax>
            <ymax>121.98</ymax>
        </bndbox>
    </object>
    <object>
        <name>1</name>
        <bndbox>
            <xmin>122.43</xmin>
            <ymin>124.73</ymin>
            <xmax>133.54</xmax>
            <ymax>135.84</ymax>
        </bndbox>
    </object>
    <object>
        <name>1</name>
        <bndbox>
            <xmin>110.93</xmin>
            <ymin>138.24</ymin>
            <xmax>122.04</xmax>
            <ymax>149.35</ymax>
        </bndbox>
    </object>
    <object>
        <name>1</name>
        <bndbox>
            <xmin>79.75</xmin>
            <ymin>179.60</ymin>
            <xmax>90.86</xmax>
            <ymax>190.71</ymax>
        </bndbox>
    </object>
    <object>
        <name>1</name>
        <bndbox>
            <xmin>69.83</xmin>
            <ymin>188.84</ymin>
            <xmax>80.94</xmax>
            <ymax>199.96</ymax>
        </bndbox>
    </object>
    <object>
        <name>1</name>
        <bndbox>
            <xmin>63.71</xmin>
            <ymin>199.42</ymin>
            <xmax>74.82</xmax>
            <ymax>210.53</ymax>
        </bndbox>
    </object>
    <object>
        <name>1</name>
        <bndbox>
            <xmin>55.96</xmin>
            <ymin>208.50</ymin>
            <xmax>67.07</xmax>
            <ymax>219.62</ymax>
        </bndbox>
    </object>
    <object>
        <name>1</name>
        <bndbox>
            <xmin>49.15</xmin>
            <ymin>218.10</ymin>
            <xmax>60.26</xmax>
            <ymax>224.00</ymax>
        </bndbox>
    </object>
    <object>
        <name>1</name>
        <bndbox>
            <xmin>103.51</xmin>
            <ymin>151.65</ymin>
            <xmax>114.62</xmax>
            <ymax>162.76</ymax>
        </bndbox>
    </object>
    <object>
        <name>1</name>
        <bndbox>
            <xmin>95.90</xmin>
            <ymin>163.38</ymin>
            <xmax>107.01</xmax>
            <ymax>174.49</ymax>
        </bndbox>
    </object>
    <object>
        <name>1</name>
        <bndbox>
            <xmin>165.76</xmin>
            <ymin>26.78</ymin>
            <xmax>176.87</xmax>
            <ymax>37.90</ymax>
        </bndbox>
    </object>
    <object>
        <name>1</name>
        <bndbox>
            <xmin>141.11</xmin>
            <ymin>6.92</ymin>
            <xmax>152.22</xmax>
            <ymax>18.03</ymax>
        </bndbox>
    </object>
    <object>
        <name>1</name>
        <bndbox>
            <xmin>123.64</xmin>
            <ymin>0.00</ymin>
            <xmax>131.93</xmax>
            <ymax>1.86</ymax>
        </bndbox>
    </object>
    <object>
        <name>1</name>
        <bndbox>
            <xmin>42.09</xmin>
            <ymin>58.51</ymin>
            <xmax>53.21</xmax>
            <ymax>69.62</ymax>
        </bndbox>
    </object>
    <object>
        <name>1</name>
        <bndbox>
            <xmin>25.25</xmin>
            <ymin>46.56</ymin>
            <xmax>36.36</xmax>
            <ymax>57.67</ymax>
        </bndbox>
    </object>
    <object>
        <name>1</name>
        <bndbox>
            <xmin>35.67</xmin>
            <ymin>79.91</ymin>
            <xmax>46.78</xmax>
            <ymax>91.03</ymax>
        </bndbox>
    </object>
    <object>
        <name>1</name>
        <bndbox>
            <xmin>0.00</xmin>
            <ymin>127.72</ymin>
            <xmax>8.19</xmax>
            <ymax>138.83</ymax>
        </bndbox>
    </object>
    <object>
        <name>1</name>
        <bndbox>
            <xmin>6.25</xmin>
            <ymin>121.49</ymin>
            <xmax>17.36</xmax>
            <ymax>132.60</ymax>
        </bndbox>
    </object>
    <object>
        <name>1</name>
        <bndbox>
            <xmin>18.18</xmin>
            <ymin>98.97</ymin>
            <xmax>29.29</xmax>
            <ymax>110.08</ymax>
        </bndbox>
    </object>
    <object>
        <name>1</name>
        <bndbox>
            <xmin>11.46</xmin>
            <ymin>109.87</ymin>
            <xmax>22.58</xmax>
            <ymax>120.98</ymax>
        </bndbox>
    </object>
    <object>
        <name>1</name>
        <bndbox>
            <xmin>194.53</xmin>
            <ymin>121.87</ymin>
            <xmax>205.64</xmax>
            <ymax>132.99</ymax>
        </bndbox>
    </object>
    <object>
        <name>1</name>
        <bndbox>
            <xmin>173.40</xmin>
            <ymin>106.46</ymin>
            <xmax>184.51</xmax>
            <ymax>117.57</ymax>
        </bndbox>
    </object>
    <object>
        <name>1</name>
        <bndbox>
            <xmin>81.67</xmin>
            <ymin>34.88</ymin>
            <xmax>92.78</xmax>
            <ymax>46.00</ymax>
        </bndbox>
    </object>
    <object>
        <name>1</name>
        <bndbox>
            <xmin>97.94</xmin>
            <ymin>49.29</ymin>
            <xmax>109.05</xmax>
            <ymax>60.41</ymax>
        </bndbox>
    </object>
    <object>
        <name>1</name>
        <bndbox>
            <xmin>61.52</xmin>
            <ymin>19.22</ymin>
            <xmax>72.63</xmax>
            <ymax>30.33</ymax>
        </bndbox>
    </object>
    <object>
        <name>1</name>
        <bndbox>
            <xmin>31.39</xmin>
            <ymin>0.00</ymin>
            <xmax>42.50</xmax>
            <ymax>8.30</ymax>
        </bndbox>
    </object>
</annotation>
