<?xml version="1.0"?>
<annotation>
    <filename>000001302.jpg</filename>
    <source>
        <annotation>ArcGIS Pro 2.1</annotation>
    </source>
    <size>
        <width>224</width>
        <height>224</height>
        <depth>3</depth>
    </size>
    <object>
        <name>2</name>
        <bndbox>
            <xmin>156.87</xmin>
            <ymin>146.84</ymin>
            <xmax>201.31</xmax>
            <ymax>191.28</ymax>
        </bndbox>
    </object>
    <object>
        <name>2</name>
        <bndbox>
            <xmin>0.30</xmin>
            <ymin>0.00</ymin>
            <xmax>44.66</xmax>
            <ymax>43.35</ymax>
        </bndbox>
    </object>
</annotation>
