<?xml version="1.0"?>
<annotation>
    <filename>000002165.jpg</filename>
    <source>
        <annotation>ArcGIS Pro 2.1</annotation>
    </source>
    <size>
        <width>224</width>
        <height>224</height>
        <depth>3</depth>
    </size>
    <object>
        <name>2</name>
        <bndbox>
            <xmin>0.00</xmin>
            <ymin>167.46</ymin>
            <xmax>38.85</xmax>
            <ymax>211.90</ymax>
        </bndbox>
    </object>
    <object>
        <name>2</name>
        <bndbox>
            <xmin>0.00</xmin>
            <ymin>98.25</ymin>
            <xmax>37.42</xmax>
            <ymax>142.69</ymax>
        </bndbox>
    </object>
    <object>
        <name>2</name>
        <bndbox>
            <xmin>141.09</xmin>
            <ymin>68.41</ymin>
            <xmax>185.53</xmax>
            <ymax>112.86</ymax>
        </bndbox>
    </object>
    <object>
        <name>1</name>
        <bndbox>
            <xmin>102.72</xmin>
            <ymin>0.00</ymin>
            <xmax>108.38</xmax>
            <ymax>0.77</ymax>
        </bndbox>
    </object>
</annotation>
