<?xml version="1.0"?>
<annotation>
    <filename>000003043.jpg</filename>
    <source>
        <annotation>ArcGIS Pro 2.1</annotation>
    </source>
    <size>
        <width>224</width>
        <height>224</height>
        <depth>3</depth>
    </size>
    <object>
        <name>2</name>
        <bndbox>
            <xmin>198.29</xmin>
            <ymin>0.00</ymin>
            <xmax>224.00</xmax>
            <ymax>14.30</ymax>
        </bndbox>
    </object>
    <object>
        <name>2</name>
        <bndbox>
            <xmin>134.92</xmin>
            <ymin>27.98</ymin>
            <xmax>179.37</xmax>
            <ymax>72.42</ymax>
        </bndbox>
    </object>
    <object>
        <name>2</name>
        <bndbox>
            <xmin>67.97</xmin>
            <ymin>169.47</ymin>
            <xmax>112.41</xmax>
            <ymax>213.92</ymax>
        </bndbox>
    </object>
    <object>
        <name>1</name>
        <bndbox>
            <xmin>15.01</xmin>
            <ymin>33.28</ymin>
            <xmax>26.12</xmax>
            <ymax>44.39</ymax>
        </bndbox>
    </object>
    <object>
        <name>1</name>
        <bndbox>
            <xmin>55.33</xmin>
            <ymin>131.25</ymin>
            <xmax>66.45</xmax>
            <ymax>142.36</ymax>
        </bndbox>
    </object>
    <object>
        <name>1</name>
        <bndbox>
            <xmin>29.09</xmin>
            <ymin>120.67</ymin>
            <xmax>40.20</xmax>
            <ymax>131.78</ymax>
        </bndbox>
    </object>
</annotation>
