<?xml version="1.0"?>
<annotation>
    <filename>000003078.jpg</filename>
    <source>
        <annotation>ArcGIS Pro 2.1</annotation>
    </source>
    <size>
        <width>224</width>
        <height>224</height>
        <depth>3</depth>
    </size>
    <object>
        <name>2</name>
        <bndbox>
            <xmin>0.00</xmin>
            <ymin>0.00</ymin>
            <xmax>12.49</xmax>
            <ymax>15.68</ymax>
        </bndbox>
    </object>
    <object>
        <name>2</name>
        <bndbox>
            <xmin>215.56</xmin>
            <ymin>222.15</ymin>
            <xmax>224.00</xmax>
            <ymax>224.00</ymax>
        </bndbox>
    </object>
    <object>
        <name>1</name>
        <bndbox>
            <xmin>168.71</xmin>
            <ymin>65.62</ymin>
            <xmax>179.82</xmax>
            <ymax>76.73</ymax>
        </bndbox>
    </object>
    <object>
        <name>1</name>
        <bndbox>
            <xmin>178.58</xmin>
            <ymin>147.19</ymin>
            <xmax>189.69</xmax>
            <ymax>158.30</ymax>
        </bndbox>
    </object>
    <object>
        <name>1</name>
        <bndbox>
            <xmin>70.30</xmin>
            <ymin>76.85</ymin>
            <xmax>81.41</xmax>
            <ymax>87.97</ymax>
        </bndbox>
    </object>
    <object>
        <name>1</name>
        <bndbox>
            <xmin>142.67</xmin>
            <ymin>191.92</ymin>
            <xmax>153.78</xmax>
            <ymax>203.03</ymax>
        </bndbox>
    </object>
</annotation>
