<?xml version="1.0"?>
<annotation>
    <filename>000003404.jpg</filename>
    <source>
        <annotation>ArcGIS Pro 2.1</annotation>
    </source>
    <size>
        <width>224</width>
        <height>224</height>
        <depth>3</depth>
    </size>
    <object>
        <name>2</name>
        <bndbox>
            <xmin>4.46</xmin>
            <ymin>0.00</ymin>
            <xmax>48.90</xmax>
            <ymax>27.61</ymax>
        </bndbox>
    </object>
    <object>
        <name>1</name>
        <bndbox>
            <xmin>208.11</xmin>
            <ymin>103.76</ymin>
            <xmax>219.22</xmax>
            <ymax>114.87</ymax>
        </bndbox>
    </object>
    <object>
        <name>1</name>
        <bndbox>
            <xmin>131.54</xmin>
            <ymin>69.71</ymin>
            <xmax>142.65</xmax>
            <ymax>80.82</ymax>
        </bndbox>
    </object>
</annotation>
