<?xml version="1.0"?>
<annotation>
    <filename>000002037.jpg</filename>
    <source>
        <annotation>ArcGIS Pro 2.1</annotation>
    </source>
    <size>
        <width>224</width>
        <height>224</height>
        <depth>3</depth>
    </size>
    <object>
        <name>2</name>
        <bndbox>
            <xmin>0.00</xmin>
            <ymin>210.25</ymin>
            <xmax>35.74</xmax>
            <ymax>224.00</ymax>
        </bndbox>
    </object>
    <object>
        <name>2</name>
        <bndbox>
            <xmin>141.09</xmin>
            <ymin>180.41</ymin>
            <xmax>185.53</xmax>
            <ymax>224.00</ymax>
        </bndbox>
    </object>
    <object>
        <name>1</name>
        <bndbox>
            <xmin>99.99</xmin>
            <ymin>101.66</ymin>
            <xmax>111.11</xmax>
            <ymax>112.78</ymax>
        </bndbox>
    </object>
    <object>
        <name>1</name>
        <bndbox>
            <xmin>104.78</xmin>
            <ymin>20.45</ymin>
            <xmax>115.89</xmax>
            <ymax>31.56</ymax>
        </bndbox>
    </object>
</annotation>
