<?xml version="1.0"?>
<annotation>
    <filename>000002779.jpg</filename>
    <source>
        <annotation>ArcGIS Pro 2.1</annotation>
    </source>
    <size>
        <width>224</width>
        <height>224</height>
        <depth>3</depth>
    </size>
    <object>
        <name>2</name>
        <bndbox>
            <xmin>178.51</xmin>
            <ymin>97.09</ymin>
            <xmax>222.95</xmax>
            <ymax>141.54</ymax>
        </bndbox>
    </object>
    <object>
        <name>1</name>
        <bndbox>
            <xmin>40.55</xmin>
            <ymin>49.20</ymin>
            <xmax>51.66</xmax>
            <ymax>60.31</ymax>
        </bndbox>
    </object>
    <object>
        <name>1</name>
        <bndbox>
            <xmin>101.90</xmin>
            <ymin>215.92</ymin>
            <xmax>113.00</xmax>
            <ymax>224.00</ymax>
        </bndbox>
    </object>
    <object>
        <name>1</name>
        <bndbox>
            <xmin>103.18</xmin>
            <ymin>195.83</ymin>
            <xmax>114.29</xmax>
            <ymax>206.94</ymax>
        </bndbox>
    </object>
</annotation>
