<?xml version="1.0"?>
<annotation>
    <filename>000000669.jpg</filename>
    <source>
        <annotation>ArcGIS Pro 2.1</annotation>
    </source>
    <size>
        <width>224</width>
        <height>224</height>
        <depth>3</depth>
    </size>
    <object>
        <name>1</name>
        <bndbox>
            <xmin>163.63</xmin>
            <ymin>176.95</ymin>
            <xmax>174.74</xmax>
            <ymax>188.06</ymax>
        </bndbox>
    </object>
    <object>
        <name>1</name>
        <bndbox>
            <xmin>108.51</xmin>
            <ymin>55.51</ymin>
            <xmax>119.62</xmax>
            <ymax>66.63</ymax>
        </bndbox>
    </object>
    <object>
        <name>1</name>
        <bndbox>
            <xmin>148.33</xmin>
            <ymin>47.85</ymin>
            <xmax>159.44</xmax>
            <ymax>58.96</ymax>
        </bndbox>
    </object>
    <object>
        <name>1</name>
        <bndbox>
            <xmin>141.23</xmin>
            <ymin>97.95</ymin>
            <xmax>152.34</xmax>
            <ymax>109.06</ymax>
        </bndbox>
    </object>
</annotation>
