<?xml version="1.0"?>
<annotation>
    <filename>000003516.jpg</filename>
    <source>
        <annotation>ArcGIS Pro 2.1</annotation>
    </source>
    <size>
        <width>224</width>
        <height>224</height>
        <depth>3</depth>
    </size>
    <object>
        <name>1</name>
        <bndbox>
            <xmin>18.85</xmin>
            <ymin>34.96</ymin>
            <xmax>29.96</xmax>
            <ymax>46.07</ymax>
        </bndbox>
    </object>
    <object>
        <name>1</name>
        <bndbox>
            <xmin>9.92</xmin>
            <ymin>42.39</ymin>
            <xmax>21.03</xmax>
            <ymax>53.50</ymax>
        </bndbox>
    </object>
    <object>
        <name>1</name>
        <bndbox>
            <xmin>32.34</xmin>
            <ymin>27.93</ymin>
            <xmax>43.45</xmax>
            <ymax>39.05</ymax>
        </bndbox>
    </object>
    <object>
        <name>1</name>
        <bndbox>
            <xmin>42.60</xmin>
            <ymin>22.55</ymin>
            <xmax>53.71</xmax>
            <ymax>33.66</ymax>
        </bndbox>
    </object>
    <object>
        <name>1</name>
        <bndbox>
            <xmin>67.21</xmin>
            <ymin>2.43</ymin>
            <xmax>78.32</xmax>
            <ymax>13.54</ymax>
        </bndbox>
    </object>
    <object>
        <name>1</name>
        <bndbox>
            <xmin>90.30</xmin>
            <ymin>0.00</ymin>
            <xmax>99.38</xmax>
            <ymax>2.36</ymax>
        </bndbox>
    </object>
    <object>
        <name>1</name>
        <bndbox>
            <xmin>18.90</xmin>
            <ymin>0.00</ymin>
            <xmax>28.92</xmax>
            <ymax>3.16</ymax>
        </bndbox>
    </object>
    <object>
        <name>1</name>
        <bndbox>
            <xmin>9.47</xmin>
            <ymin>0.00</ymin>
            <xmax>20.57</xmax>
            <ymax>9.42</ymax>
        </bndbox>
    </object>
    <object>
        <name>1</name>
        <bndbox>
            <xmin>150.29</xmin>
            <ymin>9.24</ymin>
            <xmax>161.40</xmax>
            <ymax>20.35</ymax>
        </bndbox>
    </object>
    <object>
        <name>1</name>
        <bndbox>
            <xmin>219.65</xmin>
            <ymin>41.82</ymin>
            <xmax>224.00</xmax>
            <ymax>52.66</ymax>
        </bndbox>
    </object>
</annotation>
