<?xml version="1.0"?>
<annotation>
    <filename>000000865.jpg</filename>
    <source>
        <annotation>ArcGIS Pro 2.1</annotation>
    </source>
    <size>
        <width>224</width>
        <height>224</height>
        <depth>3</depth>
    </size>
    <object>
        <name>2</name>
        <bndbox>
            <xmin>182.22</xmin>
            <ymin>12.58</ymin>
            <xmax>224.00</xmax>
            <ymax>57.02</ymax>
        </bndbox>
    </object>
    <object>
        <name>1</name>
        <bndbox>
            <xmin>100.15</xmin>
            <ymin>147.34</ymin>
            <xmax>111.26</xmax>
            <ymax>158.45</ymax>
        </bndbox>
    </object>
    <object>
        <name>1</name>
        <bndbox>
            <xmin>190.92</xmin>
            <ymin>86.69</ymin>
            <xmax>202.03</xmax>
            <ymax>97.80</ymax>
        </bndbox>
    </object>
    <object>
        <name>1</name>
        <bndbox>
            <xmin>203.17</xmin>
            <ymin>79.66</ymin>
            <xmax>214.29</xmax>
            <ymax>90.77</ymax>
        </bndbox>
    </object>
</annotation>
