<?xml version="1.0"?>
<annotation>
    <filename>000001059.jpg</filename>
    <source>
        <annotation>ArcGIS Pro 2.1</annotation>
    </source>
    <size>
        <width>224</width>
        <height>224</height>
        <depth>3</depth>
    </size>
    <object>
        <name>2</name>
        <bndbox>
            <xmin>180.39</xmin>
            <ymin>91.79</ymin>
            <xmax>224.00</xmax>
            <ymax>136.24</ymax>
        </bndbox>
    </object>
    <object>
        <name>1</name>
        <bndbox>
            <xmin>45.62</xmin>
            <ymin>110.62</ymin>
            <xmax>56.73</xmax>
            <ymax>121.74</ymax>
        </bndbox>
    </object>
    <object>
        <name>1</name>
        <bndbox>
            <xmin>13.49</xmin>
            <ymin>176.86</ymin>
            <xmax>24.60</xmax>
            <ymax>187.97</ymax>
        </bndbox>
    </object>
    <object>
        <name>1</name>
        <bndbox>
            <xmin>91.91</xmin>
            <ymin>43.15</ymin>
            <xmax>103.02</xmax>
            <ymax>54.26</ymax>
        </bndbox>
    </object>
    <object>
        <name>1</name>
        <bndbox>
            <xmin>113.85</xmin>
            <ymin>51.64</ymin>
            <xmax>124.97</xmax>
            <ymax>62.76</ymax>
        </bndbox>
    </object>
    <object>
        <name>1</name>
        <bndbox>
            <xmin>117.04</xmin>
            <ymin>71.47</ymin>
            <xmax>128.15</xmax>
            <ymax>82.58</ymax>
        </bndbox>
    </object>
</annotation>
