<?xml version="1.0"?>
<annotation>
    <filename>000000015.jpg</filename>
    <source>
        <annotation>ArcGIS Pro 2.1</annotation>
    </source>
    <size>
        <width>224</width>
        <height>224</height>
        <depth>3</depth>
    </size>
    <object>
        <name>2</name>
        <bndbox>
            <xmin>37.53</xmin>
            <ymin>84.11</ymin>
            <xmax>81.98</xmax>
            <ymax>128.56</ymax>
        </bndbox>
    </object>
    <object>
        <name>2</name>
        <bndbox>
            <xmin>5.33</xmin>
            <ymin>100.77</ymin>
            <xmax>49.78</xmax>
            <ymax>145.21</ymax>
        </bndbox>
    </object>
    <object>
        <name>2</name>
        <bndbox>
            <xmin>41.97</xmin>
            <ymin>181.82</ymin>
            <xmax>86.42</xmax>
            <ymax>224.00</ymax>
        </bndbox>
    </object>
    <object>
        <name>2</name>
        <bndbox>
            <xmin>99.71</xmin>
            <ymin>154.06</ymin>
            <xmax>144.16</xmax>
            <ymax>198.51</ymax>
        </bndbox>
    </object>
    <object>
        <name>1</name>
        <bndbox>
            <xmin>183.33</xmin>
            <ymin>71.05</ymin>
            <xmax>194.44</xmax>
            <ymax>82.16</ymax>
        </bndbox>
    </object>
</annotation>
