<?xml version="1.0"?>
<annotation>
    <filename>000001955.jpg</filename>
    <source>
        <annotation>ArcGIS Pro 2.1</annotation>
    </source>
    <size>
        <width>224</width>
        <height>224</height>
        <depth>3</depth>
    </size>
    <object>
        <name>2</name>
        <bndbox>
            <xmin>78.61</xmin>
            <ymin>10.61</ymin>
            <xmax>123.06</xmax>
            <ymax>55.06</ymax>
        </bndbox>
    </object>
    <object>
        <name>1</name>
        <bndbox>
            <xmin>186.20</xmin>
            <ymin>91.02</ymin>
            <xmax>197.31</xmax>
            <ymax>102.13</ymax>
        </bndbox>
    </object>
    <object>
        <name>1</name>
        <bndbox>
            <xmin>217.37</xmin>
            <ymin>113.49</ymin>
            <xmax>224.00</xmax>
            <ymax>124.60</ymax>
        </bndbox>
    </object>
</annotation>
