<?xml version="1.0"?>
<annotation>
    <filename>000000483.jpg</filename>
    <source>
        <annotation>ArcGIS Pro 2.1</annotation>
    </source>
    <size>
        <width>224</width>
        <height>224</height>
        <depth>3</depth>
    </size>
    <object>
        <name>1</name>
        <bndbox>
            <xmin>2.77</xmin>
            <ymin>167.86</ymin>
            <xmax>13.88</xmax>
            <ymax>178.97</ymax>
        </bndbox>
    </object>
    <object>
        <name>1</name>
        <bndbox>
            <xmin>211.01</xmin>
            <ymin>168.48</ymin>
            <xmax>222.12</xmax>
            <ymax>179.59</ymax>
        </bndbox>
    </object>
    <object>
        <name>1</name>
        <bndbox>
            <xmin>184.32</xmin>
            <ymin>146.18</ymin>
            <xmax>195.43</xmax>
            <ymax>157.29</ymax>
        </bndbox>
    </object>
    <object>
        <name>1</name>
        <bndbox>
            <xmin>166.41</xmin>
            <ymin>211.39</ymin>
            <xmax>177.52</xmax>
            <ymax>222.50</ymax>
        </bndbox>
    </object>
</annotation>
