<?xml version="1.0"?>
<annotation>
    <filename>000002649.jpg</filename>
    <source>
        <annotation>ArcGIS Pro 2.1</annotation>
    </source>
    <size>
        <width>224</width>
        <height>224</height>
        <depth>3</depth>
    </size>
    <object>
        <name>2</name>
        <bndbox>
            <xmin>94.85</xmin>
            <ymin>111.17</ymin>
            <xmax>139.29</xmax>
            <ymax>155.61</ymax>
        </bndbox>
    </object>
    <object>
        <name>2</name>
        <bndbox>
            <xmin>123.01</xmin>
            <ymin>172.49</ymin>
            <xmax>167.45</xmax>
            <ymax>216.93</ymax>
        </bndbox>
    </object>
    <object>
        <name>1</name>
        <bndbox>
            <xmin>193.09</xmin>
            <ymin>111.93</ymin>
            <xmax>204.20</xmax>
            <ymax>123.04</ymax>
        </bndbox>
    </object>
    <object>
        <name>1</name>
        <bndbox>
            <xmin>158.03</xmin>
            <ymin>48.98</ymin>
            <xmax>169.14</xmax>
            <ymax>60.09</ymax>
        </bndbox>
    </object>
    <object>
        <name>1</name>
        <bndbox>
            <xmin>177.39</xmin>
            <ymin>92.75</ymin>
            <xmax>188.50</xmax>
            <ymax>103.86</ymax>
        </bndbox>
    </object>
    <object>
        <name>1</name>
        <bndbox>
            <xmin>209.45</xmin>
            <ymin>167.09</ymin>
            <xmax>220.56</xmax>
            <ymax>178.20</ymax>
        </bndbox>
    </object>
</annotation>
