<?xml version="1.0"?>
<annotation>
    <filename>000003588.jpg</filename>
    <source>
        <annotation>ArcGIS Pro 2.1</annotation>
    </source>
    <size>
        <width>224</width>
        <height>224</height>
        <depth>3</depth>
    </size>
    <object>
        <name>1</name>
        <bndbox>
            <xmin>189.88</xmin>
            <ymin>213.23</ymin>
            <xmax>200.99</xmax>
            <ymax>224.00</ymax>
        </bndbox>
    </object>
    <object>
        <name>1</name>
        <bndbox>
            <xmin>200.37</xmin>
            <ymin>217.14</ymin>
            <xmax>211.48</xmax>
            <ymax>224.00</ymax>
        </bndbox>
    </object>
    <object>
        <name>1</name>
        <bndbox>
            <xmin>189.22</xmin>
            <ymin>44.52</ymin>
            <xmax>200.34</xmax>
            <ymax>55.63</ymax>
        </bndbox>
    </object>
    <object>
        <name>1</name>
        <bndbox>
            <xmin>201.70</xmin>
            <ymin>51.21</ymin>
            <xmax>212.81</xmax>
            <ymax>62.32</ymax>
        </bndbox>
    </object>
    <object>
        <name>1</name>
        <bndbox>
            <xmin>137.93</xmin>
            <ymin>93.36</ymin>
            <xmax>149.05</xmax>
            <ymax>104.47</ymax>
        </bndbox>
    </object>
    <object>
        <name>1</name>
        <bndbox>
            <xmin>130.30</xmin>
            <ymin>103.30</ymin>
            <xmax>141.41</xmax>
            <ymax>114.41</ymax>
        </bndbox>
    </object>
    <object>
        <name>1</name>
        <bndbox>
            <xmin>124.14</xmin>
            <ymin>112.46</ymin>
            <xmax>135.25</xmax>
            <ymax>123.57</ymax>
        </bndbox>
    </object>
    <object>
        <name>1</name>
        <bndbox>
            <xmin>116.52</xmin>
            <ymin>121.98</ymin>
            <xmax>127.63</xmax>
            <ymax>133.09</ymax>
        </bndbox>
    </object>
    <object>
        <name>1</name>
        <bndbox>
            <xmin>211.95</xmin>
            <ymin>133.16</ymin>
            <xmax>223.07</xmax>
            <ymax>144.27</ymax>
        </bndbox>
    </object>
    <object>
        <name>1</name>
        <bndbox>
            <xmin>133.53</xmin>
            <ymin>16.74</ymin>
            <xmax>144.64</xmax>
            <ymax>27.85</ymax>
        </bndbox>
    </object>
    <object>
        <name>1</name>
        <bndbox>
            <xmin>80.52</xmin>
            <ymin>1.35</ymin>
            <xmax>91.63</xmax>
            <ymax>12.46</ymax>
        </bndbox>
    </object>
    <object>
        <name>1</name>
        <bndbox>
            <xmin>70.05</xmin>
            <ymin>0.00</ymin>
            <xmax>78.66</xmax>
            <ymax>2.05</ymax>
        </bndbox>
    </object>
    <object>
        <name>1</name>
        <bndbox>
            <xmin>190.01</xmin>
            <ymin>212.88</ymin>
            <xmax>201.12</xmax>
            <ymax>223.99</ymax>
        </bndbox>
    </object>
    <object>
        <name>1</name>
        <bndbox>
            <xmin>200.69</xmin>
            <ymin>218.80</ymin>
            <xmax>211.78</xmax>
            <ymax>224.00</ymax>
        </bndbox>
    </object>
    <object>
        <name>1</name>
        <bndbox>
            <xmin>171.09</xmin>
            <ymin>98.28</ymin>
            <xmax>182.20</xmax>
            <ymax>109.39</ymax>
        </bndbox>
    </object>
</annotation>
