<?xml version="1.0"?>
<annotation>
    <filename>000000548.jpg</filename>
    <source>
        <annotation>ArcGIS Pro 2.1</annotation>
    </source>
    <size>
        <width>224</width>
        <height>224</height>
        <depth>3</depth>
    </size>
    <object>
        <name>1</name>
        <bndbox>
            <xmin>64.40</xmin>
            <ymin>99.98</ymin>
            <xmax>75.51</xmax>
            <ymax>111.09</ymax>
        </bndbox>
    </object>
    <object>
        <name>1</name>
        <bndbox>
            <xmin>75.67</xmin>
            <ymin>79.87</ymin>
            <xmax>86.78</xmax>
            <ymax>90.98</ymax>
        </bndbox>
    </object>
    <object>
        <name>1</name>
        <bndbox>
            <xmin>195.95</xmin>
            <ymin>162.56</ymin>
            <xmax>207.06</xmax>
            <ymax>173.67</ymax>
        </bndbox>
    </object>
    <object>
        <name>1</name>
        <bndbox>
            <xmin>58.76</xmin>
            <ymin>115.74</ymin>
            <xmax>69.87</xmax>
            <ymax>126.85</ymax>
        </bndbox>
    </object>
    <object>
        <name>1</name>
        <bndbox>
            <xmin>102.60</xmin>
            <ymin>74.65</ymin>
            <xmax>113.72</xmax>
            <ymax>85.76</ymax>
        </bndbox>
    </object>
    <object>
        <name>1</name>
        <bndbox>
            <xmin>14.98</xmin>
            <ymin>67.26</ymin>
            <xmax>26.09</xmax>
            <ymax>78.38</ymax>
        </bndbox>
    </object>
</annotation>
