<?xml version="1.0"?>
<annotation>
    <filename>000002985.jpg</filename>
    <source>
        <annotation>ArcGIS Pro 2.1</annotation>
    </source>
    <size>
        <width>224</width>
        <height>224</height>
        <depth>3</depth>
    </size>
    <object>
        <name>2</name>
        <bndbox>
            <xmin>155.53</xmin>
            <ymin>83.52</ymin>
            <xmax>199.97</xmax>
            <ymax>127.96</ymax>
        </bndbox>
    </object>
</annotation>
