<?xml version="1.0"?>
<annotation>
    <filename>000002762.jpg</filename>
    <source>
        <annotation>ArcGIS Pro 2.1</annotation>
    </source>
    <size>
        <width>224</width>
        <height>224</height>
        <depth>3</depth>
    </size>
    <object>
        <name>2</name>
        <bndbox>
            <xmin>0.00</xmin>
            <ymin>0.00</ymin>
            <xmax>20.30</xmax>
            <ymax>25.77</ymax>
        </bndbox>
    </object>
    <object>
        <name>2</name>
        <bndbox>
            <xmin>31.38</xmin>
            <ymin>61.36</ymin>
            <xmax>75.82</xmax>
            <ymax>105.80</ymax>
        </bndbox>
    </object>
    <object>
        <name>2</name>
        <bndbox>
            <xmin>64.69</xmin>
            <ymin>33.60</ymin>
            <xmax>109.13</xmax>
            <ymax>78.04</ymax>
        </bndbox>
    </object>
    <object>
        <name>1</name>
        <bndbox>
            <xmin>11.19</xmin>
            <ymin>183.10</ymin>
            <xmax>22.30</xmax>
            <ymax>194.21</ymax>
        </bndbox>
    </object>
    <object>
        <name>1</name>
        <bndbox>
            <xmin>24.95</xmin>
            <ymin>209.71</ymin>
            <xmax>36.06</xmax>
            <ymax>220.82</ymax>
        </bndbox>
    </object>
    <object>
        <name>1</name>
        <bndbox>
            <xmin>209.76</xmin>
            <ymin>0.00</ymin>
            <xmax>220.87</xmax>
            <ymax>11.05</ymax>
        </bndbox>
    </object>
    <object>
        <name>1</name>
        <bndbox>
            <xmin>211.68</xmin>
            <ymin>39.17</ymin>
            <xmax>222.79</xmax>
            <ymax>50.29</ymax>
        </bndbox>
    </object>
    <object>
        <name>1</name>
        <bndbox>
            <xmin>163.25</xmin>
            <ymin>0.00</ymin>
            <xmax>174.36</xmax>
            <ymax>8.18</ymax>
        </bndbox>
    </object>
</annotation>
