<?xml version="1.0"?>
<annotation>
    <filename>000000920.jpg</filename>
    <source>
        <annotation>ArcGIS Pro 2.1</annotation>
    </source>
    <size>
        <width>224</width>
        <height>224</height>
        <depth>3</depth>
    </size>
    <object>
        <name>2</name>
        <bndbox>
            <xmin>32.36</xmin>
            <ymin>111.25</ymin>
            <xmax>76.81</xmax>
            <ymax>155.70</ymax>
        </bndbox>
    </object>
    <object>
        <name>2</name>
        <bndbox>
            <xmin>0.00</xmin>
            <ymin>0.00</ymin>
            <xmax>6.85</xmax>
            <ymax>19.61</ymax>
        </bndbox>
    </object>
    <object>
        <name>1</name>
        <bndbox>
            <xmin>204.49</xmin>
            <ymin>188.45</ymin>
            <xmax>215.61</xmax>
            <ymax>199.56</ymax>
        </bndbox>
    </object>
    <object>
        <name>1</name>
        <bndbox>
            <xmin>156.64</xmin>
            <ymin>182.66</ymin>
            <xmax>167.75</xmax>
            <ymax>193.77</ymax>
        </bndbox>
    </object>
</annotation>
