<?xml version="1.0"?>
<annotation>
    <filename>000000617.jpg</filename>
    <source>
        <annotation>ArcGIS Pro 2.1</annotation>
    </source>
    <size>
        <width>224</width>
        <height>224</height>
        <depth>3</depth>
    </size>
    <object>
        <name>2</name>
        <bndbox>
            <xmin>168.95</xmin>
            <ymin>116.22</ymin>
            <xmax>213.40</xmax>
            <ymax>160.67</ymax>
        </bndbox>
    </object>
    <object>
        <name>2</name>
        <bndbox>
            <xmin>86.79</xmin>
            <ymin>0.00</ymin>
            <xmax>131.23</xmax>
            <ymax>37.41</ymax>
        </bndbox>
    </object>
    <object>
        <name>1</name>
        <bndbox>
            <xmin>20.43</xmin>
            <ymin>155.85</ymin>
            <xmax>31.54</xmax>
            <ymax>166.97</ymax>
        </bndbox>
    </object>
    <object>
        <name>1</name>
        <bndbox>
            <xmin>105.52</xmin>
            <ymin>189.29</ymin>
            <xmax>116.64</xmax>
            <ymax>200.40</ymax>
        </bndbox>
    </object>
</annotation>
