<?xml version="1.0"?>
<annotation>
    <filename>000001571.jpg</filename>
    <source>
        <annotation>ArcGIS Pro 2.1</annotation>
    </source>
    <size>
        <width>224</width>
        <height>224</height>
        <depth>3</depth>
    </size>
    <object>
        <name>2</name>
        <bndbox>
            <xmin>1.47</xmin>
            <ymin>112.93</ymin>
            <xmax>45.92</xmax>
            <ymax>157.37</ymax>
        </bndbox>
    </object>
    <object>
        <name>2</name>
        <bndbox>
            <xmin>193.85</xmin>
            <ymin>50.88</ymin>
            <xmax>224.00</xmax>
            <ymax>95.32</ymax>
        </bndbox>
    </object>
    <object>
        <name>1</name>
        <bndbox>
            <xmin>0.00</xmin>
            <ymin>212.64</ymin>
            <xmax>10.86</xmax>
            <ymax>223.75</ymax>
        </bndbox>
    </object>
</annotation>
