<?xml version="1.0"?>
<annotation>
    <filename>000000905.jpg</filename>
    <source>
        <annotation>ArcGIS Pro 2.1</annotation>
    </source>
    <size>
        <width>224</width>
        <height>224</height>
        <depth>3</depth>
    </size>
    <object>
        <name>1</name>
        <bndbox>
            <xmin>62.29</xmin>
            <ymin>62.00</ymin>
            <xmax>73.40</xmax>
            <ymax>73.11</ymax>
        </bndbox>
    </object>
    <object>
        <name>1</name>
        <bndbox>
            <xmin>0.00</xmin>
            <ymin>30.79</ymin>
            <xmax>3.57</xmax>
            <ymax>41.16</ymax>
        </bndbox>
    </object>
    <object>
        <name>1</name>
        <bndbox>
            <xmin>14.79</xmin>
            <ymin>126.95</ymin>
            <xmax>25.90</xmax>
            <ymax>138.06</ymax>
        </bndbox>
    </object>
</annotation>
