<?xml version="1.0"?>
<annotation>
    <filename>000001985.jpg</filename>
    <source>
        <annotation>ArcGIS Pro 2.1</annotation>
    </source>
    <size>
        <width>224</width>
        <height>224</height>
        <depth>3</depth>
    </size>
    <object>
        <name>1</name>
        <bndbox>
            <xmin>60.25</xmin>
            <ymin>219.40</ymin>
            <xmax>71.19</xmax>
            <ymax>224.00</ymax>
        </bndbox>
    </object>
    <object>
        <name>1</name>
        <bndbox>
            <xmin>161.96</xmin>
            <ymin>152.50</ymin>
            <xmax>173.07</xmax>
            <ymax>163.61</ymax>
        </bndbox>
    </object>
    <object>
        <name>1</name>
        <bndbox>
            <xmin>89.62</xmin>
            <ymin>109.30</ymin>
            <xmax>100.73</xmax>
            <ymax>120.41</ymax>
        </bndbox>
    </object>
    <object>
        <name>1</name>
        <bndbox>
            <xmin>172.70</xmin>
            <ymin>184.18</ymin>
            <xmax>183.81</xmax>
            <ymax>195.29</ymax>
        </bndbox>
    </object>
</annotation>
