<?xml version="1.0"?>
<annotation>
    <filename>000003077.jpg</filename>
    <source>
        <annotation>ArcGIS Pro 2.1</annotation>
    </source>
    <size>
        <width>224</width>
        <height>224</height>
        <depth>3</depth>
    </size>
    <object>
        <name>2</name>
        <bndbox>
            <xmin>80.97</xmin>
            <ymin>0.00</ymin>
            <xmax>124.49</xmax>
            <ymax>17.71</ymax>
        </bndbox>
    </object>
    <object>
        <name>1</name>
        <bndbox>
            <xmin>182.30</xmin>
            <ymin>76.85</ymin>
            <xmax>193.41</xmax>
            <ymax>87.97</ymax>
        </bndbox>
    </object>
</annotation>
