<?xml version="1.0"?>
<annotation>
    <filename>000003669.jpg</filename>
    <source>
        <annotation>ArcGIS Pro 2.1</annotation>
    </source>
    <size>
        <width>224</width>
        <height>224</height>
        <depth>3</depth>
    </size>
    <object>
        <name>1</name>
        <bndbox>
            <xmin>0.00</xmin>
            <ymin>105.77</ymin>
            <xmax>2.07</xmax>
            <ymax>114.42</ymax>
        </bndbox>
    </object>
    <object>
        <name>1</name>
        <bndbox>
            <xmin>1.62</xmin>
            <ymin>114.52</ymin>
            <xmax>12.73</xmax>
            <ymax>125.63</ymax>
        </bndbox>
    </object>
    <object>
        <name>1</name>
        <bndbox>
            <xmin>20.79</xmin>
            <ymin>130.73</ymin>
            <xmax>31.90</xmax>
            <ymax>141.84</ymax>
        </bndbox>
    </object>
    <object>
        <name>1</name>
        <bndbox>
            <xmin>29.78</xmin>
            <ymin>138.20</ymin>
            <xmax>40.89</xmax>
            <ymax>149.31</ymax>
        </bndbox>
    </object>
    <object>
        <name>1</name>
        <bndbox>
            <xmin>38.23</xmin>
            <ymin>146.35</ymin>
            <xmax>49.34</xmax>
            <ymax>157.46</ymax>
        </bndbox>
    </object>
    <object>
        <name>1</name>
        <bndbox>
            <xmin>58.72</xmin>
            <ymin>159.64</ymin>
            <xmax>69.83</xmax>
            <ymax>170.75</ymax>
        </bndbox>
    </object>
    <object>
        <name>1</name>
        <bndbox>
            <xmin>87.60</xmin>
            <ymin>183.26</ymin>
            <xmax>98.71</xmax>
            <ymax>194.37</ymax>
        </bndbox>
    </object>
    <object>
        <name>1</name>
        <bndbox>
            <xmin>97.26</xmin>
            <ymin>191.53</ymin>
            <xmax>108.37</xmax>
            <ymax>202.65</ymax>
        </bndbox>
    </object>
    <object>
        <name>1</name>
        <bndbox>
            <xmin>6.25</xmin>
            <ymin>221.95</ymin>
            <xmax>14.86</xmax>
            <ymax>224.00</ymax>
        </bndbox>
    </object>
    <object>
        <name>1</name>
        <bndbox>
            <xmin>4.31</xmin>
            <ymin>209.75</ymin>
            <xmax>15.42</xmax>
            <ymax>220.86</ymax>
        </bndbox>
    </object>
    <object>
        <name>1</name>
        <bndbox>
            <xmin>3.94</xmin>
            <ymin>197.78</ymin>
            <xmax>15.05</xmax>
            <ymax>208.89</ymax>
        </bndbox>
    </object>
    <object>
        <name>1</name>
        <bndbox>
            <xmin>32.17</xmin>
            <ymin>49.38</ymin>
            <xmax>43.28</xmax>
            <ymax>60.49</ymax>
        </bndbox>
    </object>
    <object>
        <name>1</name>
        <bndbox>
            <xmin>10.68</xmin>
            <ymin>31.90</ymin>
            <xmax>21.79</xmax>
            <ymax>43.01</ymax>
        </bndbox>
    </object>
    <object>
        <name>1</name>
        <bndbox>
            <xmin>55.26</xmin>
            <ymin>69.22</ymin>
            <xmax>66.37</xmax>
            <ymax>80.33</ymax>
        </bndbox>
    </object>
    <object>
        <name>1</name>
        <bndbox>
            <xmin>81.84</xmin>
            <ymin>90.41</ymin>
            <xmax>92.95</xmax>
            <ymax>101.52</ymax>
        </bndbox>
    </object>
    <object>
        <name>1</name>
        <bndbox>
            <xmin>158.21</xmin>
            <ymin>111.64</ymin>
            <xmax>169.32</xmax>
            <ymax>122.75</ymax>
        </bndbox>
    </object>
    <object>
        <name>1</name>
        <bndbox>
            <xmin>127.47</xmin>
            <ymin>126.63</ymin>
            <xmax>138.58</xmax>
            <ymax>137.74</ymax>
        </bndbox>
    </object>
    <object>
        <name>1</name>
        <bndbox>
            <xmin>106.73</xmin>
            <ymin>109.12</ymin>
            <xmax>117.84</xmax>
            <ymax>120.23</ymax>
        </bndbox>
    </object>
    <object>
        <name>1</name>
        <bndbox>
            <xmin>63.21</xmin>
            <ymin>201.95</ymin>
            <xmax>74.32</xmax>
            <ymax>213.06</ymax>
        </bndbox>
    </object>
    <object>
        <name>1</name>
        <bndbox>
            <xmin>68.75</xmin>
            <ymin>166.54</ymin>
            <xmax>79.86</xmax>
            <ymax>177.65</ymax>
        </bndbox>
    </object>
    <object>
        <name>1</name>
        <bndbox>
            <xmin>10.10</xmin>
            <ymin>123.05</ymin>
            <xmax>21.21</xmax>
            <ymax>134.16</ymax>
        </bndbox>
    </object>
    <object>
        <name>1</name>
        <bndbox>
            <xmin>103.99</xmin>
            <ymin>0.00</ymin>
            <xmax>114.93</xmax>
            <ymax>4.59</ymax>
        </bndbox>
    </object>
    <object>
        <name>1</name>
        <bndbox>
            <xmin>130.14</xmin>
            <ymin>16.44</ymin>
            <xmax>141.25</xmax>
            <ymax>27.56</ymax>
        </bndbox>
    </object>
    <object>
        <name>1</name>
        <bndbox>
            <xmin>152.16</xmin>
            <ymin>31.21</ymin>
            <xmax>163.27</xmax>
            <ymax>42.33</ymax>
        </bndbox>
    </object>
</annotation>
