<?xml version="1.0"?>
<annotation>
    <filename>000002391.jpg</filename>
    <source>
        <annotation>ArcGIS Pro 2.1</annotation>
    </source>
    <size>
        <width>224</width>
        <height>224</height>
        <depth>3</depth>
    </size>
    <object>
        <name>2</name>
        <bndbox>
            <xmin>0.00</xmin>
            <ymin>89.35</ymin>
            <xmax>35.12</xmax>
            <ymax>133.80</ymax>
        </bndbox>
    </object>
    <object>
        <name>1</name>
        <bndbox>
            <xmin>158.35</xmin>
            <ymin>150.67</ymin>
            <xmax>169.46</xmax>
            <ymax>161.78</ymax>
        </bndbox>
    </object>
    <object>
        <name>1</name>
        <bndbox>
            <xmin>135.91</xmin>
            <ymin>72.02</ymin>
            <xmax>147.02</xmax>
            <ymax>83.13</ymax>
        </bndbox>
    </object>
    <object>
        <name>1</name>
        <bndbox>
            <xmin>133.91</xmin>
            <ymin>86.99</ymin>
            <xmax>145.02</xmax>
            <ymax>98.10</ymax>
        </bndbox>
    </object>
</annotation>
