<?xml version="1.0"?>
<annotation>
    <filename>000001249.jpg</filename>
    <source>
        <annotation>ArcGIS Pro 2.1</annotation>
    </source>
    <size>
        <width>224</width>
        <height>224</height>
        <depth>3</depth>
    </size>
    <object>
        <name>2</name>
        <bndbox>
            <xmin>19.66</xmin>
            <ymin>209.84</ymin>
            <xmax>61.08</xmax>
            <ymax>224.00</ymax>
        </bndbox>
    </object>
    <object>
        <name>1</name>
        <bndbox>
            <xmin>160.62</xmin>
            <ymin>53.36</ymin>
            <xmax>171.73</xmax>
            <ymax>64.47</ymax>
        </bndbox>
    </object>
    <object>
        <name>1</name>
        <bndbox>
            <xmin>101.98</xmin>
            <ymin>97.27</ymin>
            <xmax>113.09</xmax>
            <ymax>108.39</ymax>
        </bndbox>
    </object>
    <object>
        <name>1</name>
        <bndbox>
            <xmin>124.47</xmin>
            <ymin>127.00</ymin>
            <xmax>135.58</xmax>
            <ymax>138.11</ymax>
        </bndbox>
    </object>
    <object>
        <name>1</name>
        <bndbox>
            <xmin>138.66</xmin>
            <ymin>151.63</ymin>
            <xmax>149.78</xmax>
            <ymax>162.74</ymax>
        </bndbox>
    </object>
    <object>
        <name>1</name>
        <bndbox>
            <xmin>121.26</xmin>
            <ymin>201.97</ymin>
            <xmax>132.37</xmax>
            <ymax>213.08</ymax>
        </bndbox>
    </object>
    <object>
        <name>1</name>
        <bndbox>
            <xmin>181.51</xmin>
            <ymin>216.43</ymin>
            <xmax>192.62</xmax>
            <ymax>224.00</ymax>
        </bndbox>
    </object>
    <object>
        <name>1</name>
        <bndbox>
            <xmin>145.95</xmin>
            <ymin>24.88</ymin>
            <xmax>157.06</xmax>
            <ymax>35.99</ymax>
        </bndbox>
    </object>
</annotation>
