<?xml version="1.0"?>
<annotation>
    <filename>000000103.jpg</filename>
    <source>
        <annotation>ArcGIS Pro 2.1</annotation>
    </source>
    <size>
        <width>224</width>
        <height>224</height>
        <depth>3</depth>
    </size>
    <object>
        <name>1</name>
        <bndbox>
            <xmin>151.56</xmin>
            <ymin>61.36</ymin>
            <xmax>162.67</xmax>
            <ymax>72.47</ymax>
        </bndbox>
    </object>
    <object>
        <name>1</name>
        <bndbox>
            <xmin>70.54</xmin>
            <ymin>69.64</ymin>
            <xmax>81.65</xmax>
            <ymax>80.76</ymax>
        </bndbox>
    </object>
    <object>
        <name>1</name>
        <bndbox>
            <xmin>36.76</xmin>
            <ymin>48.58</ymin>
            <xmax>47.87</xmax>
            <ymax>59.70</ymax>
        </bndbox>
    </object>
    <object>
        <name>1</name>
        <bndbox>
            <xmin>41.29</xmin>
            <ymin>61.10</ymin>
            <xmax>52.40</xmax>
            <ymax>72.21</ymax>
        </bndbox>
    </object>
    <object>
        <name>1</name>
        <bndbox>
            <xmin>194.90</xmin>
            <ymin>193.23</ymin>
            <xmax>206.02</xmax>
            <ymax>204.35</ymax>
        </bndbox>
    </object>
    <object>
        <name>1</name>
        <bndbox>
            <xmin>77.99</xmin>
            <ymin>197.14</ymin>
            <xmax>89.10</xmax>
            <ymax>208.25</ymax>
        </bndbox>
    </object>
    <object>
        <name>1</name>
        <bndbox>
            <xmin>44.88</xmin>
            <ymin>220.50</ymin>
            <xmax>55.19</xmax>
            <ymax>224.00</ymax>
        </bndbox>
    </object>
</annotation>
