<?xml version="1.0"?>
<annotation>
    <filename>000000129.jpg</filename>
    <source>
        <annotation>ArcGIS Pro 2.1</annotation>
    </source>
    <size>
        <width>224</width>
        <height>224</height>
        <depth>3</depth>
    </size>
    <object>
        <name>1</name>
        <bndbox>
            <xmin>220.86</xmin>
            <ymin>21.83</ymin>
            <xmax>224.00</xmax>
            <ymax>31.83</ymax>
        </bndbox>
    </object>
    <object>
        <name>1</name>
        <bndbox>
            <xmin>8.46</xmin>
            <ymin>84.39</ymin>
            <xmax>19.57</xmax>
            <ymax>95.50</ymax>
        </bndbox>
    </object>
    <object>
        <name>1</name>
        <bndbox>
            <xmin>0.00</xmin>
            <ymin>85.82</ymin>
            <xmax>5.29</xmax>
            <ymax>96.92</ymax>
        </bndbox>
    </object>
    <object>
        <name>1</name>
        <bndbox>
            <xmin>17.16</xmin>
            <ymin>76.69</ymin>
            <xmax>28.27</xmax>
            <ymax>87.80</ymax>
        </bndbox>
    </object>
    <object>
        <name>1</name>
        <bndbox>
            <xmin>215.67</xmin>
            <ymin>10.24</ymin>
            <xmax>224.00</xmax>
            <ymax>21.35</ymax>
        </bndbox>
    </object>
</annotation>
