<?xml version="1.0"?>
<annotation>
    <filename>000000633.jpg</filename>
    <source>
        <annotation>ArcGIS Pro 2.1</annotation>
    </source>
    <size>
        <width>224</width>
        <height>224</height>
        <depth>3</depth>
    </size>
    <object>
        <name>1</name>
        <bndbox>
            <xmin>169.74</xmin>
            <ymin>118.69</ymin>
            <xmax>180.85</xmax>
            <ymax>129.80</ymax>
        </bndbox>
    </object>
</annotation>
