<?xml version="1.0"?>
<annotation>
    <filename>000001724.jpg</filename>
    <source>
        <annotation>ArcGIS Pro 2.1</annotation>
    </source>
    <size>
        <width>224</width>
        <height>224</height>
        <depth>3</depth>
    </size>
    <object>
        <name>2</name>
        <bndbox>
            <xmin>0.00</xmin>
            <ymin>137.63</ymin>
            <xmax>20.95</xmax>
            <ymax>181.99</ymax>
        </bndbox>
    </object>
    <object>
        <name>1</name>
        <bndbox>
            <xmin>118.58</xmin>
            <ymin>6.44</ymin>
            <xmax>129.69</xmax>
            <ymax>17.55</ymax>
        </bndbox>
    </object>
    <object>
        <name>1</name>
        <bndbox>
            <xmin>32.26</xmin>
            <ymin>29.79</ymin>
            <xmax>43.37</xmax>
            <ymax>40.90</ymax>
        </bndbox>
    </object>
    <object>
        <name>1</name>
        <bndbox>
            <xmin>203.65</xmin>
            <ymin>75.34</ymin>
            <xmax>214.76</xmax>
            <ymax>86.45</ymax>
        </bndbox>
    </object>
    <object>
        <name>1</name>
        <bndbox>
            <xmin>213.38</xmin>
            <ymin>86.65</ymin>
            <xmax>224.00</xmax>
            <ymax>97.76</ymax>
        </bndbox>
    </object>
</annotation>
