<?xml version="1.0"?>
<annotation>
    <filename>000001621.jpg</filename>
    <source>
        <annotation>ArcGIS Pro 2.1</annotation>
    </source>
    <size>
        <width>224</width>
        <height>224</height>
        <depth>3</depth>
    </size>
    <object>
        <name>2</name>
        <bndbox>
            <xmin>219.38</xmin>
            <ymin>10.35</ymin>
            <xmax>224.00</xmax>
            <ymax>37.47</ymax>
        </bndbox>
    </object>
    <object>
        <name>1</name>
        <bndbox>
            <xmin>31.60</xmin>
            <ymin>94.94</ymin>
            <xmax>42.71</xmax>
            <ymax>106.05</ymax>
        </bndbox>
    </object>
    <object>
        <name>1</name>
        <bndbox>
            <xmin>14.28</xmin>
            <ymin>78.21</ymin>
            <xmax>25.39</xmax>
            <ymax>89.33</ymax>
        </bndbox>
    </object>
</annotation>
