<?xml version="1.0"?>
<annotation>
    <filename>000000370.jpg</filename>
    <source>
        <annotation>ArcGIS Pro 2.1</annotation>
    </source>
    <size>
        <width>224</width>
        <height>224</height>
        <depth>3</depth>
    </size>
    <object>
        <name>2</name>
        <bndbox>
            <xmin>6.37</xmin>
            <ymin>19.25</ymin>
            <xmax>50.81</xmax>
            <ymax>63.69</ymax>
        </bndbox>
    </object>
    <object>
        <name>1</name>
        <bndbox>
            <xmin>31.93</xmin>
            <ymin>134.00</ymin>
            <xmax>43.04</xmax>
            <ymax>145.11</ymax>
        </bndbox>
    </object>
    <object>
        <name>1</name>
        <bndbox>
            <xmin>42.44</xmin>
            <ymin>127.10</ymin>
            <xmax>53.55</xmax>
            <ymax>138.21</ymax>
        </bndbox>
    </object>
    <object>
        <name>1</name>
        <bndbox>
            <xmin>106.69</xmin>
            <ymin>208.76</ymin>
            <xmax>117.80</xmax>
            <ymax>219.87</ymax>
        </bndbox>
    </object>
    <object>
        <name>1</name>
        <bndbox>
            <xmin>183.58</xmin>
            <ymin>182.63</ymin>
            <xmax>194.70</xmax>
            <ymax>193.75</ymax>
        </bndbox>
    </object>
    <object>
        <name>1</name>
        <bndbox>
            <xmin>208.56</xmin>
            <ymin>168.17</ymin>
            <xmax>219.67</xmax>
            <ymax>179.29</ymax>
        </bndbox>
    </object>
</annotation>
