<?xml version="1.0"?>
<annotation>
    <filename>000001165.jpg</filename>
    <source>
        <annotation>ArcGIS Pro 2.1</annotation>
    </source>
    <size>
        <width>224</width>
        <height>224</height>
        <depth>3</depth>
    </size>
    <object>
        <name>1</name>
        <bndbox>
            <xmin>105.59</xmin>
            <ymin>136.75</ymin>
            <xmax>116.71</xmax>
            <ymax>147.86</ymax>
        </bndbox>
    </object>
    <object>
        <name>1</name>
        <bndbox>
            <xmin>63.39</xmin>
            <ymin>35.99</ymin>
            <xmax>74.50</xmax>
            <ymax>47.10</ymax>
        </bndbox>
    </object>
</annotation>
