<?xml version="1.0"?>
<annotation>
    <filename>000000047.jpg</filename>
    <source>
        <annotation>ArcGIS Pro 2.1</annotation>
    </source>
    <size>
        <width>224</width>
        <height>224</height>
        <depth>3</depth>
    </size>
    <object>
        <name>2</name>
        <bndbox>
            <xmin>67.24</xmin>
            <ymin>189.45</ymin>
            <xmax>111.68</xmax>
            <ymax>224.00</ymax>
        </bndbox>
    </object>
    <object>
        <name>1</name>
        <bndbox>
            <xmin>0.00</xmin>
            <ymin>72.49</ymin>
            <xmax>5.04</xmax>
            <ymax>83.54</ymax>
        </bndbox>
    </object>
    <object>
        <name>1</name>
        <bndbox>
            <xmin>3.05</xmin>
            <ymin>65.36</ymin>
            <xmax>14.16</xmax>
            <ymax>76.48</ymax>
        </bndbox>
    </object>
    <object>
        <name>1</name>
        <bndbox>
            <xmin>40.90</xmin>
            <ymin>46.78</ymin>
            <xmax>52.01</xmax>
            <ymax>57.89</ymax>
        </bndbox>
    </object>
</annotation>
