<?xml version="1.0"?>
<annotation>
    <filename>000001005.jpg</filename>
    <source>
        <annotation>ArcGIS Pro 2.1</annotation>
    </source>
    <size>
        <width>224</width>
        <height>224</height>
        <depth>3</depth>
    </size>
    <object>
        <name>2</name>
        <bndbox>
            <xmin>123.97</xmin>
            <ymin>16.97</ymin>
            <xmax>168.41</xmax>
            <ymax>61.42</ymax>
        </bndbox>
    </object>
    <object>
        <name>1</name>
        <bndbox>
            <xmin>62.36</xmin>
            <ymin>119.23</ymin>
            <xmax>73.47</xmax>
            <ymax>130.34</ymax>
        </bndbox>
    </object>
    <object>
        <name>1</name>
        <bndbox>
            <xmin>0.53</xmin>
            <ymin>211.47</ymin>
            <xmax>11.64</xmax>
            <ymax>222.58</ymax>
        </bndbox>
    </object>
    <object>
        <name>1</name>
        <bndbox>
            <xmin>38.71</xmin>
            <ymin>213.84</ymin>
            <xmax>49.82</xmax>
            <ymax>224.00</ymax>
        </bndbox>
    </object>
    <object>
        <name>1</name>
        <bndbox>
            <xmin>63.38</xmin>
            <ymin>192.89</ymin>
            <xmax>74.49</xmax>
            <ymax>204.00</ymax>
        </bndbox>
    </object>
</annotation>
