<?xml version="1.0"?>
<annotation>
    <filename>000000223.jpg</filename>
    <source>
        <annotation>ArcGIS Pro 2.1</annotation>
    </source>
    <size>
        <width>224</width>
        <height>224</height>
        <depth>3</depth>
    </size>
    <object>
        <name>2</name>
        <bndbox>
            <xmin>133.21</xmin>
            <ymin>188.50</ymin>
            <xmax>177.65</xmax>
            <ymax>224.00</ymax>
        </bndbox>
    </object>
    <object>
        <name>2</name>
        <bndbox>
            <xmin>162.71</xmin>
            <ymin>110.43</ymin>
            <xmax>207.15</xmax>
            <ymax>154.87</ymax>
        </bndbox>
    </object>
    <object>
        <name>1</name>
        <bndbox>
            <xmin>15.22</xmin>
            <ymin>111.85</ymin>
            <xmax>26.33</xmax>
            <ymax>122.97</ymax>
        </bndbox>
    </object>
</annotation>
