<?xml version="1.0"?>
<annotation>
    <filename>000002999.jpg</filename>
    <source>
        <annotation>ArcGIS Pro 2.1</annotation>
    </source>
    <size>
        <width>224</width>
        <height>224</height>
        <depth>3</depth>
    </size>
    <object>
        <name>2</name>
        <bndbox>
            <xmin>78.99</xmin>
            <ymin>13.21</ymin>
            <xmax>123.44</xmax>
            <ymax>57.65</ymax>
        </bndbox>
    </object>
    <object>
        <name>2</name>
        <bndbox>
            <xmin>61.31</xmin>
            <ymin>81.43</ymin>
            <xmax>105.75</xmax>
            <ymax>125.87</ymax>
        </bndbox>
    </object>
</annotation>
