<?xml version="1.0"?>
<annotation>
    <filename>000001676.jpg</filename>
    <source>
        <annotation>ArcGIS Pro 2.1</annotation>
    </source>
    <size>
        <width>224</width>
        <height>224</height>
        <depth>3</depth>
    </size>
    <object>
        <name>2</name>
        <bndbox>
            <xmin>203.08</xmin>
            <ymin>65.06</ymin>
            <xmax>224.00</xmax>
            <ymax>109.42</ymax>
        </bndbox>
    </object>
    <object>
        <name>1</name>
        <bndbox>
            <xmin>211.57</xmin>
            <ymin>211.51</ymin>
            <xmax>222.68</xmax>
            <ymax>222.62</ymax>
        </bndbox>
    </object>
    <object>
        <name>1</name>
        <bndbox>
            <xmin>187.46</xmin>
            <ymin>210.67</ymin>
            <xmax>198.58</xmax>
            <ymax>221.78</ymax>
        </bndbox>
    </object>
    <object>
        <name>1</name>
        <bndbox>
            <xmin>197.47</xmin>
            <ymin>201.49</ymin>
            <xmax>208.58</xmax>
            <ymax>212.60</ymax>
        </bndbox>
    </object>
    <object>
        <name>1</name>
        <bndbox>
            <xmin>125.74</xmin>
            <ymin>68.58</ymin>
            <xmax>136.85</xmax>
            <ymax>79.69</ymax>
        </bndbox>
    </object>
    <object>
        <name>1</name>
        <bndbox>
            <xmin>126.04</xmin>
            <ymin>69.97</ymin>
            <xmax>137.16</xmax>
            <ymax>81.08</ymax>
        </bndbox>
    </object>
</annotation>
