<?xml version="1.0"?>
<annotation>
    <filename>000003412.jpg</filename>
    <source>
        <annotation>ArcGIS Pro 2.1</annotation>
    </source>
    <size>
        <width>224</width>
        <height>224</height>
        <depth>3</depth>
    </size>
    <object>
        <name>2</name>
        <bndbox>
            <xmin>0.00</xmin>
            <ymin>0.00</ymin>
            <xmax>17.80</xmax>
            <ymax>34.75</ymax>
        </bndbox>
    </object>
    <object>
        <name>2</name>
        <bndbox>
            <xmin>20.10</xmin>
            <ymin>119.61</ymin>
            <xmax>64.55</xmax>
            <ymax>164.05</ymax>
        </bndbox>
    </object>
    <object>
        <name>2</name>
        <bndbox>
            <xmin>54.21</xmin>
            <ymin>187.83</ymin>
            <xmax>98.65</xmax>
            <ymax>224.00</ymax>
        </bndbox>
    </object>
    <object>
        <name>2</name>
        <bndbox>
            <xmin>0.00</xmin>
            <ymin>223.43</ymin>
            <xmax>0.50</xmax>
            <ymax>224.00</ymax>
        </bndbox>
    </object>
    <object>
        <name>1</name>
        <bndbox>
            <xmin>138.59</xmin>
            <ymin>95.32</ymin>
            <xmax>149.70</xmax>
            <ymax>106.43</ymax>
        </bndbox>
    </object>
</annotation>
