<?xml version="1.0"?>
<annotation>
    <filename>000001477.jpg</filename>
    <source>
        <annotation>ArcGIS Pro 2.1</annotation>
    </source>
    <size>
        <width>224</width>
        <height>224</height>
        <depth>3</depth>
    </size>
    <object>
        <name>2</name>
        <bndbox>
            <xmin>149.84</xmin>
            <ymin>158.38</ymin>
            <xmax>194.29</xmax>
            <ymax>202.82</ymax>
        </bndbox>
    </object>
    <object>
        <name>1</name>
        <bndbox>
            <xmin>63.89</xmin>
            <ymin>117.23</ymin>
            <xmax>75.00</xmax>
            <ymax>128.34</ymax>
        </bndbox>
    </object>
    <object>
        <name>1</name>
        <bndbox>
            <xmin>33.64</xmin>
            <ymin>97.63</ymin>
            <xmax>44.75</xmax>
            <ymax>108.74</ymax>
        </bndbox>
    </object>
    <object>
        <name>1</name>
        <bndbox>
            <xmin>36.55</xmin>
            <ymin>110.73</ymin>
            <xmax>47.66</xmax>
            <ymax>121.85</ymax>
        </bndbox>
    </object>
</annotation>
