<?xml version="1.0"?>
<annotation>
    <filename>000001357.jpg</filename>
    <source>
        <annotation>ArcGIS Pro 2.1</annotation>
    </source>
    <size>
        <width>224</width>
        <height>224</height>
        <depth>3</depth>
    </size>
    <object>
        <name>2</name>
        <bndbox>
            <xmin>73.23</xmin>
            <ymin>142.54</ymin>
            <xmax>117.67</xmax>
            <ymax>186.99</ymax>
        </bndbox>
    </object>
    <object>
        <name>2</name>
        <bndbox>
            <xmin>12.16</xmin>
            <ymin>133.66</ymin>
            <xmax>56.60</xmax>
            <ymax>178.10</ymax>
        </bndbox>
    </object>
    <object>
        <name>2</name>
        <bndbox>
            <xmin>42.14</xmin>
            <ymin>94.80</ymin>
            <xmax>86.58</xmax>
            <ymax>139.24</ymax>
        </bndbox>
    </object>
    <object>
        <name>1</name>
        <bndbox>
            <xmin>92.43</xmin>
            <ymin>25.53</ymin>
            <xmax>103.54</xmax>
            <ymax>36.64</ymax>
        </bndbox>
    </object>
    <object>
        <name>1</name>
        <bndbox>
            <xmin>163.44</xmin>
            <ymin>117.91</ymin>
            <xmax>174.55</xmax>
            <ymax>129.02</ymax>
        </bndbox>
    </object>
    <object>
        <name>1</name>
        <bndbox>
            <xmin>212.23</xmin>
            <ymin>204.75</ymin>
            <xmax>223.34</xmax>
            <ymax>215.86</ymax>
        </bndbox>
    </object>
</annotation>
