<?xml version="1.0"?>
<annotation>
    <filename>000003094.jpg</filename>
    <source>
        <annotation>ArcGIS Pro 2.1</annotation>
    </source>
    <size>
        <width>224</width>
        <height>224</height>
        <depth>3</depth>
    </size>
    <object>
        <name>2</name>
        <bndbox>
            <xmin>198.14</xmin>
            <ymin>4.85</ymin>
            <xmax>224.00</xmax>
            <ymax>49.29</ymax>
        </bndbox>
    </object>
    <object>
        <name>1</name>
        <bndbox>
            <xmin>23.42</xmin>
            <ymin>54.88</ymin>
            <xmax>34.53</xmax>
            <ymax>65.99</ymax>
        </bndbox>
    </object>
    <object>
        <name>1</name>
        <bndbox>
            <xmin>9.65</xmin>
            <ymin>138.49</ymin>
            <xmax>20.76</xmax>
            <ymax>149.60</ymax>
        </bndbox>
    </object>
</annotation>
