<?xml version="1.0"?>
<annotation>
    <filename>000000058.jpg</filename>
    <source>
        <annotation>ArcGIS Pro 2.1</annotation>
    </source>
    <size>
        <width>224</width>
        <height>224</height>
        <depth>3</depth>
    </size>
    <object>
        <name>2</name>
        <bndbox>
            <xmin>63.67</xmin>
            <ymin>179.46</ymin>
            <xmax>108.11</xmax>
            <ymax>223.90</ymax>
        </bndbox>
    </object>
    <object>
        <name>2</name>
        <bndbox>
            <xmin>9.29</xmin>
            <ymin>202.77</ymin>
            <xmax>53.68</xmax>
            <ymax>224.00</ymax>
        </bndbox>
    </object>
</annotation>
