<?xml version="1.0"?>
<annotation>
    <filename>000001632.jpg</filename>
    <source>
        <annotation>ArcGIS Pro 2.1</annotation>
    </source>
    <size>
        <width>224</width>
        <height>224</height>
        <depth>3</depth>
    </size>
    <object>
        <name>1</name>
        <bndbox>
            <xmin>220.57</xmin>
            <ymin>181.30</ymin>
            <xmax>224.00</xmax>
            <ymax>191.56</ymax>
        </bndbox>
    </object>
</annotation>
