<?xml version="1.0"?>
<annotation>
    <filename>000002830.jpg</filename>
    <source>
        <annotation>ArcGIS Pro 2.1</annotation>
    </source>
    <size>
        <width>224</width>
        <height>224</height>
        <depth>3</depth>
    </size>
    <object>
        <name>2</name>
        <bndbox>
            <xmin>0.00</xmin>
            <ymin>140.06</ymin>
            <xmax>0.55</xmax>
            <ymax>149.91</ymax>
        </bndbox>
    </object>
    <object>
        <name>1</name>
        <bndbox>
            <xmin>188.53</xmin>
            <ymin>32.57</ymin>
            <xmax>199.64</xmax>
            <ymax>43.68</ymax>
        </bndbox>
    </object>
</annotation>
