<?xml version="1.0"?>
<annotation>
    <filename>000001721.jpg</filename>
    <source>
        <annotation>ArcGIS Pro 2.1</annotation>
    </source>
    <size>
        <width>224</width>
        <height>224</height>
        <depth>3</depth>
    </size>
    <object>
        <name>2</name>
        <bndbox>
            <xmin>88.51</xmin>
            <ymin>137.59</ymin>
            <xmax>132.95</xmax>
            <ymax>182.03</ymax>
        </bndbox>
    </object>
    <object>
        <name>1</name>
        <bndbox>
            <xmin>144.26</xmin>
            <ymin>29.79</ymin>
            <xmax>155.37</xmax>
            <ymax>40.90</ymax>
        </bndbox>
    </object>
</annotation>
