<?xml version="1.0"?>
<annotation>
    <filename>000000036.jpg</filename>
    <source>
        <annotation>ArcGIS Pro 2.1</annotation>
    </source>
    <size>
        <width>224</width>
        <height>224</height>
        <depth>3</depth>
    </size>
    <object>
        <name>2</name>
        <bndbox>
            <xmin>30.14</xmin>
            <ymin>223.56</ymin>
            <xmax>38.89</xmax>
            <ymax>224.00</ymax>
        </bndbox>
    </object>
    <object>
        <name>1</name>
        <bndbox>
            <xmin>136.85</xmin>
            <ymin>161.01</ymin>
            <xmax>147.96</xmax>
            <ymax>172.12</ymax>
        </bndbox>
    </object>
    <object>
        <name>1</name>
        <bndbox>
            <xmin>48.98</xmin>
            <ymin>200.10</ymin>
            <xmax>60.09</xmax>
            <ymax>211.21</ymax>
        </bndbox>
    </object>
</annotation>
