<?xml version="1.0"?>
<annotation>
    <filename>000001213.jpg</filename>
    <source>
        <annotation>ArcGIS Pro 2.1</annotation>
    </source>
    <size>
        <width>224</width>
        <height>224</height>
        <depth>3</depth>
    </size>
    <object>
        <name>2</name>
        <bndbox>
            <xmin>193.04</xmin>
            <ymin>0.00</ymin>
            <xmax>224.00</xmax>
            <ymax>25.55</ymax>
        </bndbox>
    </object>
    <object>
        <name>1</name>
        <bndbox>
            <xmin>86.87</xmin>
            <ymin>150.53</ymin>
            <xmax>97.98</xmax>
            <ymax>161.65</ymax>
        </bndbox>
    </object>
    <object>
        <name>1</name>
        <bndbox>
            <xmin>96.61</xmin>
            <ymin>143.74</ymin>
            <xmax>107.73</xmax>
            <ymax>154.86</ymax>
        </bndbox>
    </object>
    <object>
        <name>1</name>
        <bndbox>
            <xmin>104.24</xmin>
            <ymin>141.63</ymin>
            <xmax>115.35</xmax>
            <ymax>152.75</ymax>
        </bndbox>
    </object>
    <object>
        <name>1</name>
        <bndbox>
            <xmin>115.54</xmin>
            <ymin>162.44</ymin>
            <xmax>126.65</xmax>
            <ymax>173.55</ymax>
        </bndbox>
    </object>
    <object>
        <name>1</name>
        <bndbox>
            <xmin>146.21</xmin>
            <ymin>160.72</ymin>
            <xmax>157.33</xmax>
            <ymax>171.83</ymax>
        </bndbox>
    </object>
</annotation>
