<?xml version="1.0"?>
<annotation>
    <filename>000003486.jpg</filename>
    <source>
        <annotation>ArcGIS Pro 2.1</annotation>
    </source>
    <size>
        <width>224</width>
        <height>224</height>
        <depth>3</depth>
    </size>
    <object>
        <name>2</name>
        <bndbox>
            <xmin>87.46</xmin>
            <ymin>218.20</ymin>
            <xmax>117.40</xmax>
            <ymax>224.00</ymax>
        </bndbox>
    </object>
</annotation>
