<?xml version="1.0"?>
<annotation>
    <filename>000001901.jpg</filename>
    <source>
        <annotation>ArcGIS Pro 2.1</annotation>
    </source>
    <size>
        <width>224</width>
        <height>224</height>
        <depth>3</depth>
    </size>
    <object>
        <name>1</name>
        <bndbox>
            <xmin>191.95</xmin>
            <ymin>169.20</ymin>
            <xmax>203.06</xmax>
            <ymax>180.31</ymax>
        </bndbox>
    </object>
    <object>
        <name>1</name>
        <bndbox>
            <xmin>210.38</xmin>
            <ymin>156.51</ymin>
            <xmax>221.49</xmax>
            <ymax>167.62</ymax>
        </bndbox>
    </object>
    <object>
        <name>1</name>
        <bndbox>
            <xmin>75.90</xmin>
            <ymin>98.28</ymin>
            <xmax>87.01</xmax>
            <ymax>109.39</ymax>
        </bndbox>
    </object>
    <object>
        <name>1</name>
        <bndbox>
            <xmin>57.04</xmin>
            <ymin>71.54</ymin>
            <xmax>68.15</xmax>
            <ymax>82.65</ymax>
        </bndbox>
    </object>
    <object>
        <name>1</name>
        <bndbox>
            <xmin>57.62</xmin>
            <ymin>16.89</ymin>
            <xmax>68.73</xmax>
            <ymax>28.00</ymax>
        </bndbox>
    </object>
</annotation>
