<?xml version="1.0"?>
<annotation>
    <filename>000000432.jpg</filename>
    <source>
        <annotation>ArcGIS Pro 2.1</annotation>
    </source>
    <size>
        <width>224</width>
        <height>224</height>
        <depth>3</depth>
    </size>
    <object>
        <name>2</name>
        <bndbox>
            <xmin>106.47</xmin>
            <ymin>0.00</ymin>
            <xmax>150.91</xmax>
            <ymax>41.57</ymax>
        </bndbox>
    </object>
    <object>
        <name>2</name>
        <bndbox>
            <xmin>148.66</xmin>
            <ymin>50.42</ymin>
            <xmax>193.10</xmax>
            <ymax>94.86</ymax>
        </bndbox>
    </object>
    <object>
        <name>2</name>
        <bndbox>
            <xmin>216.09</xmin>
            <ymin>72.63</ymin>
            <xmax>224.00</xmax>
            <ymax>106.62</ymax>
        </bndbox>
    </object>
</annotation>
