<?xml version="1.0"?>
<annotation>
    <filename>000000106.jpg</filename>
    <source>
        <annotation>ArcGIS Pro 2.1</annotation>
    </source>
    <size>
        <width>224</width>
        <height>224</height>
        <depth>3</depth>
    </size>
    <object>
        <name>1</name>
        <bndbox>
            <xmin>39.56</xmin>
            <ymin>61.36</ymin>
            <xmax>50.67</xmax>
            <ymax>72.47</ymax>
        </bndbox>
    </object>
    <object>
        <name>1</name>
        <bndbox>
            <xmin>129.95</xmin>
            <ymin>167.80</ymin>
            <xmax>141.06</xmax>
            <ymax>178.91</ymax>
        </bndbox>
    </object>
    <object>
        <name>1</name>
        <bndbox>
            <xmin>82.90</xmin>
            <ymin>193.23</ymin>
            <xmax>94.02</xmax>
            <ymax>204.35</ymax>
        </bndbox>
    </object>
    <object>
        <name>1</name>
        <bndbox>
            <xmin>114.14</xmin>
            <ymin>68.61</ymin>
            <xmax>125.25</xmax>
            <ymax>79.72</ymax>
        </bndbox>
    </object>
</annotation>
