<?xml version="1.0"?>
<annotation>
    <filename>000001971.jpg</filename>
    <source>
        <annotation>ArcGIS Pro 2.1</annotation>
    </source>
    <size>
        <width>224</width>
        <height>224</height>
        <depth>3</depth>
    </size>
    <object>
        <name>1</name>
        <bndbox>
            <xmin>11.79</xmin>
            <ymin>132.75</ymin>
            <xmax>22.90</xmax>
            <ymax>143.86</ymax>
        </bndbox>
    </object>
    <object>
        <name>1</name>
        <bndbox>
            <xmin>128.73</xmin>
            <ymin>0.98</ymin>
            <xmax>139.84</xmax>
            <ymax>12.09</ymax>
        </bndbox>
    </object>
</annotation>
