<?xml version="1.0"?>
<annotation>
    <filename>000003204.jpg</filename>
    <source>
        <annotation>ArcGIS Pro 2.1</annotation>
    </source>
    <size>
        <width>224</width>
        <height>224</height>
        <depth>3</depth>
    </size>
    <object>
        <name>2</name>
        <bndbox>
            <xmin>207.35</xmin>
            <ymin>0.00</ymin>
            <xmax>224.00</xmax>
            <ymax>9.30</ymax>
        </bndbox>
    </object>
    <object>
        <name>2</name>
        <bndbox>
            <xmin>148.91</xmin>
            <ymin>6.59</ymin>
            <xmax>193.36</xmax>
            <ymax>51.04</ymax>
        </bndbox>
    </object>
    <object>
        <name>2</name>
        <bndbox>
            <xmin>189.34</xmin>
            <ymin>50.81</ymin>
            <xmax>224.00</xmax>
            <ymax>95.25</ymax>
        </bndbox>
    </object>
    <object>
        <name>2</name>
        <bndbox>
            <xmin>138.81</xmin>
            <ymin>145.56</ymin>
            <xmax>183.25</xmax>
            <ymax>190.01</ymax>
        </bndbox>
    </object>
    <object>
        <name>2</name>
        <bndbox>
            <xmin>189.34</xmin>
            <ymin>182.20</ymin>
            <xmax>224.00</xmax>
            <ymax>224.00</ymax>
        </bndbox>
    </object>
    <object>
        <name>1</name>
        <bndbox>
            <xmin>41.99</xmin>
            <ymin>138.23</ymin>
            <xmax>53.10</xmax>
            <ymax>149.34</ymax>
        </bndbox>
    </object>
    <object>
        <name>1</name>
        <bndbox>
            <xmin>39.35</xmin>
            <ymin>67.17</ymin>
            <xmax>50.46</xmax>
            <ymax>78.28</ymax>
        </bndbox>
    </object>
    <object>
        <name>1</name>
        <bndbox>
            <xmin>43.74</xmin>
            <ymin>125.09</ymin>
            <xmax>54.85</xmax>
            <ymax>136.20</ymax>
        </bndbox>
    </object>
</annotation>
