<?xml version="1.0"?>
<annotation>
    <filename>000000572.jpg</filename>
    <source>
        <annotation>ArcGIS Pro 2.1</annotation>
    </source>
    <size>
        <width>224</width>
        <height>224</height>
        <depth>3</depth>
    </size>
    <object>
        <name>1</name>
        <bndbox>
            <xmin>154.09</xmin>
            <ymin>184.67</ymin>
            <xmax>165.20</xmax>
            <ymax>195.78</ymax>
        </bndbox>
    </object>
    <object>
        <name>1</name>
        <bndbox>
            <xmin>5.25</xmin>
            <ymin>25.47</ymin>
            <xmax>16.36</xmax>
            <ymax>36.58</ymax>
        </bndbox>
    </object>
</annotation>
