<?xml version="1.0"?>
<annotation>
    <filename>000002250.jpg</filename>
    <source>
        <annotation>ArcGIS Pro 2.1</annotation>
    </source>
    <size>
        <width>224</width>
        <height>224</height>
        <depth>3</depth>
    </size>
    <object>
        <name>2</name>
        <bndbox>
            <xmin>207.83</xmin>
            <ymin>0.00</ymin>
            <xmax>224.00</xmax>
            <ymax>42.58</ymax>
        </bndbox>
    </object>
    <object>
        <name>2</name>
        <bndbox>
            <xmin>142.64</xmin>
            <ymin>218.41</ymin>
            <xmax>172.12</xmax>
            <ymax>224.00</ymax>
        </bndbox>
    </object>
</annotation>
