<?xml version="1.0"?>
<annotation>
    <filename>000003305.jpg</filename>
    <source>
        <annotation>ArcGIS Pro 2.1</annotation>
    </source>
    <size>
        <width>224</width>
        <height>224</height>
        <depth>3</depth>
    </size>
    <object>
        <name>1</name>
        <bndbox>
            <xmin>134.12</xmin>
            <ymin>115.19</ymin>
            <xmax>145.23</xmax>
            <ymax>126.30</ymax>
        </bndbox>
    </object>
    <object>
        <name>1</name>
        <bndbox>
            <xmin>160.02</xmin>
            <ymin>54.67</ymin>
            <xmax>171.13</xmax>
            <ymax>65.78</ymax>
        </bndbox>
    </object>
    <object>
        <name>1</name>
        <bndbox>
            <xmin>142.55</xmin>
            <ymin>84.54</ymin>
            <xmax>153.66</xmax>
            <ymax>95.65</ymax>
        </bndbox>
    </object>
    <object>
        <name>1</name>
        <bndbox>
            <xmin>121.53</xmin>
            <ymin>187.39</ymin>
            <xmax>132.64</xmax>
            <ymax>198.50</ymax>
        </bndbox>
    </object>
</annotation>
