<?xml version="1.0"?>
<annotation>
    <filename>000001464.jpg</filename>
    <source>
        <annotation>ArcGIS Pro 2.1</annotation>
    </source>
    <size>
        <width>224</width>
        <height>224</height>
        <depth>3</depth>
    </size>
    <object>
        <name>1</name>
        <bndbox>
            <xmin>28.62</xmin>
            <ymin>54.94</ymin>
            <xmax>39.73</xmax>
            <ymax>66.05</ymax>
        </bndbox>
    </object>
    <object>
        <name>1</name>
        <bndbox>
            <xmin>62.95</xmin>
            <ymin>61.65</ymin>
            <xmax>74.06</xmax>
            <ymax>72.76</ymax>
        </bndbox>
    </object>
    <object>
        <name>1</name>
        <bndbox>
            <xmin>214.16</xmin>
            <ymin>95.98</ymin>
            <xmax>224.00</xmax>
            <ymax>107.08</ymax>
        </bndbox>
    </object>
    <object>
        <name>1</name>
        <bndbox>
            <xmin>138.48</xmin>
            <ymin>115.17</ymin>
            <xmax>149.59</xmax>
            <ymax>126.28</ymax>
        </bndbox>
    </object>
    <object>
        <name>1</name>
        <bndbox>
            <xmin>113.67</xmin>
            <ymin>78.03</ymin>
            <xmax>124.78</xmax>
            <ymax>89.14</ymax>
        </bndbox>
    </object>
    <object>
        <name>1</name>
        <bndbox>
            <xmin>103.37</xmin>
            <ymin>166.19</ymin>
            <xmax>114.48</xmax>
            <ymax>177.31</ymax>
        </bndbox>
    </object>
    <object>
        <name>1</name>
        <bndbox>
            <xmin>96.19</xmin>
            <ymin>184.14</ymin>
            <xmax>107.30</xmax>
            <ymax>195.25</ymax>
        </bndbox>
    </object>
    <object>
        <name>1</name>
        <bndbox>
            <xmin>182.09</xmin>
            <ymin>179.28</ymin>
            <xmax>193.20</xmax>
            <ymax>190.39</ymax>
        </bndbox>
    </object>
</annotation>
