<?xml version="1.0"?>
<annotation>
    <filename>000003119.jpg</filename>
    <source>
        <annotation>ArcGIS Pro 2.1</annotation>
    </source>
    <size>
        <width>224</width>
        <height>224</height>
        <depth>3</depth>
    </size>
    <object>
        <name>1</name>
        <bndbox>
            <xmin>180.63</xmin>
            <ymin>199.65</ymin>
            <xmax>191.74</xmax>
            <ymax>210.76</ymax>
        </bndbox>
    </object>
</annotation>
