<?xml version="1.0"?>
<annotation>
    <filename>000003646.jpg</filename>
    <source>
        <annotation>ArcGIS Pro 2.1</annotation>
    </source>
    <size>
        <width>224</width>
        <height>224</height>
        <depth>3</depth>
    </size>
    <object>
        <name>1</name>
        <bndbox>
            <xmin>139.02</xmin>
            <ymin>186.83</ymin>
            <xmax>150.13</xmax>
            <ymax>197.94</ymax>
        </bndbox>
    </object>
</annotation>
