<?xml version="1.0"?>
<annotation>
    <filename>000000093.jpg</filename>
    <source>
        <annotation>ArcGIS Pro 2.1</annotation>
    </source>
    <size>
        <width>224</width>
        <height>224</height>
        <depth>3</depth>
    </size>
    <object>
        <name>1</name>
        <bndbox>
            <xmin>0.00</xmin>
            <ymin>46.48</ymin>
            <xmax>11.04</xmax>
            <ymax>57.59</ymax>
        </bndbox>
    </object>
    <object>
        <name>1</name>
        <bndbox>
            <xmin>48.63</xmin>
            <ymin>210.64</ymin>
            <xmax>59.74</xmax>
            <ymax>221.75</ymax>
        </bndbox>
    </object>
</annotation>
