<?xml version="1.0"?>
<annotation>
    <filename>000001578.jpg</filename>
    <source>
        <annotation>ArcGIS Pro 2.1</annotation>
    </source>
    <size>
        <width>224</width>
        <height>224</height>
        <depth>3</depth>
    </size>
    <object>
        <name>1</name>
        <bndbox>
            <xmin>141.71</xmin>
            <ymin>2.53</ymin>
            <xmax>152.82</xmax>
            <ymax>13.64</ymax>
        </bndbox>
    </object>
    <object>
        <name>1</name>
        <bndbox>
            <xmin>161.76</xmin>
            <ymin>35.12</ymin>
            <xmax>172.87</xmax>
            <ymax>46.23</ymax>
        </bndbox>
    </object>
</annotation>
