<?xml version="1.0"?>
<annotation>
    <filename>000003513.jpg</filename>
    <source>
        <annotation>ArcGIS Pro 2.1</annotation>
    </source>
    <size>
        <width>224</width>
        <height>224</height>
        <depth>3</depth>
    </size>
    <object>
        <name>1</name>
        <bndbox>
            <xmin>50.11</xmin>
            <ymin>2.74</ymin>
            <xmax>61.22</xmax>
            <ymax>13.86</ymax>
        </bndbox>
    </object>
    <object>
        <name>1</name>
        <bndbox>
            <xmin>0.00</xmin>
            <ymin>80.14</ymin>
            <xmax>9.36</xmax>
            <ymax>91.25</ymax>
        </bndbox>
    </object>
    <object>
        <name>1</name>
        <bndbox>
            <xmin>7.74</xmin>
            <ymin>73.44</ymin>
            <xmax>18.86</xmax>
            <ymax>84.55</ymax>
        </bndbox>
    </object>
    <object>
        <name>1</name>
        <bndbox>
            <xmin>22.58</xmin>
            <ymin>61.30</ymin>
            <xmax>33.69</xmax>
            <ymax>72.41</ymax>
        </bndbox>
    </object>
    <object>
        <name>1</name>
        <bndbox>
            <xmin>51.80</xmin>
            <ymin>43.57</ymin>
            <xmax>62.91</xmax>
            <ymax>54.68</ymax>
        </bndbox>
    </object>
    <object>
        <name>1</name>
        <bndbox>
            <xmin>73.12</xmin>
            <ymin>73.96</ymin>
            <xmax>84.23</xmax>
            <ymax>85.08</ymax>
        </bndbox>
    </object>
    <object>
        <name>1</name>
        <bndbox>
            <xmin>63.42</xmin>
            <ymin>79.95</ymin>
            <xmax>74.53</xmax>
            <ymax>91.06</ymax>
        </bndbox>
    </object>
    <object>
        <name>1</name>
        <bndbox>
            <xmin>49.38</xmin>
            <ymin>85.91</ymin>
            <xmax>60.49</xmax>
            <ymax>97.02</ymax>
        </bndbox>
    </object>
    <object>
        <name>1</name>
        <bndbox>
            <xmin>41.66</xmin>
            <ymin>92.32</ymin>
            <xmax>52.77</xmax>
            <ymax>103.43</ymax>
        </bndbox>
    </object>
    <object>
        <name>1</name>
        <bndbox>
            <xmin>28.77</xmin>
            <ymin>102.30</ymin>
            <xmax>39.88</xmax>
            <ymax>113.41</ymax>
        </bndbox>
    </object>
    <object>
        <name>1</name>
        <bndbox>
            <xmin>18.09</xmin>
            <ymin>109.43</ymin>
            <xmax>29.20</xmax>
            <ymax>120.54</ymax>
        </bndbox>
    </object>
    <object>
        <name>1</name>
        <bndbox>
            <xmin>13.82</xmin>
            <ymin>140.09</ymin>
            <xmax>24.93</xmax>
            <ymax>151.20</ymax>
        </bndbox>
    </object>
    <object>
        <name>1</name>
        <bndbox>
            <xmin>21.06</xmin>
            <ymin>152.98</ymin>
            <xmax>32.17</xmax>
            <ymax>164.09</ymax>
        </bndbox>
    </object>
    <object>
        <name>1</name>
        <bndbox>
            <xmin>30.20</xmin>
            <ymin>169.04</ymin>
            <xmax>41.31</xmax>
            <ymax>180.16</ymax>
        </bndbox>
    </object>
    <object>
        <name>1</name>
        <bndbox>
            <xmin>35.63</xmin>
            <ymin>181.32</ymin>
            <xmax>46.74</xmax>
            <ymax>192.43</ymax>
        </bndbox>
    </object>
    <object>
        <name>1</name>
        <bndbox>
            <xmin>44.21</xmin>
            <ymin>192.61</ymin>
            <xmax>55.32</xmax>
            <ymax>203.72</ymax>
        </bndbox>
    </object>
    <object>
        <name>1</name>
        <bndbox>
            <xmin>51.97</xmin>
            <ymin>206.43</ymin>
            <xmax>63.08</xmax>
            <ymax>217.54</ymax>
        </bndbox>
    </object>
    <object>
        <name>1</name>
        <bndbox>
            <xmin>61.50</xmin>
            <ymin>216.65</ymin>
            <xmax>72.61</xmax>
            <ymax>224.00</ymax>
        </bndbox>
    </object>
    <object>
        <name>1</name>
        <bndbox>
            <xmin>130.85</xmin>
            <ymin>34.96</ymin>
            <xmax>141.96</xmax>
            <ymax>46.07</ymax>
        </bndbox>
    </object>
    <object>
        <name>1</name>
        <bndbox>
            <xmin>121.92</xmin>
            <ymin>42.39</ymin>
            <xmax>133.03</xmax>
            <ymax>53.50</ymax>
        </bndbox>
    </object>
    <object>
        <name>1</name>
        <bndbox>
            <xmin>144.34</xmin>
            <ymin>27.93</ymin>
            <xmax>155.45</xmax>
            <ymax>39.05</ymax>
        </bndbox>
    </object>
    <object>
        <name>1</name>
        <bndbox>
            <xmin>154.60</xmin>
            <ymin>22.55</ymin>
            <xmax>165.71</xmax>
            <ymax>33.66</ymax>
        </bndbox>
    </object>
    <object>
        <name>1</name>
        <bndbox>
            <xmin>179.21</xmin>
            <ymin>2.43</ymin>
            <xmax>190.32</xmax>
            <ymax>13.54</ymax>
        </bndbox>
    </object>
    <object>
        <name>1</name>
        <bndbox>
            <xmin>202.30</xmin>
            <ymin>0.00</ymin>
            <xmax>211.38</xmax>
            <ymax>2.36</ymax>
        </bndbox>
    </object>
    <object>
        <name>1</name>
        <bndbox>
            <xmin>130.90</xmin>
            <ymin>0.00</ymin>
            <xmax>140.92</xmax>
            <ymax>3.16</ymax>
        </bndbox>
    </object>
    <object>
        <name>1</name>
        <bndbox>
            <xmin>121.47</xmin>
            <ymin>0.00</ymin>
            <xmax>132.57</xmax>
            <ymax>9.42</ymax>
        </bndbox>
    </object>
</annotation>
