<?xml version="1.0"?>
<annotation>
    <filename>000000378.jpg</filename>
    <source>
        <annotation>ArcGIS Pro 2.1</annotation>
    </source>
    <size>
        <width>224</width>
        <height>224</height>
        <depth>3</depth>
    </size>
    <object>
        <name>2</name>
        <bndbox>
            <xmin>113.73</xmin>
            <ymin>123.28</ymin>
            <xmax>158.17</xmax>
            <ymax>167.72</ymax>
        </bndbox>
    </object>
    <object>
        <name>1</name>
        <bndbox>
            <xmin>95.22</xmin>
            <ymin>171.63</ymin>
            <xmax>106.33</xmax>
            <ymax>182.74</ymax>
        </bndbox>
    </object>
    <object>
        <name>1</name>
        <bndbox>
            <xmin>190.42</xmin>
            <ymin>59.35</ymin>
            <xmax>201.53</xmax>
            <ymax>70.46</ymax>
        </bndbox>
    </object>
</annotation>
