<?xml version="1.0"?>
<annotation>
    <filename>000002426.jpg</filename>
    <source>
        <annotation>ArcGIS Pro 2.1</annotation>
    </source>
    <size>
        <width>224</width>
        <height>224</height>
        <depth>3</depth>
    </size>
    <object>
        <name>1</name>
        <bndbox>
            <xmin>153.48</xmin>
            <ymin>156.60</ymin>
            <xmax>164.59</xmax>
            <ymax>167.72</ymax>
        </bndbox>
    </object>
</annotation>
