<?xml version="1.0"?>
<annotation>
    <filename>000003529.jpg</filename>
    <source>
        <annotation>ArcGIS Pro 2.1</annotation>
    </source>
    <size>
        <width>224</width>
        <height>224</height>
        <depth>3</depth>
    </size>
    <object>
        <name>2</name>
        <bndbox>
            <xmin>0.00</xmin>
            <ymin>0.00</ymin>
            <xmax>12.65</xmax>
            <ymax>36.47</ymax>
        </bndbox>
    </object>
    <object>
        <name>1</name>
        <bndbox>
            <xmin>38.20</xmin>
            <ymin>130.15</ymin>
            <xmax>49.31</xmax>
            <ymax>141.26</ymax>
        </bndbox>
    </object>
</annotation>
