<?xml version="1.0"?>
<annotation>
    <filename>000003673.jpg</filename>
    <source>
        <annotation>ArcGIS Pro 2.1</annotation>
    </source>
    <size>
        <width>224</width>
        <height>224</height>
        <depth>3</depth>
    </size>
    <object>
        <name>1</name>
        <bndbox>
            <xmin>65.06</xmin>
            <ymin>141.39</ymin>
            <xmax>76.17</xmax>
            <ymax>152.50</ymax>
        </bndbox>
    </object>
    <object>
        <name>1</name>
        <bndbox>
            <xmin>89.60</xmin>
            <ymin>159.75</ymin>
            <xmax>100.71</xmax>
            <ymax>170.86</ymax>
        </bndbox>
    </object>
    <object>
        <name>1</name>
        <bndbox>
            <xmin>77.74</xmin>
            <ymin>197.22</ymin>
            <xmax>88.85</xmax>
            <ymax>208.34</ymax>
        </bndbox>
    </object>
    <object>
        <name>1</name>
        <bndbox>
            <xmin>116.66</xmin>
            <ymin>181.56</ymin>
            <xmax>127.77</xmax>
            <ymax>192.67</ymax>
        </bndbox>
    </object>
    <object>
        <name>1</name>
        <bndbox>
            <xmin>149.77</xmin>
            <ymin>208.61</ymin>
            <xmax>160.88</xmax>
            <ymax>219.72</ymax>
        </bndbox>
    </object>
    <object>
        <name>1</name>
        <bndbox>
            <xmin>23.56</xmin>
            <ymin>13.79</ymin>
            <xmax>34.67</xmax>
            <ymax>24.90</ymax>
        </bndbox>
    </object>
    <object>
        <name>1</name>
        <bndbox>
            <xmin>0.43</xmin>
            <ymin>30.84</ymin>
            <xmax>11.54</xmax>
            <ymax>41.95</ymax>
        </bndbox>
    </object>
    <object>
        <name>1</name>
        <bndbox>
            <xmin>43.31</xmin>
            <ymin>1.12</ymin>
            <xmax>54.42</xmax>
            <ymax>12.23</ymax>
        </bndbox>
    </object>
    <object>
        <name>1</name>
        <bndbox>
            <xmin>61.56</xmin>
            <ymin>13.02</ymin>
            <xmax>72.68</xmax>
            <ymax>24.13</ymax>
        </bndbox>
    </object>
    <object>
        <name>1</name>
        <bndbox>
            <xmin>118.10</xmin>
            <ymin>4.96</ymin>
            <xmax>129.21</xmax>
            <ymax>16.07</ymax>
        </bndbox>
    </object>
    <object>
        <name>1</name>
        <bndbox>
            <xmin>85.88</xmin>
            <ymin>26.44</ymin>
            <xmax>96.99</xmax>
            <ymax>37.55</ymax>
        </bndbox>
    </object>
</annotation>
