<?xml version="1.0"?>
<annotation>
    <filename>000001797.jpg</filename>
    <source>
        <annotation>ArcGIS Pro 2.1</annotation>
    </source>
    <size>
        <width>224</width>
        <height>224</height>
        <depth>3</depth>
    </size>
    <object>
        <name>1</name>
        <bndbox>
            <xmin>186.61</xmin>
            <ymin>66.75</ymin>
            <xmax>197.72</xmax>
            <ymax>77.86</ymax>
        </bndbox>
    </object>
    <object>
        <name>1</name>
        <bndbox>
            <xmin>203.64</xmin>
            <ymin>58.07</ymin>
            <xmax>214.75</xmax>
            <ymax>69.18</ymax>
        </bndbox>
    </object>
</annotation>
