<?xml version="1.0"?>
<annotation>
    <filename>000003494.jpg</filename>
    <source>
        <annotation>ArcGIS Pro 2.1</annotation>
    </source>
    <size>
        <width>224</width>
        <height>224</height>
        <depth>3</depth>
    </size>
    <object>
        <name>1</name>
        <bndbox>
            <xmin>145.94</xmin>
            <ymin>157.44</ymin>
            <xmax>157.05</xmax>
            <ymax>168.55</ymax>
        </bndbox>
    </object>
    <object>
        <name>1</name>
        <bndbox>
            <xmin>187.70</xmin>
            <ymin>120.39</ymin>
            <xmax>198.81</xmax>
            <ymax>131.50</ymax>
        </bndbox>
    </object>
    <object>
        <name>1</name>
        <bndbox>
            <xmin>70.25</xmin>
            <ymin>54.07</ymin>
            <xmax>81.36</xmax>
            <ymax>65.18</ymax>
        </bndbox>
    </object>
    <object>
        <name>1</name>
        <bndbox>
            <xmin>77.06</xmin>
            <ymin>42.79</ymin>
            <xmax>88.17</xmax>
            <ymax>53.90</ymax>
        </bndbox>
    </object>
    <object>
        <name>1</name>
        <bndbox>
            <xmin>140.51</xmin>
            <ymin>0.00</ymin>
            <xmax>151.61</xmax>
            <ymax>5.99</ymax>
        </bndbox>
    </object>
</annotation>
