<?xml version="1.0"?>
<annotation>
    <filename>000001291.jpg</filename>
    <source>
        <annotation>ArcGIS Pro 2.1</annotation>
    </source>
    <size>
        <width>224</width>
        <height>224</height>
        <depth>3</depth>
    </size>
    <object>
        <name>1</name>
        <bndbox>
            <xmin>47.64</xmin>
            <ymin>141.23</ymin>
            <xmax>58.75</xmax>
            <ymax>152.34</ymax>
        </bndbox>
    </object>
    <object>
        <name>1</name>
        <bndbox>
            <xmin>67.01</xmin>
            <ymin>123.42</ymin>
            <xmax>78.12</xmax>
            <ymax>134.53</ymax>
        </bndbox>
    </object>
    <object>
        <name>1</name>
        <bndbox>
            <xmin>44.97</xmin>
            <ymin>195.98</ymin>
            <xmax>56.08</xmax>
            <ymax>207.09</ymax>
        </bndbox>
    </object>
    <object>
        <name>1</name>
        <bndbox>
            <xmin>136.45</xmin>
            <ymin>122.98</ymin>
            <xmax>147.56</xmax>
            <ymax>134.09</ymax>
        </bndbox>
    </object>
    <object>
        <name>1</name>
        <bndbox>
            <xmin>82.14</xmin>
            <ymin>63.77</ymin>
            <xmax>93.25</xmax>
            <ymax>74.88</ymax>
        </bndbox>
    </object>
    <object>
        <name>1</name>
        <bndbox>
            <xmin>0.00</xmin>
            <ymin>7.97</ymin>
            <xmax>3.43</xmax>
            <ymax>18.23</ymax>
        </bndbox>
    </object>
    <object>
        <name>1</name>
        <bndbox>
            <xmin>185.75</xmin>
            <ymin>119.01</ymin>
            <xmax>196.86</xmax>
            <ymax>130.12</ymax>
        </bndbox>
    </object>
    <object>
        <name>1</name>
        <bndbox>
            <xmin>168.44</xmin>
            <ymin>7.01</ymin>
            <xmax>179.55</xmax>
            <ymax>18.12</ymax>
        </bndbox>
    </object>
</annotation>
