<?xml version="1.0"?>
<annotation>
    <filename>000001030.jpg</filename>
    <source>
        <annotation>ArcGIS Pro 2.1</annotation>
    </source>
    <size>
        <width>224</width>
        <height>224</height>
        <depth>3</depth>
    </size>
    <object>
        <name>1</name>
        <bndbox>
            <xmin>94.13</xmin>
            <ymin>131.64</ymin>
            <xmax>105.24</xmax>
            <ymax>142.75</ymax>
        </bndbox>
    </object>
</annotation>
