<?xml version="1.0"?>
<annotation>
    <filename>000002841.jpg</filename>
    <source>
        <annotation>ArcGIS Pro 2.1</annotation>
    </source>
    <size>
        <width>224</width>
        <height>224</height>
        <depth>3</depth>
    </size>
    <object>
        <name>2</name>
        <bndbox>
            <xmin>29.33</xmin>
            <ymin>51.79</ymin>
            <xmax>73.77</xmax>
            <ymax>96.23</ymax>
        </bndbox>
    </object>
    <object>
        <name>1</name>
        <bndbox>
            <xmin>214.80</xmin>
            <ymin>145.78</ymin>
            <xmax>224.00</xmax>
            <ymax>156.89</ymax>
        </bndbox>
    </object>
    <object>
        <name>1</name>
        <bndbox>
            <xmin>138.23</xmin>
            <ymin>104.53</ymin>
            <xmax>149.35</xmax>
            <ymax>115.65</ymax>
        </bndbox>
    </object>
</annotation>
