<?xml version="1.0"?>
<annotation>
    <filename>000001109.jpg</filename>
    <source>
        <annotation>ArcGIS Pro 2.1</annotation>
    </source>
    <size>
        <width>224</width>
        <height>224</height>
        <depth>3</depth>
    </size>
    <object>
        <name>1</name>
        <bndbox>
            <xmin>199.09</xmin>
            <ymin>191.51</ymin>
            <xmax>210.20</xmax>
            <ymax>202.62</ymax>
        </bndbox>
    </object>
    <object>
        <name>1</name>
        <bndbox>
            <xmin>140.47</xmin>
            <ymin>11.53</ymin>
            <xmax>151.58</xmax>
            <ymax>22.64</ymax>
        </bndbox>
    </object>
</annotation>
