<?xml version="1.0"?>
<annotation>
    <filename>000002192.jpg</filename>
    <source>
        <annotation>ArcGIS Pro 2.1</annotation>
    </source>
    <size>
        <width>224</width>
        <height>224</height>
        <depth>3</depth>
    </size>
    <object>
        <name>1</name>
        <bndbox>
            <xmin>185.10</xmin>
            <ymin>198.57</ymin>
            <xmax>196.21</xmax>
            <ymax>209.68</ymax>
        </bndbox>
    </object>
</annotation>
