<?xml version="1.0"?>
<annotation>
    <filename>000003713.jpg</filename>
    <source>
        <annotation>ArcGIS Pro 2.1</annotation>
    </source>
    <size>
        <width>224</width>
        <height>224</height>
        <depth>3</depth>
    </size>
    <object>
        <name>1</name>
        <bndbox>
            <xmin>13.90</xmin>
            <ymin>8.72</ymin>
            <xmax>25.02</xmax>
            <ymax>19.83</ymax>
        </bndbox>
    </object>
    <object>
        <name>1</name>
        <bndbox>
            <xmin>61.56</xmin>
            <ymin>3.67</ymin>
            <xmax>72.67</xmax>
            <ymax>14.78</ymax>
        </bndbox>
    </object>
    <object>
        <name>1</name>
        <bndbox>
            <xmin>86.36</xmin>
            <ymin>21.56</ymin>
            <xmax>97.47</xmax>
            <ymax>32.67</ymax>
        </bndbox>
    </object>
    <object>
        <name>1</name>
        <bndbox>
            <xmin>210.51</xmin>
            <ymin>119.90</ymin>
            <xmax>221.62</xmax>
            <ymax>131.02</ymax>
        </bndbox>
    </object>
    <object>
        <name>1</name>
        <bndbox>
            <xmin>192.56</xmin>
            <ymin>105.13</ymin>
            <xmax>203.67</xmax>
            <ymax>116.24</ymax>
        </bndbox>
    </object>
    <object>
        <name>1</name>
        <bndbox>
            <xmin>163.84</xmin>
            <ymin>82.78</ymin>
            <xmax>174.95</xmax>
            <ymax>93.89</ymax>
        </bndbox>
    </object>
    <object>
        <name>1</name>
        <bndbox>
            <xmin>136.06</xmin>
            <ymin>61.19</ymin>
            <xmax>147.17</xmax>
            <ymax>72.30</ymax>
        </bndbox>
    </object>
    <object>
        <name>1</name>
        <bndbox>
            <xmin>110.65</xmin>
            <ymin>40.16</ymin>
            <xmax>121.76</xmax>
            <ymax>51.27</ymax>
        </bndbox>
    </object>
</annotation>
