<?xml version="1.0"?>
<annotation>
    <filename>000000004.jpg</filename>
    <source>
        <annotation>ArcGIS Pro 2.1</annotation>
    </source>
    <size>
        <width>224</width>
        <height>224</height>
        <depth>3</depth>
    </size>
    <object>
        <name>1</name>
        <bndbox>
            <xmin>80.66</xmin>
            <ymin>182.54</ymin>
            <xmax>91.77</xmax>
            <ymax>193.65</ymax>
        </bndbox>
    </object>
    <object>
        <name>1</name>
        <bndbox>
            <xmin>89.44</xmin>
            <ymin>175.81</ymin>
            <xmax>100.55</xmax>
            <ymax>186.92</ymax>
        </bndbox>
    </object>
    <object>
        <name>1</name>
        <bndbox>
            <xmin>99.02</xmin>
            <ymin>168.17</ymin>
            <xmax>110.13</xmax>
            <ymax>179.28</ymax>
        </bndbox>
    </object>
    <object>
        <name>1</name>
        <bndbox>
            <xmin>109.63</xmin>
            <ymin>161.44</ymin>
            <xmax>120.74</xmax>
            <ymax>172.55</ymax>
        </bndbox>
    </object>
    <object>
        <name>1</name>
        <bndbox>
            <xmin>142.47</xmin>
            <ymin>165.54</ymin>
            <xmax>153.58</xmax>
            <ymax>176.65</ymax>
        </bndbox>
    </object>
    <object>
        <name>1</name>
        <bndbox>
            <xmin>151.71</xmin>
            <ymin>159.16</ymin>
            <xmax>162.82</xmax>
            <ymax>170.27</ymax>
        </bndbox>
    </object>
    <object>
        <name>1</name>
        <bndbox>
            <xmin>163.46</xmin>
            <ymin>151.17</ymin>
            <xmax>174.57</xmax>
            <ymax>162.28</ymax>
        </bndbox>
    </object>
    <object>
        <name>1</name>
        <bndbox>
            <xmin>202.24</xmin>
            <ymin>196.68</ymin>
            <xmax>213.35</xmax>
            <ymax>207.79</ymax>
        </bndbox>
    </object>
    <object>
        <name>1</name>
        <bndbox>
            <xmin>208.28</xmin>
            <ymin>98.48</ymin>
            <xmax>219.39</xmax>
            <ymax>109.59</ymax>
        </bndbox>
    </object>
</annotation>
