<?xml version="1.0"?>
<annotation>
    <filename>000003727.jpg</filename>
    <source>
        <annotation>ArcGIS Pro 2.1</annotation>
    </source>
    <size>
        <width>224</width>
        <height>224</height>
        <depth>3</depth>
    </size>
    <object>
        <name>2</name>
        <bndbox>
            <xmin>67.89</xmin>
            <ymin>111.19</ymin>
            <xmax>112.33</xmax>
            <ymax>155.63</ymax>
        </bndbox>
    </object>
    <object>
        <name>1</name>
        <bndbox>
            <xmin>194.65</xmin>
            <ymin>168.86</ymin>
            <xmax>205.76</xmax>
            <ymax>179.97</ymax>
        </bndbox>
    </object>
    <object>
        <name>1</name>
        <bndbox>
            <xmin>194.76</xmin>
            <ymin>180.80</ymin>
            <xmax>205.87</xmax>
            <ymax>191.91</ymax>
        </bndbox>
    </object>
    <object>
        <name>1</name>
        <bndbox>
            <xmin>194.36</xmin>
            <ymin>192.20</ymin>
            <xmax>205.48</xmax>
            <ymax>203.31</ymax>
        </bndbox>
    </object>
    <object>
        <name>1</name>
        <bndbox>
            <xmin>197.92</xmin>
            <ymin>216.20</ymin>
            <xmax>209.02</xmax>
            <ymax>224.00</ymax>
        </bndbox>
    </object>
    <object>
        <name>1</name>
        <bndbox>
            <xmin>117.91</xmin>
            <ymin>204.45</ymin>
            <xmax>129.02</xmax>
            <ymax>215.56</ymax>
        </bndbox>
    </object>
    <object>
        <name>1</name>
        <bndbox>
            <xmin>110.88</xmin>
            <ymin>214.57</ymin>
            <xmax>121.99</xmax>
            <ymax>224.00</ymax>
        </bndbox>
    </object>
    <object>
        <name>1</name>
        <bndbox>
            <xmin>130.57</xmin>
            <ymin>198.93</ymin>
            <xmax>141.68</xmax>
            <ymax>210.04</ymax>
        </bndbox>
    </object>
    <object>
        <name>1</name>
        <bndbox>
            <xmin>138.26</xmin>
            <ymin>189.71</ymin>
            <xmax>149.37</xmax>
            <ymax>200.82</ymax>
        </bndbox>
    </object>
    <object>
        <name>1</name>
        <bndbox>
            <xmin>147.68</xmin>
            <ymin>181.61</ymin>
            <xmax>158.79</xmax>
            <ymax>192.72</ymax>
        </bndbox>
    </object>
    <object>
        <name>1</name>
        <bndbox>
            <xmin>196.48</xmin>
            <ymin>203.64</ymin>
            <xmax>207.59</xmax>
            <ymax>214.76</ymax>
        </bndbox>
    </object>
    <object>
        <name>1</name>
        <bndbox>
            <xmin>196.93</xmin>
            <ymin>215.78</ymin>
            <xmax>208.04</xmax>
            <ymax>224.00</ymax>
        </bndbox>
    </object>
    <object>
        <name>1</name>
        <bndbox>
            <xmin>195.74</xmin>
            <ymin>203.65</ymin>
            <xmax>206.86</xmax>
            <ymax>214.76</ymax>
        </bndbox>
    </object>
    <object>
        <name>1</name>
        <bndbox>
            <xmin>195.85</xmin>
            <ymin>192.03</ymin>
            <xmax>206.96</xmax>
            <ymax>203.14</ymax>
        </bndbox>
    </object>
    <object>
        <name>1</name>
        <bndbox>
            <xmin>196.30</xmin>
            <ymin>180.37</ymin>
            <xmax>207.41</xmax>
            <ymax>191.48</ymax>
        </bndbox>
    </object>
    <object>
        <name>1</name>
        <bndbox>
            <xmin>195.57</xmin>
            <ymin>168.72</ymin>
            <xmax>206.68</xmax>
            <ymax>179.83</ymax>
        </bndbox>
    </object>
    <object>
        <name>1</name>
        <bndbox>
            <xmin>118.05</xmin>
            <ymin>204.76</ymin>
            <xmax>129.16</xmax>
            <ymax>215.88</ymax>
        </bndbox>
    </object>
    <object>
        <name>1</name>
        <bndbox>
            <xmin>130.56</xmin>
            <ymin>199.43</ymin>
            <xmax>141.67</xmax>
            <ymax>210.54</ymax>
        </bndbox>
    </object>
    <object>
        <name>1</name>
        <bndbox>
            <xmin>137.25</xmin>
            <ymin>189.99</ymin>
            <xmax>148.37</xmax>
            <ymax>201.10</ymax>
        </bndbox>
    </object>
    <object>
        <name>1</name>
        <bndbox>
            <xmin>146.89</xmin>
            <ymin>182.77</ymin>
            <xmax>158.00</xmax>
            <ymax>193.88</ymax>
        </bndbox>
    </object>
</annotation>
