<?xml version="1.0"?>
<annotation>
    <filename>000001511.jpg</filename>
    <source>
        <annotation>ArcGIS Pro 2.1</annotation>
    </source>
    <size>
        <width>224</width>
        <height>224</height>
        <depth>3</depth>
    </size>
    <object>
        <name>2</name>
        <bndbox>
            <xmin>81.93</xmin>
            <ymin>64.34</ymin>
            <xmax>126.37</xmax>
            <ymax>108.78</ymax>
        </bndbox>
    </object>
    <object>
        <name>2</name>
        <bndbox>
            <xmin>7.32</xmin>
            <ymin>24.44</ymin>
            <xmax>51.77</xmax>
            <ymax>68.88</ymax>
        </bndbox>
    </object>
</annotation>
