<?xml version="1.0"?>
<annotation>
    <filename>000002323.jpg</filename>
    <source>
        <annotation>ArcGIS Pro 2.1</annotation>
    </source>
    <size>
        <width>224</width>
        <height>224</height>
        <depth>3</depth>
    </size>
    <object>
        <name>1</name>
        <bndbox>
            <xmin>152.40</xmin>
            <ymin>190.89</ymin>
            <xmax>163.51</xmax>
            <ymax>202.00</ymax>
        </bndbox>
    </object>
    <object>
        <name>1</name>
        <bndbox>
            <xmin>50.42</xmin>
            <ymin>207.87</ymin>
            <xmax>61.53</xmax>
            <ymax>218.98</ymax>
        </bndbox>
    </object>
</annotation>
