<?xml version="1.0"?>
<annotation>
    <filename>000001368.jpg</filename>
    <source>
        <annotation>ArcGIS Pro 2.1</annotation>
    </source>
    <size>
        <width>224</width>
        <height>224</height>
        <depth>3</depth>
    </size>
    <object>
        <name>1</name>
        <bndbox>
            <xmin>31.97</xmin>
            <ymin>55.88</ymin>
            <xmax>43.08</xmax>
            <ymax>66.99</ymax>
        </bndbox>
    </object>
    <object>
        <name>1</name>
        <bndbox>
            <xmin>36.77</xmin>
            <ymin>65.30</ymin>
            <xmax>47.88</xmax>
            <ymax>76.41</ymax>
        </bndbox>
    </object>
    <object>
        <name>1</name>
        <bndbox>
            <xmin>181.67</xmin>
            <ymin>206.84</ymin>
            <xmax>192.78</xmax>
            <ymax>217.96</ymax>
        </bndbox>
    </object>
</annotation>
