<?xml version="1.0"?>
<annotation>
    <filename>000003185.jpg</filename>
    <source>
        <annotation>ArcGIS Pro 2.1</annotation>
    </source>
    <size>
        <width>224</width>
        <height>224</height>
        <depth>3</depth>
    </size>
    <object>
        <name>1</name>
        <bndbox>
            <xmin>51.50</xmin>
            <ymin>56.37</ymin>
            <xmax>62.62</xmax>
            <ymax>67.48</ymax>
        </bndbox>
    </object>
    <object>
        <name>1</name>
        <bndbox>
            <xmin>137.28</xmin>
            <ymin>15.88</ymin>
            <xmax>148.39</xmax>
            <ymax>26.99</ymax>
        </bndbox>
    </object>
</annotation>
