<?xml version="1.0"?>
<annotation>
    <filename>000001144.jpg</filename>
    <source>
        <annotation>ArcGIS Pro 2.1</annotation>
    </source>
    <size>
        <width>224</width>
        <height>224</height>
        <depth>3</depth>
    </size>
    <object>
        <name>1</name>
        <bndbox>
            <xmin>190.38</xmin>
            <ymin>194.78</ymin>
            <xmax>201.49</xmax>
            <ymax>205.90</ymax>
        </bndbox>
    </object>
</annotation>
