<?xml version="1.0"?>
<annotation>
    <filename>000001169.jpg</filename>
    <source>
        <annotation>ArcGIS Pro 2.1</annotation>
    </source>
    <size>
        <width>224</width>
        <height>224</height>
        <depth>3</depth>
    </size>
    <object>
        <name>2</name>
        <bndbox>
            <xmin>210.12</xmin>
            <ymin>0.00</ymin>
            <xmax>224.00</xmax>
            <ymax>4.30</ymax>
        </bndbox>
    </object>
    <object>
        <name>2</name>
        <bndbox>
            <xmin>14.98</xmin>
            <ymin>0.00</ymin>
            <xmax>58.47</xmax>
            <ymax>17.63</ymax>
        </bndbox>
    </object>
    <object>
        <name>1</name>
        <bndbox>
            <xmin>216.32</xmin>
            <ymin>119.54</ymin>
            <xmax>224.00</xmax>
            <ymax>130.65</ymax>
        </bndbox>
    </object>
</annotation>
