<?xml version="1.0"?>
<annotation>
    <filename>000002365.jpg</filename>
    <source>
        <annotation>ArcGIS Pro 2.1</annotation>
    </source>
    <size>
        <width>224</width>
        <height>224</height>
        <depth>3</depth>
    </size>
    <object>
        <name>2</name>
        <bndbox>
            <xmin>185.67</xmin>
            <ymin>2.25</ymin>
            <xmax>224.00</xmax>
            <ymax>46.70</ymax>
        </bndbox>
    </object>
    <object>
        <name>2</name>
        <bndbox>
            <xmin>220.42</xmin>
            <ymin>0.00</ymin>
            <xmax>224.00</xmax>
            <ymax>10.63</ymax>
        </bndbox>
    </object>
    <object>
        <name>1</name>
        <bndbox>
            <xmin>160.92</xmin>
            <ymin>172.90</ymin>
            <xmax>172.03</xmax>
            <ymax>184.01</ymax>
        </bndbox>
    </object>
    <object>
        <name>1</name>
        <bndbox>
            <xmin>146.72</xmin>
            <ymin>215.32</ymin>
            <xmax>157.83</xmax>
            <ymax>224.00</ymax>
        </bndbox>
    </object>
</annotation>
