<?xml version="1.0"?>
<annotation>
    <filename>000001360.jpg</filename>
    <source>
        <annotation>ArcGIS Pro 2.1</annotation>
    </source>
    <size>
        <width>224</width>
        <height>224</height>
        <depth>3</depth>
    </size>
    <object>
        <name>2</name>
        <bndbox>
            <xmin>0.00</xmin>
            <ymin>149.94</ymin>
            <xmax>5.67</xmax>
            <ymax>179.59</ymax>
        </bndbox>
    </object>
    <object>
        <name>1</name>
        <bndbox>
            <xmin>51.44</xmin>
            <ymin>117.91</ymin>
            <xmax>62.55</xmax>
            <ymax>129.02</ymax>
        </bndbox>
    </object>
    <object>
        <name>1</name>
        <bndbox>
            <xmin>100.23</xmin>
            <ymin>204.75</ymin>
            <xmax>111.34</xmax>
            <ymax>215.86</ymax>
        </bndbox>
    </object>
    <object>
        <name>1</name>
        <bndbox>
            <xmin>194.96</xmin>
            <ymin>49.31</ymin>
            <xmax>206.07</xmax>
            <ymax>60.42</ymax>
        </bndbox>
    </object>
    <object>
        <name>1</name>
        <bndbox>
            <xmin>193.21</xmin>
            <ymin>36.46</ymin>
            <xmax>204.32</xmax>
            <ymax>47.57</ymax>
        </bndbox>
    </object>
</annotation>
