<?xml version="1.0"?>
<annotation>
    <filename>000003746.jpg</filename>
    <source>
        <annotation>ArcGIS Pro 2.1</annotation>
    </source>
    <size>
        <width>224</width>
        <height>224</height>
        <depth>3</depth>
    </size>
    <object>
        <name>1</name>
        <bndbox>
            <xmin>0.49</xmin>
            <ymin>175.30</ymin>
            <xmax>11.60</xmax>
            <ymax>186.41</ymax>
        </bndbox>
    </object>
    <object>
        <name>1</name>
        <bndbox>
            <xmin>16.02</xmin>
            <ymin>156.41</ymin>
            <xmax>27.13</xmax>
            <ymax>167.52</ymax>
        </bndbox>
    </object>
    <object>
        <name>1</name>
        <bndbox>
            <xmin>189.98</xmin>
            <ymin>138.95</ymin>
            <xmax>201.10</xmax>
            <ymax>150.06</ymax>
        </bndbox>
    </object>
    <object>
        <name>1</name>
        <bndbox>
            <xmin>202.47</xmin>
            <ymin>166.10</ymin>
            <xmax>213.58</xmax>
            <ymax>177.21</ymax>
        </bndbox>
    </object>
</annotation>
