<?xml version="1.0"?>
<annotation>
    <filename>000001072.jpg</filename>
    <source>
        <annotation>ArcGIS Pro 2.1</annotation>
    </source>
    <size>
        <width>224</width>
        <height>224</height>
        <depth>3</depth>
    </size>
    <object>
        <name>2</name>
        <bndbox>
            <xmin>223.84</xmin>
            <ymin>0.00</ymin>
            <xmax>224.00</xmax>
            <ymax>0.41</ymax>
        </bndbox>
    </object>
    <object>
        <name>2</name>
        <bndbox>
            <xmin>126.89</xmin>
            <ymin>50.91</ymin>
            <xmax>171.33</xmax>
            <ymax>95.36</ymax>
        </bndbox>
    </object>
    <object>
        <name>2</name>
        <bndbox>
            <xmin>0.00</xmin>
            <ymin>209.75</ymin>
            <xmax>32.07</xmax>
            <ymax>224.00</ymax>
        </bndbox>
    </object>
</annotation>
