<?xml version="1.0"?>
<annotation>
    <filename>000003319.jpg</filename>
    <source>
        <annotation>ArcGIS Pro 2.1</annotation>
    </source>
    <size>
        <width>224</width>
        <height>224</height>
        <depth>3</depth>
    </size>
    <object>
        <name>1</name>
        <bndbox>
            <xmin>138.00</xmin>
            <ymin>126.48</ymin>
            <xmax>149.11</xmax>
            <ymax>137.59</ymax>
        </bndbox>
    </object>
</annotation>
