<?xml version="1.0"?>
<annotation>
    <filename>000001223.jpg</filename>
    <source>
        <annotation>ArcGIS Pro 2.1</annotation>
    </source>
    <size>
        <width>224</width>
        <height>224</height>
        <depth>3</depth>
    </size>
    <object>
        <name>2</name>
        <bndbox>
            <xmin>10.41</xmin>
            <ymin>161.13</ymin>
            <xmax>54.85</xmax>
            <ymax>205.57</ymax>
        </bndbox>
    </object>
    <object>
        <name>2</name>
        <bndbox>
            <xmin>0.00</xmin>
            <ymin>65.82</ymin>
            <xmax>18.55</xmax>
            <ymax>109.64</ymax>
        </bndbox>
    </object>
    <object>
        <name>1</name>
        <bndbox>
            <xmin>84.80</xmin>
            <ymin>0.00</ymin>
            <xmax>93.67</xmax>
            <ymax>2.21</ymax>
        </bndbox>
    </object>
    <object>
        <name>1</name>
        <bndbox>
            <xmin>98.62</xmin>
            <ymin>12.79</ymin>
            <xmax>109.74</xmax>
            <ymax>23.90</ymax>
        </bndbox>
    </object>
    <object>
        <name>1</name>
        <bndbox>
            <xmin>130.88</xmin>
            <ymin>66.53</ymin>
            <xmax>141.99</xmax>
            <ymax>77.65</ymax>
        </bndbox>
    </object>
</annotation>
