<?xml version="1.0"?>
<annotation>
    <filename>000000996.jpg</filename>
    <source>
        <annotation>ArcGIS Pro 2.1</annotation>
    </source>
    <size>
        <width>224</width>
        <height>224</height>
        <depth>3</depth>
    </size>
    <object>
        <name>1</name>
        <bndbox>
            <xmin>140.47</xmin>
            <ymin>123.53</ymin>
            <xmax>151.58</xmax>
            <ymax>134.64</ymax>
        </bndbox>
    </object>
    <object>
        <name>1</name>
        <bndbox>
            <xmin>164.47</xmin>
            <ymin>70.60</ymin>
            <xmax>175.58</xmax>
            <ymax>81.71</ymax>
        </bndbox>
    </object>
    <object>
        <name>1</name>
        <bndbox>
            <xmin>108.97</xmin>
            <ymin>2.47</ymin>
            <xmax>120.08</xmax>
            <ymax>13.58</ymax>
        </bndbox>
    </object>
    <object>
        <name>1</name>
        <bndbox>
            <xmin>96.79</xmin>
            <ymin>0.48</ymin>
            <xmax>107.90</xmax>
            <ymax>11.59</ymax>
        </bndbox>
    </object>
    <object>
        <name>1</name>
        <bndbox>
            <xmin>36.04</xmin>
            <ymin>19.69</ymin>
            <xmax>47.15</xmax>
            <ymax>30.80</ymax>
        </bndbox>
    </object>
</annotation>
