<?xml version="1.0"?>
<annotation>
    <filename>000001558.jpg</filename>
    <source>
        <annotation>ArcGIS Pro 2.1</annotation>
    </source>
    <size>
        <width>224</width>
        <height>224</height>
        <depth>3</depth>
    </size>
    <object>
        <name>1</name>
        <bndbox>
            <xmin>13.64</xmin>
            <ymin>101.23</ymin>
            <xmax>24.75</xmax>
            <ymax>112.34</ymax>
        </bndbox>
    </object>
    <object>
        <name>1</name>
        <bndbox>
            <xmin>10.03</xmin>
            <ymin>139.12</ymin>
            <xmax>21.14</xmax>
            <ymax>150.23</ymax>
        </bndbox>
    </object>
    <object>
        <name>1</name>
        <bndbox>
            <xmin>79.12</xmin>
            <ymin>55.11</ymin>
            <xmax>90.23</xmax>
            <ymax>66.22</ymax>
        </bndbox>
    </object>
</annotation>
