<?xml version="1.0"?>
<annotation>
    <filename>000001988.jpg</filename>
    <source>
        <annotation>ArcGIS Pro 2.1</annotation>
    </source>
    <size>
        <width>224</width>
        <height>224</height>
        <depth>3</depth>
    </size>
    <object>
        <name>1</name>
        <bndbox>
            <xmin>49.96</xmin>
            <ymin>152.50</ymin>
            <xmax>61.07</xmax>
            <ymax>163.61</ymax>
        </bndbox>
    </object>
    <object>
        <name>1</name>
        <bndbox>
            <xmin>119.77</xmin>
            <ymin>63.51</ymin>
            <xmax>130.88</xmax>
            <ymax>74.62</ymax>
        </bndbox>
    </object>
    <object>
        <name>1</name>
        <bndbox>
            <xmin>148.36</xmin>
            <ymin>52.50</ymin>
            <xmax>159.47</xmax>
            <ymax>63.61</ymax>
        </bndbox>
    </object>
    <object>
        <name>1</name>
        <bndbox>
            <xmin>60.70</xmin>
            <ymin>184.18</ymin>
            <xmax>71.81</xmax>
            <ymax>195.29</ymax>
        </bndbox>
    </object>
</annotation>
