<?xml version="1.0"?>
<annotation>
    <filename>000003014.jpg</filename>
    <source>
        <annotation>ArcGIS Pro 2.1</annotation>
    </source>
    <size>
        <width>224</width>
        <height>224</height>
        <depth>3</depth>
    </size>
    <object>
        <name>2</name>
        <bndbox>
            <xmin>166.70</xmin>
            <ymin>63.74</ymin>
            <xmax>211.14</xmax>
            <ymax>108.18</ymax>
        </bndbox>
    </object>
    <object>
        <name>2</name>
        <bndbox>
            <xmin>109.46</xmin>
            <ymin>0.00</ymin>
            <xmax>139.52</xmax>
            <ymax>5.85</ymax>
        </bndbox>
    </object>
    <object>
        <name>2</name>
        <bndbox>
            <xmin>44.15</xmin>
            <ymin>76.37</ymin>
            <xmax>88.60</xmax>
            <ymax>120.82</ymax>
        </bndbox>
    </object>
</annotation>
