<?xml version="1.0"?>
<annotation>
    <filename>000001209.jpg</filename>
    <source>
        <annotation>ArcGIS Pro 2.1</annotation>
    </source>
    <size>
        <width>224</width>
        <height>224</height>
        <depth>3</depth>
    </size>
    <object>
        <name>1</name>
        <bndbox>
            <xmin>112.42</xmin>
            <ymin>24.12</ymin>
            <xmax>123.53</xmax>
            <ymax>35.23</ymax>
        </bndbox>
    </object>
    <object>
        <name>1</name>
        <bndbox>
            <xmin>28.12</xmin>
            <ymin>210.51</ymin>
            <xmax>39.23</xmax>
            <ymax>221.62</ymax>
        </bndbox>
    </object>
</annotation>
