<?xml version="1.0"?>
<annotation>
    <filename>000002398.jpg</filename>
    <source>
        <annotation>ArcGIS Pro 2.1</annotation>
    </source>
    <size>
        <width>224</width>
        <height>224</height>
        <depth>3</depth>
    </size>
    <object>
        <name>2</name>
        <bndbox>
            <xmin>6.95</xmin>
            <ymin>58.26</ymin>
            <xmax>51.40</xmax>
            <ymax>102.71</ymax>
        </bndbox>
    </object>
    <object>
        <name>1</name>
        <bndbox>
            <xmin>214.05</xmin>
            <ymin>0.00</ymin>
            <xmax>218.30</xmax>
            <ymax>0.42</ymax>
        </bndbox>
    </object>
    <object>
        <name>1</name>
        <bndbox>
            <xmin>211.12</xmin>
            <ymin>143.01</ymin>
            <xmax>222.23</xmax>
            <ymax>154.12</ymax>
        </bndbox>
    </object>
    <object>
        <name>1</name>
        <bndbox>
            <xmin>177.57</xmin>
            <ymin>213.77</ymin>
            <xmax>188.68</xmax>
            <ymax>224.00</ymax>
        </bndbox>
    </object>
    <object>
        <name>1</name>
        <bndbox>
            <xmin>51.84</xmin>
            <ymin>201.37</ymin>
            <xmax>62.95</xmax>
            <ymax>212.48</ymax>
        </bndbox>
    </object>
    <object>
        <name>1</name>
        <bndbox>
            <xmin>48.46</xmin>
            <ymin>213.21</ymin>
            <xmax>59.56</xmax>
            <ymax>224.00</ymax>
        </bndbox>
    </object>
</annotation>
