<?xml version="1.0"?>
<annotation>
    <filename>000002366.jpg</filename>
    <source>
        <annotation>ArcGIS Pro 2.1</annotation>
    </source>
    <size>
        <width>224</width>
        <height>224</height>
        <depth>3</depth>
    </size>
    <object>
        <name>2</name>
        <bndbox>
            <xmin>89.47</xmin>
            <ymin>195.60</ymin>
            <xmax>133.92</xmax>
            <ymax>224.00</ymax>
        </bndbox>
    </object>
    <object>
        <name>1</name>
        <bndbox>
            <xmin>218.60</xmin>
            <ymin>178.37</ymin>
            <xmax>224.00</xmax>
            <ymax>189.47</ymax>
        </bndbox>
    </object>
    <object>
        <name>1</name>
        <bndbox>
            <xmin>206.16</xmin>
            <ymin>173.22</ymin>
            <xmax>217.27</xmax>
            <ymax>184.33</ymax>
        </bndbox>
    </object>
</annotation>
