<?xml version="1.0"?>
<annotation>
    <filename>000000070.jpg</filename>
    <source>
        <annotation>ArcGIS Pro 2.1</annotation>
    </source>
    <size>
        <width>224</width>
        <height>224</height>
        <depth>3</depth>
    </size>
    <object>
        <name>2</name>
        <bndbox>
            <xmin>0.00</xmin>
            <ymin>67.73</ymin>
            <xmax>17.66</xmax>
            <ymax>111.22</ymax>
        </bndbox>
    </object>
    <object>
        <name>1</name>
        <bndbox>
            <xmin>80.02</xmin>
            <ymin>213.39</ymin>
            <xmax>91.12</xmax>
            <ymax>224.00</ymax>
        </bndbox>
    </object>
    <object>
        <name>1</name>
        <bndbox>
            <xmin>0.00</xmin>
            <ymin>183.89</ymin>
            <xmax>6.03</xmax>
            <ymax>195.00</ymax>
        </bndbox>
    </object>
    <object>
        <name>1</name>
        <bndbox>
            <xmin>11.72</xmin>
            <ymin>183.67</ymin>
            <xmax>22.83</xmax>
            <ymax>194.78</ymax>
        </bndbox>
    </object>
    <object>
        <name>1</name>
        <bndbox>
            <xmin>146.04</xmin>
            <ymin>87.69</ymin>
            <xmax>157.15</xmax>
            <ymax>98.80</ymax>
        </bndbox>
    </object>
    <object>
        <name>1</name>
        <bndbox>
            <xmin>163.91</xmin>
            <ymin>162.30</ymin>
            <xmax>175.02</xmax>
            <ymax>173.41</ymax>
        </bndbox>
    </object>
</annotation>
