<?xml version="1.0"?>
<annotation>
    <filename>000003403.jpg</filename>
    <source>
        <annotation>ArcGIS Pro 2.1</annotation>
    </source>
    <size>
        <width>224</width>
        <height>224</height>
        <depth>3</depth>
    </size>
    <object>
        <name>2</name>
        <bndbox>
            <xmin>116.46</xmin>
            <ymin>0.00</ymin>
            <xmax>160.90</xmax>
            <ymax>27.61</ymax>
        </bndbox>
    </object>
    <object>
        <name>2</name>
        <bndbox>
            <xmin>52.03</xmin>
            <ymin>93.08</ymin>
            <xmax>96.47</xmax>
            <ymax>137.52</ymax>
        </bndbox>
    </object>
    <object>
        <name>1</name>
        <bndbox>
            <xmin>2.65</xmin>
            <ymin>93.13</ymin>
            <xmax>13.76</xmax>
            <ymax>104.24</ymax>
        </bndbox>
    </object>
    <object>
        <name>1</name>
        <bndbox>
            <xmin>14.54</xmin>
            <ymin>102.32</ymin>
            <xmax>25.65</xmax>
            <ymax>113.43</ymax>
        </bndbox>
    </object>
</annotation>
