<?xml version="1.0"?>
<annotation>
    <filename>000001876.jpg</filename>
    <source>
        <annotation>ArcGIS Pro 2.1</annotation>
    </source>
    <size>
        <width>224</width>
        <height>224</height>
        <depth>3</depth>
    </size>
    <object>
        <name>1</name>
        <bndbox>
            <xmin>61.03</xmin>
            <ymin>154.83</ymin>
            <xmax>72.14</xmax>
            <ymax>165.94</ymax>
        </bndbox>
    </object>
    <object>
        <name>1</name>
        <bndbox>
            <xmin>179.20</xmin>
            <ymin>73.60</ymin>
            <xmax>190.31</xmax>
            <ymax>84.72</ymax>
        </bndbox>
    </object>
    <object>
        <name>1</name>
        <bndbox>
            <xmin>170.49</xmin>
            <ymin>42.93</ymin>
            <xmax>181.60</xmax>
            <ymax>54.04</ymax>
        </bndbox>
    </object>
    <object>
        <name>1</name>
        <bndbox>
            <xmin>134.23</xmin>
            <ymin>32.47</ymin>
            <xmax>145.34</xmax>
            <ymax>43.58</ymax>
        </bndbox>
    </object>
</annotation>
