<?xml version="1.0"?>
<annotation>
    <filename>000001471.jpg</filename>
    <source>
        <annotation>ArcGIS Pro 2.1</annotation>
    </source>
    <size>
        <width>224</width>
        <height>224</height>
        <depth>3</depth>
    </size>
    <object>
        <name>1</name>
        <bndbox>
            <xmin>133.48</xmin>
            <ymin>0.08</ymin>
            <xmax>144.59</xmax>
            <ymax>11.20</ymax>
        </bndbox>
    </object>
    <object>
        <name>1</name>
        <bndbox>
            <xmin>159.19</xmin>
            <ymin>151.98</ymin>
            <xmax>170.31</xmax>
            <ymax>163.09</ymax>
        </bndbox>
    </object>
    <object>
        <name>1</name>
        <bndbox>
            <xmin>118.37</xmin>
            <ymin>86.56</ymin>
            <xmax>129.48</xmax>
            <ymax>97.67</ymax>
        </bndbox>
    </object>
    <object>
        <name>1</name>
        <bndbox>
            <xmin>161.15</xmin>
            <ymin>97.12</ymin>
            <xmax>172.26</xmax>
            <ymax>108.23</ymax>
        </bndbox>
    </object>
    <object>
        <name>1</name>
        <bndbox>
            <xmin>59.02</xmin>
            <ymin>174.13</ymin>
            <xmax>70.13</xmax>
            <ymax>185.24</ymax>
        </bndbox>
    </object>
</annotation>
