<?xml version="1.0"?>
<annotation>
    <filename>000000782.jpg</filename>
    <source>
        <annotation>ArcGIS Pro 2.1</annotation>
    </source>
    <size>
        <width>224</width>
        <height>224</height>
        <depth>3</depth>
    </size>
    <object>
        <name>1</name>
        <bndbox>
            <xmin>157.06</xmin>
            <ymin>54.36</ymin>
            <xmax>168.17</xmax>
            <ymax>65.47</ymax>
        </bndbox>
    </object>
    <object>
        <name>1</name>
        <bndbox>
            <xmin>69.94</xmin>
            <ymin>47.25</ymin>
            <xmax>81.05</xmax>
            <ymax>58.36</ymax>
        </bndbox>
    </object>
    <object>
        <name>1</name>
        <bndbox>
            <xmin>196.51</xmin>
            <ymin>63.89</ymin>
            <xmax>207.62</xmax>
            <ymax>75.00</ymax>
        </bndbox>
    </object>
    <object>
        <name>1</name>
        <bndbox>
            <xmin>87.52</xmin>
            <ymin>59.22</ymin>
            <xmax>98.63</xmax>
            <ymax>70.33</ymax>
        </bndbox>
    </object>
    <object>
        <name>1</name>
        <bndbox>
            <xmin>67.14</xmin>
            <ymin>71.93</ymin>
            <xmax>78.25</xmax>
            <ymax>83.04</ymax>
        </bndbox>
    </object>
    <object>
        <name>1</name>
        <bndbox>
            <xmin>190.52</xmin>
            <ymin>102.21</ymin>
            <xmax>201.63</xmax>
            <ymax>113.33</ymax>
        </bndbox>
    </object>
    <object>
        <name>1</name>
        <bndbox>
            <xmin>216.46</xmin>
            <ymin>142.42</ymin>
            <xmax>224.00</xmax>
            <ymax>153.53</ymax>
        </bndbox>
    </object>
    <object>
        <name>1</name>
        <bndbox>
            <xmin>83.52</xmin>
            <ymin>0.00</ymin>
            <xmax>94.63</xmax>
            <ymax>10.49</ymax>
        </bndbox>
    </object>
</annotation>
