<?xml version="1.0"?>
<annotation>
    <filename>000000724.jpg</filename>
    <source>
        <annotation>ArcGIS Pro 2.1</annotation>
    </source>
    <size>
        <width>224</width>
        <height>224</height>
        <depth>3</depth>
    </size>
    <object>
        <name>2</name>
        <bndbox>
            <xmin>0.00</xmin>
            <ymin>161.19</ymin>
            <xmax>0.68</xmax>
            <ymax>172.10</ymax>
        </bndbox>
    </object>
    <object>
        <name>2</name>
        <bndbox>
            <xmin>59.51</xmin>
            <ymin>0.00</ymin>
            <xmax>103.94</xmax>
            <ymax>36.74</ymax>
        </bndbox>
    </object>
    <object>
        <name>2</name>
        <bndbox>
            <xmin>170.54</xmin>
            <ymin>6.73</ymin>
            <xmax>214.98</xmax>
            <ymax>51.18</ymax>
        </bndbox>
    </object>
</annotation>
