<?xml version="1.0"?>
<annotation>
    <filename>000003745.jpg</filename>
    <source>
        <annotation>ArcGIS Pro 2.1</annotation>
    </source>
    <size>
        <width>224</width>
        <height>224</height>
        <depth>3</depth>
    </size>
    <object>
        <name>1</name>
        <bndbox>
            <xmin>119.66</xmin>
            <ymin>207.27</ymin>
            <xmax>130.77</xmax>
            <ymax>218.38</ymax>
        </bndbox>
    </object>
    <object>
        <name>1</name>
        <bndbox>
            <xmin>146.79</xmin>
            <ymin>164.53</ymin>
            <xmax>157.90</xmax>
            <ymax>175.65</ymax>
        </bndbox>
    </object>
    <object>
        <name>1</name>
        <bndbox>
            <xmin>142.34</xmin>
            <ymin>176.29</ymin>
            <xmax>153.45</xmax>
            <ymax>187.40</ymax>
        </bndbox>
    </object>
    <object>
        <name>1</name>
        <bndbox>
            <xmin>135.63</xmin>
            <ymin>184.82</ymin>
            <xmax>146.74</xmax>
            <ymax>195.93</ymax>
        </bndbox>
    </object>
    <object>
        <name>1</name>
        <bndbox>
            <xmin>128.51</xmin>
            <ymin>195.70</ymin>
            <xmax>139.62</xmax>
            <ymax>206.81</ymax>
        </bndbox>
    </object>
    <object>
        <name>1</name>
        <bndbox>
            <xmin>99.27</xmin>
            <ymin>84.66</ymin>
            <xmax>110.39</xmax>
            <ymax>95.77</ymax>
        </bndbox>
    </object>
    <object>
        <name>1</name>
        <bndbox>
            <xmin>112.49</xmin>
            <ymin>63.30</ymin>
            <xmax>123.60</xmax>
            <ymax>74.41</ymax>
        </bndbox>
    </object>
    <object>
        <name>1</name>
        <bndbox>
            <xmin>83.79</xmin>
            <ymin>109.30</ymin>
            <xmax>94.90</xmax>
            <ymax>120.41</ymax>
        </bndbox>
    </object>
    <object>
        <name>1</name>
        <bndbox>
            <xmin>128.02</xmin>
            <ymin>44.41</ymin>
            <xmax>139.13</xmax>
            <ymax>55.52</ymax>
        </bndbox>
    </object>
    <object>
        <name>1</name>
        <bndbox>
            <xmin>189.79</xmin>
            <ymin>143.45</ymin>
            <xmax>200.90</xmax>
            <ymax>154.57</ymax>
        </bndbox>
    </object>
    <object>
        <name>1</name>
        <bndbox>
            <xmin>196.98</xmin>
            <ymin>164.09</ymin>
            <xmax>208.09</xmax>
            <ymax>175.20</ymax>
        </bndbox>
    </object>
    <object>
        <name>1</name>
        <bndbox>
            <xmin>94.17</xmin>
            <ymin>170.84</ymin>
            <xmax>105.28</xmax>
            <ymax>181.95</ymax>
        </bndbox>
    </object>
    <object>
        <name>1</name>
        <bndbox>
            <xmin>78.68</xmin>
            <ymin>192.55</ymin>
            <xmax>89.79</xmax>
            <ymax>203.66</ymax>
        </bndbox>
    </object>
    <object>
        <name>1</name>
        <bndbox>
            <xmin>208.30</xmin>
            <ymin>183.21</ymin>
            <xmax>219.41</xmax>
            <ymax>194.32</ymax>
        </bndbox>
    </object>
    <object>
        <name>1</name>
        <bndbox>
            <xmin>18.52</xmin>
            <ymin>65.90</ymin>
            <xmax>29.63</xmax>
            <ymax>77.02</ymax>
        </bndbox>
    </object>
</annotation>
