<?xml version="1.0"?>
<annotation>
    <filename>000001152.jpg</filename>
    <source>
        <annotation>ArcGIS Pro 2.1</annotation>
    </source>
    <size>
        <width>224</width>
        <height>224</height>
        <depth>3</depth>
    </size>
    <object>
        <name>1</name>
        <bndbox>
            <xmin>49.42</xmin>
            <ymin>0.00</ymin>
            <xmax>60.53</xmax>
            <ymax>5.48</ymax>
        </bndbox>
    </object>
    <object>
        <name>1</name>
        <bndbox>
            <xmin>0.00</xmin>
            <ymin>130.08</ymin>
            <xmax>7.34</xmax>
            <ymax>141.19</ymax>
        </bndbox>
    </object>
    <object>
        <name>1</name>
        <bndbox>
            <xmin>19.12</xmin>
            <ymin>161.19</ymin>
            <xmax>30.23</xmax>
            <ymax>172.30</ymax>
        </bndbox>
    </object>
</annotation>
