<?xml version="1.0"?>
<annotation>
    <filename>000000022.jpg</filename>
    <source>
        <annotation>ArcGIS Pro 2.1</annotation>
    </source>
    <size>
        <width>224</width>
        <height>224</height>
        <depth>3</depth>
    </size>
    <object>
        <name>2</name>
        <bndbox>
            <xmin>150.11</xmin>
            <ymin>141.85</ymin>
            <xmax>194.56</xmax>
            <ymax>186.30</ymax>
        </bndbox>
    </object>
    <object>
        <name>2</name>
        <bndbox>
            <xmin>198.97</xmin>
            <ymin>106.32</ymin>
            <xmax>224.00</xmax>
            <ymax>150.76</ymax>
        </bndbox>
    </object>
    <object>
        <name>2</name>
        <bndbox>
            <xmin>125.69</xmin>
            <ymin>80.78</ymin>
            <xmax>170.13</xmax>
            <ymax>125.23</ymax>
        </bndbox>
    </object>
    <object>
        <name>2</name>
        <bndbox>
            <xmin>55.88</xmin>
            <ymin>0.00</ymin>
            <xmax>100.04</xmax>
            <ymax>19.74</ymax>
        </bndbox>
    </object>
</annotation>
