<?xml version="1.0"?>
<annotation>
    <filename>000000005.jpg</filename>
    <source>
        <annotation>ArcGIS Pro 2.1</annotation>
    </source>
    <size>
        <width>224</width>
        <height>224</height>
        <depth>3</depth>
    </size>
    <object>
        <name>1</name>
        <bndbox>
            <xmin>129.11</xmin>
            <ymin>163.06</ymin>
            <xmax>140.22</xmax>
            <ymax>174.17</ymax>
        </bndbox>
    </object>
    <object>
        <name>1</name>
        <bndbox>
            <xmin>185.33</xmin>
            <ymin>175.36</ymin>
            <xmax>196.44</xmax>
            <ymax>186.47</ymax>
        </bndbox>
    </object>
    <object>
        <name>1</name>
        <bndbox>
            <xmin>190.43</xmin>
            <ymin>185.61</ymin>
            <xmax>201.54</xmax>
            <ymax>196.72</ymax>
        </bndbox>
    </object>
    <object>
        <name>1</name>
        <bndbox>
            <xmin>92.28</xmin>
            <ymin>211.13</ymin>
            <xmax>103.39</xmax>
            <ymax>222.24</ymax>
        </bndbox>
    </object>
    <object>
        <name>1</name>
        <bndbox>
            <xmin>205.25</xmin>
            <ymin>207.52</ymin>
            <xmax>216.36</xmax>
            <ymax>218.63</ymax>
        </bndbox>
    </object>
    <object>
        <name>1</name>
        <bndbox>
            <xmin>192.66</xmin>
            <ymin>70.54</ymin>
            <xmax>203.77</xmax>
            <ymax>81.65</ymax>
        </bndbox>
    </object>
    <object>
        <name>1</name>
        <bndbox>
            <xmin>201.44</xmin>
            <ymin>63.81</ymin>
            <xmax>212.55</xmax>
            <ymax>74.92</ymax>
        </bndbox>
    </object>
    <object>
        <name>1</name>
        <bndbox>
            <xmin>211.02</xmin>
            <ymin>56.17</ymin>
            <xmax>222.13</xmax>
            <ymax>67.28</ymax>
        </bndbox>
    </object>
    <object>
        <name>1</name>
        <bndbox>
            <xmin>221.63</xmin>
            <ymin>50.44</ymin>
            <xmax>224.00</xmax>
            <ymax>59.55</ymax>
        </bndbox>
    </object>
    <object>
        <name>1</name>
        <bndbox>
            <xmin>150.57</xmin>
            <ymin>124.37</ymin>
            <xmax>161.68</xmax>
            <ymax>135.48</ymax>
        </bndbox>
    </object>
    <object>
        <name>1</name>
        <bndbox>
            <xmin>170.42</xmin>
            <ymin>155.50</ymin>
            <xmax>181.53</xmax>
            <ymax>166.62</ymax>
        </bndbox>
    </object>
    <object>
        <name>1</name>
        <bndbox>
            <xmin>102.04</xmin>
            <ymin>120.53</ymin>
            <xmax>113.15</xmax>
            <ymax>131.64</ymax>
        </bndbox>
    </object>
    <object>
        <name>1</name>
        <bndbox>
            <xmin>106.49</xmin>
            <ymin>132.50</ymin>
            <xmax>117.60</xmax>
            <ymax>143.61</ymax>
        </bndbox>
    </object>
    <object>
        <name>1</name>
        <bndbox>
            <xmin>114.81</xmin>
            <ymin>141.33</ymin>
            <xmax>125.92</xmax>
            <ymax>152.44</ymax>
        </bndbox>
    </object>
</annotation>
