<?xml version="1.0"?>
<annotation>
    <filename>000000735.jpg</filename>
    <source>
        <annotation>ArcGIS Pro 2.1</annotation>
    </source>
    <size>
        <width>224</width>
        <height>224</height>
        <depth>3</depth>
    </size>
    <object>
        <name>1</name>
        <bndbox>
            <xmin>52.23</xmin>
            <ymin>221.99</ymin>
            <xmax>60.79</xmax>
            <ymax>224.00</ymax>
        </bndbox>
    </object>
    <object>
        <name>1</name>
        <bndbox>
            <xmin>42.92</xmin>
            <ymin>212.92</ymin>
            <xmax>54.03</xmax>
            <ymax>224.00</ymax>
        </bndbox>
    </object>
    <object>
        <name>1</name>
        <bndbox>
            <xmin>122.88</xmin>
            <ymin>33.24</ymin>
            <xmax>133.99</xmax>
            <ymax>44.35</ymax>
        </bndbox>
    </object>
    <object>
        <name>1</name>
        <bndbox>
            <xmin>81.86</xmin>
            <ymin>171.58</ymin>
            <xmax>92.97</xmax>
            <ymax>182.69</ymax>
        </bndbox>
    </object>
</annotation>
