<?xml version="1.0"?>
<annotation>
    <filename>000003471.jpg</filename>
    <source>
        <annotation>ArcGIS Pro 2.1</annotation>
    </source>
    <size>
        <width>224</width>
        <height>224</height>
        <depth>3</depth>
    </size>
    <object>
        <name>1</name>
        <bndbox>
            <xmin>25.13</xmin>
            <ymin>75.05</ymin>
            <xmax>36.24</xmax>
            <ymax>86.16</ymax>
        </bndbox>
    </object>
    <object>
        <name>1</name>
        <bndbox>
            <xmin>37.55</xmin>
            <ymin>96.91</ymin>
            <xmax>48.66</xmax>
            <ymax>108.02</ymax>
        </bndbox>
    </object>
    <object>
        <name>1</name>
        <bndbox>
            <xmin>50.11</xmin>
            <ymin>114.74</ymin>
            <xmax>61.22</xmax>
            <ymax>125.86</ymax>
        </bndbox>
    </object>
    <object>
        <name>1</name>
        <bndbox>
            <xmin>0.00</xmin>
            <ymin>192.14</ymin>
            <xmax>9.36</xmax>
            <ymax>203.25</ymax>
        </bndbox>
    </object>
    <object>
        <name>1</name>
        <bndbox>
            <xmin>7.74</xmin>
            <ymin>185.44</ymin>
            <xmax>18.86</xmax>
            <ymax>196.55</ymax>
        </bndbox>
    </object>
    <object>
        <name>1</name>
        <bndbox>
            <xmin>22.58</xmin>
            <ymin>173.30</ymin>
            <xmax>33.69</xmax>
            <ymax>184.41</ymax>
        </bndbox>
    </object>
    <object>
        <name>1</name>
        <bndbox>
            <xmin>51.80</xmin>
            <ymin>155.57</ymin>
            <xmax>62.91</xmax>
            <ymax>166.68</ymax>
        </bndbox>
    </object>
    <object>
        <name>1</name>
        <bndbox>
            <xmin>73.12</xmin>
            <ymin>185.96</ymin>
            <xmax>84.23</xmax>
            <ymax>197.08</ymax>
        </bndbox>
    </object>
    <object>
        <name>1</name>
        <bndbox>
            <xmin>63.42</xmin>
            <ymin>191.95</ymin>
            <xmax>74.53</xmax>
            <ymax>203.06</ymax>
        </bndbox>
    </object>
    <object>
        <name>1</name>
        <bndbox>
            <xmin>49.38</xmin>
            <ymin>197.91</ymin>
            <xmax>60.49</xmax>
            <ymax>209.02</ymax>
        </bndbox>
    </object>
    <object>
        <name>1</name>
        <bndbox>
            <xmin>41.66</xmin>
            <ymin>204.32</ymin>
            <xmax>52.77</xmax>
            <ymax>215.43</ymax>
        </bndbox>
    </object>
    <object>
        <name>1</name>
        <bndbox>
            <xmin>28.77</xmin>
            <ymin>214.30</ymin>
            <xmax>39.88</xmax>
            <ymax>224.00</ymax>
        </bndbox>
    </object>
    <object>
        <name>1</name>
        <bndbox>
            <xmin>18.96</xmin>
            <ymin>221.43</ymin>
            <xmax>28.33</xmax>
            <ymax>224.00</ymax>
        </bndbox>
    </object>
    <object>
        <name>1</name>
        <bndbox>
            <xmin>130.85</xmin>
            <ymin>146.96</ymin>
            <xmax>141.96</xmax>
            <ymax>158.07</ymax>
        </bndbox>
    </object>
    <object>
        <name>1</name>
        <bndbox>
            <xmin>121.92</xmin>
            <ymin>154.39</ymin>
            <xmax>133.03</xmax>
            <ymax>165.50</ymax>
        </bndbox>
    </object>
    <object>
        <name>1</name>
        <bndbox>
            <xmin>144.34</xmin>
            <ymin>139.93</ymin>
            <xmax>155.45</xmax>
            <ymax>151.05</ymax>
        </bndbox>
    </object>
    <object>
        <name>1</name>
        <bndbox>
            <xmin>154.60</xmin>
            <ymin>134.55</ymin>
            <xmax>165.71</xmax>
            <ymax>145.66</ymax>
        </bndbox>
    </object>
    <object>
        <name>1</name>
        <bndbox>
            <xmin>179.21</xmin>
            <ymin>114.43</ymin>
            <xmax>190.32</xmax>
            <ymax>125.54</ymax>
        </bndbox>
    </object>
    <object>
        <name>1</name>
        <bndbox>
            <xmin>201.28</xmin>
            <ymin>103.25</ymin>
            <xmax>212.39</xmax>
            <ymax>114.36</ymax>
        </bndbox>
    </object>
    <object>
        <name>1</name>
        <bndbox>
            <xmin>130.35</xmin>
            <ymin>104.05</ymin>
            <xmax>141.47</xmax>
            <ymax>115.17</ymax>
        </bndbox>
    </object>
    <object>
        <name>1</name>
        <bndbox>
            <xmin>121.46</xmin>
            <ymin>110.31</ymin>
            <xmax>132.57</xmax>
            <ymax>121.42</ymax>
        </bndbox>
    </object>
    <object>
        <name>1</name>
        <bndbox>
            <xmin>140.24</xmin>
            <ymin>99.48</ymin>
            <xmax>151.35</xmax>
            <ymax>110.59</ymax>
        </bndbox>
    </object>
    <object>
        <name>1</name>
        <bndbox>
            <xmin>147.26</xmin>
            <ymin>48.74</ymin>
            <xmax>158.38</xmax>
            <ymax>59.85</ymax>
        </bndbox>
    </object>
</annotation>
