<?xml version="1.0"?>
<annotation>
    <filename>000000670.jpg</filename>
    <source>
        <annotation>ArcGIS Pro 2.1</annotation>
    </source>
    <size>
        <width>224</width>
        <height>224</height>
        <depth>3</depth>
    </size>
    <object>
        <name>1</name>
        <bndbox>
            <xmin>0.00</xmin>
            <ymin>167.51</ymin>
            <xmax>7.62</xmax>
            <ymax>178.62</ymax>
        </bndbox>
    </object>
    <object>
        <name>1</name>
        <bndbox>
            <xmin>36.33</xmin>
            <ymin>159.85</ymin>
            <xmax>47.44</xmax>
            <ymax>170.96</ymax>
        </bndbox>
    </object>
    <object>
        <name>1</name>
        <bndbox>
            <xmin>29.23</xmin>
            <ymin>209.95</ymin>
            <xmax>40.34</xmax>
            <ymax>221.06</ymax>
        </bndbox>
    </object>
    <object>
        <name>1</name>
        <bndbox>
            <xmin>83.36</xmin>
            <ymin>0.00</ymin>
            <xmax>93.67</xmax>
            <ymax>3.49</ymax>
        </bndbox>
    </object>
    <object>
        <name>1</name>
        <bndbox>
            <xmin>119.99</xmin>
            <ymin>143.84</ymin>
            <xmax>131.11</xmax>
            <ymax>154.95</ymax>
        </bndbox>
    </object>
    <object>
        <name>1</name>
        <bndbox>
            <xmin>95.66</xmin>
            <ymin>99.23</ymin>
            <xmax>106.77</xmax>
            <ymax>110.34</ymax>
        </bndbox>
    </object>
    <object>
        <name>1</name>
        <bndbox>
            <xmin>87.85</xmin>
            <ymin>90.06</ymin>
            <xmax>98.96</xmax>
            <ymax>101.18</ymax>
        </bndbox>
    </object>
</annotation>
