<?xml version="1.0"?>
<annotation>
    <filename>000001761.jpg</filename>
    <source>
        <annotation>ArcGIS Pro 2.1</annotation>
    </source>
    <size>
        <width>224</width>
        <height>224</height>
        <depth>3</depth>
    </size>
    <object>
        <name>2</name>
        <bndbox>
            <xmin>15.04</xmin>
            <ymin>120.24</ymin>
            <xmax>59.49</xmax>
            <ymax>164.68</ymax>
        </bndbox>
    </object>
    <object>
        <name>2</name>
        <bndbox>
            <xmin>76.04</xmin>
            <ymin>205.25</ymin>
            <xmax>119.94</xmax>
            <ymax>224.00</ymax>
        </bndbox>
    </object>
    <object>
        <name>1</name>
        <bndbox>
            <xmin>174.34</xmin>
            <ymin>102.16</ymin>
            <xmax>185.45</xmax>
            <ymax>113.27</ymax>
        </bndbox>
    </object>
    <object>
        <name>1</name>
        <bndbox>
            <xmin>206.83</xmin>
            <ymin>80.78</ymin>
            <xmax>217.94</xmax>
            <ymax>91.89</ymax>
        </bndbox>
    </object>
    <object>
        <name>1</name>
        <bndbox>
            <xmin>222.65</xmin>
            <ymin>36.32</ymin>
            <xmax>224.00</xmax>
            <ymax>43.58</ymax>
        </bndbox>
    </object>
</annotation>
