<?xml version="1.0"?>
<annotation>
    <filename>000000206.jpg</filename>
    <source>
        <annotation>ArcGIS Pro 2.1</annotation>
    </source>
    <size>
        <width>224</width>
        <height>224</height>
        <depth>3</depth>
    </size>
    <object>
        <name>2</name>
        <bndbox>
            <xmin>0.00</xmin>
            <ymin>31.57</ymin>
            <xmax>14.02</xmax>
            <ymax>72.87</ymax>
        </bndbox>
    </object>
    <object>
        <name>1</name>
        <bndbox>
            <xmin>25.44</xmin>
            <ymin>217.61</ymin>
            <xmax>36.54</xmax>
            <ymax>224.00</ymax>
        </bndbox>
    </object>
    <object>
        <name>1</name>
        <bndbox>
            <xmin>33.21</xmin>
            <ymin>207.81</ymin>
            <xmax>44.32</xmax>
            <ymax>218.93</ymax>
        </bndbox>
    </object>
    <object>
        <name>1</name>
        <bndbox>
            <xmin>44.02</xmin>
            <ymin>189.23</ymin>
            <xmax>55.13</xmax>
            <ymax>200.34</ymax>
        </bndbox>
    </object>
    <object>
        <name>1</name>
        <bndbox>
            <xmin>166.22</xmin>
            <ymin>108.05</ymin>
            <xmax>177.33</xmax>
            <ymax>119.17</ymax>
        </bndbox>
    </object>
    <object>
        <name>1</name>
        <bndbox>
            <xmin>67.35</xmin>
            <ymin>0.78</ymin>
            <xmax>78.46</xmax>
            <ymax>11.90</ymax>
        </bndbox>
    </object>
    <object>
        <name>1</name>
        <bndbox>
            <xmin>54.20</xmin>
            <ymin>0.00</ymin>
            <xmax>62.79</xmax>
            <ymax>2.04</ymax>
        </bndbox>
    </object>
</annotation>
