<?xml version="1.0"?>
<annotation>
    <filename>000001083.jpg</filename>
    <source>
        <annotation>ArcGIS Pro 2.1</annotation>
    </source>
    <size>
        <width>224</width>
        <height>224</height>
        <depth>3</depth>
    </size>
    <object>
        <name>2</name>
        <bndbox>
            <xmin>70.99</xmin>
            <ymin>160.84</ymin>
            <xmax>115.43</xmax>
            <ymax>205.28</ymax>
        </bndbox>
    </object>
    <object>
        <name>2</name>
        <bndbox>
            <xmin>31.76</xmin>
            <ymin>207.47</ymin>
            <xmax>74.72</xmax>
            <ymax>224.00</ymax>
        </bndbox>
    </object>
    <object>
        <name>2</name>
        <bndbox>
            <xmin>161.58</xmin>
            <ymin>171.30</ymin>
            <xmax>206.02</xmax>
            <ymax>215.75</ymax>
        </bndbox>
    </object>
    <object>
        <name>1</name>
        <bndbox>
            <xmin>134.02</xmin>
            <ymin>34.03</ymin>
            <xmax>145.13</xmax>
            <ymax>45.14</ymax>
        </bndbox>
    </object>
    <object>
        <name>1</name>
        <bndbox>
            <xmin>140.71</xmin>
            <ymin>23.19</ymin>
            <xmax>151.82</xmax>
            <ymax>34.31</ymax>
        </bndbox>
    </object>
    <object>
        <name>1</name>
        <bndbox>
            <xmin>0.00</xmin>
            <ymin>31.07</ymin>
            <xmax>10.52</xmax>
            <ymax>42.18</ymax>
        </bndbox>
    </object>
    <object>
        <name>1</name>
        <bndbox>
            <xmin>0.00</xmin>
            <ymin>0.00</ymin>
            <xmax>0.78</xmax>
            <ymax>4.81</ymax>
        </bndbox>
    </object>
    <object>
        <name>1</name>
        <bndbox>
            <xmin>67.36</xmin>
            <ymin>72.52</ymin>
            <xmax>78.48</xmax>
            <ymax>83.64</ymax>
        </bndbox>
    </object>
    <object>
        <name>1</name>
        <bndbox>
            <xmin>160.58</xmin>
            <ymin>11.78</ymin>
            <xmax>171.69</xmax>
            <ymax>22.89</ymax>
        </bndbox>
    </object>
</annotation>
