<?xml version="1.0"?>
<annotation>
    <filename>000003433.jpg</filename>
    <source>
        <annotation>ArcGIS Pro 2.1</annotation>
    </source>
    <size>
        <width>224</width>
        <height>224</height>
        <depth>3</depth>
    </size>
    <object>
        <name>2</name>
        <bndbox>
            <xmin>101.98</xmin>
            <ymin>115.43</ymin>
            <xmax>146.43</xmax>
            <ymax>159.87</ymax>
        </bndbox>
    </object>
</annotation>
