<?xml version="1.0"?>
<annotation>
    <filename>000001773.jpg</filename>
    <source>
        <annotation>ArcGIS Pro 2.1</annotation>
    </source>
    <size>
        <width>224</width>
        <height>224</height>
        <depth>3</depth>
    </size>
    <object>
        <name>1</name>
        <bndbox>
            <xmin>75.90</xmin>
            <ymin>210.28</ymin>
            <xmax>87.01</xmax>
            <ymax>221.39</ymax>
        </bndbox>
    </object>
    <object>
        <name>1</name>
        <bndbox>
            <xmin>57.04</xmin>
            <ymin>183.54</ymin>
            <xmax>68.15</xmax>
            <ymax>194.65</ymax>
        </bndbox>
    </object>
    <object>
        <name>1</name>
        <bndbox>
            <xmin>57.62</xmin>
            <ymin>128.89</ymin>
            <xmax>68.73</xmax>
            <ymax>140.00</ymax>
        </bndbox>
    </object>
    <object>
        <name>1</name>
        <bndbox>
            <xmin>53.96</xmin>
            <ymin>82.46</ymin>
            <xmax>65.07</xmax>
            <ymax>93.57</ymax>
        </bndbox>
    </object>
</annotation>
