<?xml version="1.0"?>
<annotation>
    <filename>000000169.jpg</filename>
    <source>
        <annotation>ArcGIS Pro 2.1</annotation>
    </source>
    <size>
        <width>224</width>
        <height>224</height>
        <depth>3</depth>
    </size>
    <object>
        <name>1</name>
        <bndbox>
            <xmin>218.47</xmin>
            <ymin>97.80</ymin>
            <xmax>224.00</xmax>
            <ymax>108.91</ymax>
        </bndbox>
    </object>
</annotation>
