<?xml version="1.0"?>
<annotation>
    <filename>000001037.jpg</filename>
    <source>
        <annotation>ArcGIS Pro 2.1</annotation>
    </source>
    <size>
        <width>224</width>
        <height>224</height>
        <depth>3</depth>
    </size>
    <object>
        <name>1</name>
        <bndbox>
            <xmin>30.15</xmin>
            <ymin>0.00</ymin>
            <xmax>41.22</xmax>
            <ymax>5.16</ymax>
        </bndbox>
    </object>
    <object>
        <name>1</name>
        <bndbox>
            <xmin>0.00</xmin>
            <ymin>17.20</ymin>
            <xmax>5.63</xmax>
            <ymax>28.31</ymax>
        </bndbox>
    </object>
    <object>
        <name>1</name>
        <bndbox>
            <xmin>85.68</xmin>
            <ymin>67.09</ymin>
            <xmax>96.79</xmax>
            <ymax>78.20</ymax>
        </bndbox>
    </object>
    <object>
        <name>1</name>
        <bndbox>
            <xmin>61.75</xmin>
            <ymin>66.09</ymin>
            <xmax>72.86</xmax>
            <ymax>77.21</ymax>
        </bndbox>
    </object>
    <object>
        <name>1</name>
        <bndbox>
            <xmin>40.24</xmin>
            <ymin>108.54</ymin>
            <xmax>51.35</xmax>
            <ymax>119.66</ymax>
        </bndbox>
    </object>
    <object>
        <name>1</name>
        <bndbox>
            <xmin>20.72</xmin>
            <ymin>89.31</ymin>
            <xmax>31.83</xmax>
            <ymax>100.43</ymax>
        </bndbox>
    </object>
    <object>
        <name>1</name>
        <bndbox>
            <xmin>64.88</xmin>
            <ymin>125.64</ymin>
            <xmax>75.99</xmax>
            <ymax>136.75</ymax>
        </bndbox>
    </object>
    <object>
        <name>1</name>
        <bndbox>
            <xmin>40.09</xmin>
            <ymin>137.46</ymin>
            <xmax>51.20</xmax>
            <ymax>148.57</ymax>
        </bndbox>
    </object>
    <object>
        <name>1</name>
        <bndbox>
            <xmin>48.50</xmin>
            <ymin>150.14</ymin>
            <xmax>59.61</xmax>
            <ymax>161.25</ymax>
        </bndbox>
    </object>
    <object>
        <name>1</name>
        <bndbox>
            <xmin>78.70</xmin>
            <ymin>148.86</ymin>
            <xmax>89.81</xmax>
            <ymax>159.97</ymax>
        </bndbox>
    </object>
    <object>
        <name>1</name>
        <bndbox>
            <xmin>52.77</xmin>
            <ymin>161.96</ymin>
            <xmax>63.88</xmax>
            <ymax>173.08</ymax>
        </bndbox>
    </object>
    <object>
        <name>1</name>
        <bndbox>
            <xmin>73.14</xmin>
            <ymin>194.73</ymin>
            <xmax>84.25</xmax>
            <ymax>205.84</ymax>
        </bndbox>
    </object>
    <object>
        <name>1</name>
        <bndbox>
            <xmin>80.83</xmin>
            <ymin>207.69</ymin>
            <xmax>91.94</xmax>
            <ymax>218.80</ymax>
        </bndbox>
    </object>
    <object>
        <name>1</name>
        <bndbox>
            <xmin>108.75</xmin>
            <ymin>192.73</ymin>
            <xmax>119.87</xmax>
            <ymax>203.84</ymax>
        </bndbox>
    </object>
    <object>
        <name>1</name>
        <bndbox>
            <xmin>90.77</xmin>
            <ymin>219.51</ymin>
            <xmax>101.67</xmax>
            <ymax>224.00</ymax>
        </bndbox>
    </object>
    <object>
        <name>1</name>
        <bndbox>
            <xmin>120.01</xmin>
            <ymin>218.37</ymin>
            <xmax>131.12</xmax>
            <ymax>224.00</ymax>
        </bndbox>
    </object>
    <object>
        <name>1</name>
        <bndbox>
            <xmin>162.46</xmin>
            <ymin>185.47</ymin>
            <xmax>173.57</xmax>
            <ymax>196.58</ymax>
        </bndbox>
    </object>
    <object>
        <name>1</name>
        <bndbox>
            <xmin>178.13</xmin>
            <ymin>212.11</ymin>
            <xmax>189.24</xmax>
            <ymax>223.22</ymax>
        </bndbox>
    </object>
    <object>
        <name>1</name>
        <bndbox>
            <xmin>86.82</xmin>
            <ymin>172.36</ymin>
            <xmax>97.93</xmax>
            <ymax>183.47</ymax>
        </bndbox>
    </object>
    <object>
        <name>1</name>
        <bndbox>
            <xmin>148.54</xmin>
            <ymin>31.67</ymin>
            <xmax>159.65</xmax>
            <ymax>42.78</ymax>
        </bndbox>
    </object>
    <object>
        <name>1</name>
        <bndbox>
            <xmin>163.46</xmin>
            <ymin>54.15</ymin>
            <xmax>174.57</xmax>
            <ymax>65.26</ymax>
        </bndbox>
    </object>
    <object>
        <name>1</name>
        <bndbox>
            <xmin>191.06</xmin>
            <ymin>94.66</ymin>
            <xmax>202.17</xmax>
            <ymax>105.77</ymax>
        </bndbox>
    </object>
    <object>
        <name>1</name>
        <bndbox>
            <xmin>210.20</xmin>
            <ymin>122.03</ymin>
            <xmax>221.31</xmax>
            <ymax>133.14</ymax>
        </bndbox>
    </object>
</annotation>
