<?xml version="1.0"?>
<annotation>
    <filename>000002231.jpg</filename>
    <source>
        <annotation>ArcGIS Pro 2.1</annotation>
    </source>
    <size>
        <width>224</width>
        <height>224</height>
        <depth>3</depth>
    </size>
    <object>
        <name>2</name>
        <bndbox>
            <xmin>13.72</xmin>
            <ymin>156.86</ymin>
            <xmax>58.16</xmax>
            <ymax>201.30</ymax>
        </bndbox>
    </object>
    <object>
        <name>2</name>
        <bndbox>
            <xmin>0.00</xmin>
            <ymin>0.00</ymin>
            <xmax>16.52</xmax>
            <ymax>23.59</ymax>
        </bndbox>
    </object>
    <object>
        <name>1</name>
        <bndbox>
            <xmin>193.96</xmin>
            <ymin>152.34</ymin>
            <xmax>205.07</xmax>
            <ymax>163.45</ymax>
        </bndbox>
    </object>
</annotation>
