<?xml version="1.0"?>
<annotation>
    <filename>000000944.jpg</filename>
    <source>
        <annotation>ArcGIS Pro 2.1</annotation>
    </source>
    <size>
        <width>224</width>
        <height>224</height>
        <depth>3</depth>
    </size>
    <object>
        <name>2</name>
        <bndbox>
            <xmin>106.85</xmin>
            <ymin>11.76</ymin>
            <xmax>151.29</xmax>
            <ymax>56.20</ymax>
        </bndbox>
    </object>
    <object>
        <name>2</name>
        <bndbox>
            <xmin>74.66</xmin>
            <ymin>163.37</ymin>
            <xmax>119.10</xmax>
            <ymax>207.81</ymax>
        </bndbox>
    </object>
</annotation>
