<?xml version="1.0"?>
<annotation>
    <filename>000000194.jpg</filename>
    <source>
        <annotation>ArcGIS Pro 2.1</annotation>
    </source>
    <size>
        <width>224</width>
        <height>224</height>
        <depth>3</depth>
    </size>
    <object>
        <name>2</name>
        <bndbox>
            <xmin>167.46</xmin>
            <ymin>86.62</ymin>
            <xmax>211.91</xmax>
            <ymax>131.07</ymax>
        </bndbox>
    </object>
    <object>
        <name>2</name>
        <bndbox>
            <xmin>90.60</xmin>
            <ymin>43.65</ymin>
            <xmax>135.04</xmax>
            <ymax>88.09</ymax>
        </bndbox>
    </object>
    <object>
        <name>1</name>
        <bndbox>
            <xmin>30.78</xmin>
            <ymin>156.12</ymin>
            <xmax>41.89</xmax>
            <ymax>167.23</ymax>
        </bndbox>
    </object>
    <object>
        <name>1</name>
        <bndbox>
            <xmin>72.34</xmin>
            <ymin>163.21</ymin>
            <xmax>83.45</xmax>
            <ymax>174.32</ymax>
        </bndbox>
    </object>
    <object>
        <name>1</name>
        <bndbox>
            <xmin>0.00</xmin>
            <ymin>23.36</ymin>
            <xmax>1.93</xmax>
            <ymax>31.78</ymax>
        </bndbox>
    </object>
</annotation>
