<?xml version="1.0"?>
<annotation>
    <filename>000002836.jpg</filename>
    <source>
        <annotation>ArcGIS Pro 2.1</annotation>
    </source>
    <size>
        <width>224</width>
        <height>224</height>
        <depth>3</depth>
    </size>
    <object>
        <name>1</name>
        <bndbox>
            <xmin>179.22</xmin>
            <ymin>179.47</ymin>
            <xmax>190.34</xmax>
            <ymax>190.58</ymax>
        </bndbox>
    </object>
    <object>
        <name>1</name>
        <bndbox>
            <xmin>128.18</xmin>
            <ymin>176.40</ymin>
            <xmax>139.29</xmax>
            <ymax>187.51</ymax>
        </bndbox>
    </object>
</annotation>
