<?xml version="1.0"?>
<annotation>
    <filename>000000302.jpg</filename>
    <source>
        <annotation>ArcGIS Pro 2.1</annotation>
    </source>
    <size>
        <width>224</width>
        <height>224</height>
        <depth>3</depth>
    </size>
    <object>
        <name>1</name>
        <bndbox>
            <xmin>83.43</xmin>
            <ymin>52.00</ymin>
            <xmax>94.54</xmax>
            <ymax>63.11</ymax>
        </bndbox>
    </object>
    <object>
        <name>1</name>
        <bndbox>
            <xmin>77.72</xmin>
            <ymin>117.74</ymin>
            <xmax>88.83</xmax>
            <ymax>128.85</ymax>
        </bndbox>
    </object>
    <object>
        <name>1</name>
        <bndbox>
            <xmin>49.38</xmin>
            <ymin>145.09</ymin>
            <xmax>60.49</xmax>
            <ymax>156.20</ymax>
        </bndbox>
    </object>
    <object>
        <name>1</name>
        <bndbox>
            <xmin>3.09</xmin>
            <ymin>137.38</ymin>
            <xmax>14.20</xmax>
            <ymax>148.49</ymax>
        </bndbox>
    </object>
    <object>
        <name>1</name>
        <bndbox>
            <xmin>0.00</xmin>
            <ymin>125.59</ymin>
            <xmax>7.47</xmax>
            <ymax>136.70</ymax>
        </bndbox>
    </object>
</annotation>
