<?xml version="1.0"?>
<annotation>
    <filename>000002263.jpg</filename>
    <source>
        <annotation>ArcGIS Pro 2.1</annotation>
    </source>
    <size>
        <width>224</width>
        <height>224</height>
        <depth>3</depth>
    </size>
    <object>
        <name>1</name>
        <bndbox>
            <xmin>190.25</xmin>
            <ymin>147.90</ymin>
            <xmax>201.36</xmax>
            <ymax>159.01</ymax>
        </bndbox>
    </object>
</annotation>
