<?xml version="1.0"?>
<annotation>
    <filename>000003007.jpg</filename>
    <source>
        <annotation>ArcGIS Pro 2.1</annotation>
    </source>
    <size>
        <width>224</width>
        <height>224</height>
        <depth>3</depth>
    </size>
    <object>
        <name>2</name>
        <bndbox>
            <xmin>54.21</xmin>
            <ymin>22.05</ymin>
            <xmax>98.66</xmax>
            <ymax>66.49</ymax>
        </bndbox>
    </object>
    <object>
        <name>2</name>
        <bndbox>
            <xmin>0.00</xmin>
            <ymin>124.38</ymin>
            <xmax>24.12</xmax>
            <ymax>168.82</ymax>
        </bndbox>
    </object>
    <object>
        <name>2</name>
        <bndbox>
            <xmin>21.97</xmin>
            <ymin>123.28</ymin>
            <xmax>66.41</xmax>
            <ymax>167.72</ymax>
        </bndbox>
    </object>
</annotation>
