<?xml version="1.0"?>
<annotation>
    <filename>000003365.jpg</filename>
    <source>
        <annotation>ArcGIS Pro 2.1</annotation>
    </source>
    <size>
        <width>224</width>
        <height>224</height>
        <depth>3</depth>
    </size>
    <object>
        <name>2</name>
        <bndbox>
            <xmin>51.25</xmin>
            <ymin>71.99</ymin>
            <xmax>95.69</xmax>
            <ymax>116.44</ymax>
        </bndbox>
    </object>
    <object>
        <name>2</name>
        <bndbox>
            <xmin>89.54</xmin>
            <ymin>214.75</ymin>
            <xmax>125.62</xmax>
            <ymax>224.00</ymax>
        </bndbox>
    </object>
    <object>
        <name>1</name>
        <bndbox>
            <xmin>180.97</xmin>
            <ymin>99.70</ymin>
            <xmax>192.08</xmax>
            <ymax>110.81</ymax>
        </bndbox>
    </object>
</annotation>
