<?xml version="1.0"?>
<annotation>
    <filename>000000100.jpg</filename>
    <source>
        <annotation>ArcGIS Pro 2.1</annotation>
    </source>
    <size>
        <width>224</width>
        <height>224</height>
        <depth>3</depth>
    </size>
    <object>
        <name>1</name>
        <bndbox>
            <xmin>182.54</xmin>
            <ymin>181.64</ymin>
            <xmax>193.65</xmax>
            <ymax>192.76</ymax>
        </bndbox>
    </object>
    <object>
        <name>1</name>
        <bndbox>
            <xmin>148.76</xmin>
            <ymin>160.58</ymin>
            <xmax>159.87</xmax>
            <ymax>171.70</ymax>
        </bndbox>
    </object>
    <object>
        <name>1</name>
        <bndbox>
            <xmin>153.29</xmin>
            <ymin>173.10</ymin>
            <xmax>164.40</xmax>
            <ymax>184.21</ymax>
        </bndbox>
    </object>
</annotation>
