<?xml version="1.0"?>
<annotation>
    <filename>000002867.jpg</filename>
    <source>
        <annotation>ArcGIS Pro 2.1</annotation>
    </source>
    <size>
        <width>224</width>
        <height>224</height>
        <depth>3</depth>
    </size>
    <object>
        <name>1</name>
        <bndbox>
            <xmin>180.13</xmin>
            <ymin>161.85</ymin>
            <xmax>191.24</xmax>
            <ymax>172.96</ymax>
        </bndbox>
    </object>
    <object>
        <name>1</name>
        <bndbox>
            <xmin>0.00</xmin>
            <ymin>0.00</ymin>
            <xmax>0.40</xmax>
            <ymax>0.66</ymax>
        </bndbox>
    </object>
</annotation>
