<?xml version="1.0"?>
<annotation>
    <filename>000000842.jpg</filename>
    <source>
        <annotation>ArcGIS Pro 2.1</annotation>
    </source>
    <size>
        <width>224</width>
        <height>224</height>
        <depth>3</depth>
    </size>
    <object>
        <name>1</name>
        <bndbox>
            <xmin>192.22</xmin>
            <ymin>163.27</ymin>
            <xmax>203.33</xmax>
            <ymax>174.38</ymax>
        </bndbox>
    </object>
</annotation>
