<?xml version="1.0"?>
<annotation>
    <filename>000000218.jpg</filename>
    <source>
        <annotation>ArcGIS Pro 2.1</annotation>
    </source>
    <size>
        <width>224</width>
        <height>224</height>
        <depth>3</depth>
    </size>
    <object>
        <name>2</name>
        <bndbox>
            <xmin>123.96</xmin>
            <ymin>0.00</ymin>
            <xmax>168.40</xmax>
            <ymax>36.89</ymax>
        </bndbox>
    </object>
    <object>
        <name>1</name>
        <bndbox>
            <xmin>81.58</xmin>
            <ymin>171.66</ymin>
            <xmax>92.69</xmax>
            <ymax>182.77</ymax>
        </bndbox>
    </object>
    <object>
        <name>1</name>
        <bndbox>
            <xmin>214.42</xmin>
            <ymin>80.31</ymin>
            <xmax>224.00</xmax>
            <ymax>91.42</ymax>
        </bndbox>
    </object>
    <object>
        <name>1</name>
        <bndbox>
            <xmin>179.72</xmin>
            <ymin>76.51</ymin>
            <xmax>190.83</xmax>
            <ymax>87.62</ymax>
        </bndbox>
    </object>
</annotation>
