<?xml version="1.0"?>
<annotation>
    <filename>000000242.jpg</filename>
    <source>
        <annotation>ArcGIS Pro 2.1</annotation>
    </source>
    <size>
        <width>224</width>
        <height>224</height>
        <depth>3</depth>
    </size>
    <object>
        <name>2</name>
        <bndbox>
            <xmin>0.00</xmin>
            <ymin>105.30</ymin>
            <xmax>0.25</xmax>
            <ymax>111.94</ymax>
        </bndbox>
    </object>
    <object>
        <name>1</name>
        <bndbox>
            <xmin>143.73</xmin>
            <ymin>205.26</ymin>
            <xmax>154.84</xmax>
            <ymax>216.37</ymax>
        </bndbox>
    </object>
</annotation>
