<?xml version="1.0"?>
<annotation>
    <filename>000003590.jpg</filename>
    <source>
        <annotation>ArcGIS Pro 2.1</annotation>
    </source>
    <size>
        <width>224</width>
        <height>224</height>
        <depth>3</depth>
    </size>
    <object>
        <name>1</name>
        <bndbox>
            <xmin>139.58</xmin>
            <ymin>0.00</ymin>
            <xmax>146.33</xmax>
            <ymax>1.14</ymax>
        </bndbox>
    </object>
    <object>
        <name>1</name>
        <bndbox>
            <xmin>164.62</xmin>
            <ymin>12.23</ymin>
            <xmax>175.74</xmax>
            <ymax>23.34</ymax>
        </bndbox>
    </object>
    <object>
        <name>1</name>
        <bndbox>
            <xmin>131.84</xmin>
            <ymin>20.26</ymin>
            <xmax>142.95</xmax>
            <ymax>31.37</ymax>
        </bndbox>
    </object>
    <object>
        <name>1</name>
        <bndbox>
            <xmin>78.21</xmin>
            <ymin>62.64</ymin>
            <xmax>89.32</xmax>
            <ymax>73.75</ymax>
        </bndbox>
    </object>
    <object>
        <name>1</name>
        <bndbox>
            <xmin>59.14</xmin>
            <ymin>83.54</ymin>
            <xmax>70.25</xmax>
            <ymax>94.65</ymax>
        </bndbox>
    </object>
    <object>
        <name>1</name>
        <bndbox>
            <xmin>57.82</xmin>
            <ymin>116.49</ymin>
            <xmax>68.94</xmax>
            <ymax>127.60</ymax>
        </bndbox>
    </object>
    <object>
        <name>1</name>
        <bndbox>
            <xmin>46.99</xmin>
            <ymin>122.55</ymin>
            <xmax>58.10</xmax>
            <ymax>133.66</ymax>
        </bndbox>
    </object>
    <object>
        <name>1</name>
        <bndbox>
            <xmin>36.50</xmin>
            <ymin>128.13</ymin>
            <xmax>47.61</xmax>
            <ymax>139.25</ymax>
        </bndbox>
    </object>
    <object>
        <name>1</name>
        <bndbox>
            <xmin>24.61</xmin>
            <ymin>26.17</ymin>
            <xmax>35.72</xmax>
            <ymax>37.28</ymax>
        </bndbox>
    </object>
    <object>
        <name>1</name>
        <bndbox>
            <xmin>44.05</xmin>
            <ymin>13.17</ymin>
            <xmax>55.16</xmax>
            <ymax>24.28</ymax>
        </bndbox>
    </object>
    <object>
        <name>1</name>
        <bndbox>
            <xmin>4.31</xmin>
            <ymin>40.59</ymin>
            <xmax>15.42</xmax>
            <ymax>51.70</ymax>
        </bndbox>
    </object>
    <object>
        <name>1</name>
        <bndbox>
            <xmin>57.83</xmin>
            <ymin>8.19</ymin>
            <xmax>68.95</xmax>
            <ymax>19.30</ymax>
        </bndbox>
    </object>
    <object>
        <name>1</name>
        <bndbox>
            <xmin>27.12</xmin>
            <ymin>199.65</ymin>
            <xmax>38.23</xmax>
            <ymax>210.76</ymax>
        </bndbox>
    </object>
    <object>
        <name>1</name>
        <bndbox>
            <xmin>121.08</xmin>
            <ymin>37.09</ymin>
            <xmax>132.19</xmax>
            <ymax>48.20</ymax>
        </bndbox>
    </object>
</annotation>
