<?xml version="1.0"?>
<annotation>
    <filename>000001974.jpg</filename>
    <source>
        <annotation>ArcGIS Pro 2.1</annotation>
    </source>
    <size>
        <width>224</width>
        <height>224</height>
        <depth>3</depth>
    </size>
    <object>
        <name>2</name>
        <bndbox>
            <xmin>49.51</xmin>
            <ymin>156.88</ymin>
            <xmax>93.95</xmax>
            <ymax>201.33</ymax>
        </bndbox>
    </object>
    <object>
        <name>1</name>
        <bndbox>
            <xmin>149.98</xmin>
            <ymin>178.45</ymin>
            <xmax>161.09</xmax>
            <ymax>189.56</ymax>
        </bndbox>
    </object>
</annotation>
