<?xml version="1.0"?>
<annotation>
    <filename>000001984.jpg</filename>
    <source>
        <annotation>ArcGIS Pro 2.1</annotation>
    </source>
    <size>
        <width>224</width>
        <height>224</height>
        <depth>3</depth>
    </size>
    <object>
        <name>1</name>
        <bndbox>
            <xmin>172.25</xmin>
            <ymin>219.40</ymin>
            <xmax>183.19</xmax>
            <ymax>224.00</ymax>
        </bndbox>
    </object>
    <object>
        <name>1</name>
        <bndbox>
            <xmin>35.46</xmin>
            <ymin>218.23</ymin>
            <xmax>46.56</xmax>
            <ymax>224.00</ymax>
        </bndbox>
    </object>
    <object>
        <name>1</name>
        <bndbox>
            <xmin>201.62</xmin>
            <ymin>109.30</ymin>
            <xmax>212.73</xmax>
            <ymax>120.41</ymax>
        </bndbox>
    </object>
</annotation>
