<?xml version="1.0"?>
<annotation>
    <filename>000003421.jpg</filename>
    <source>
        <annotation>ArcGIS Pro 2.1</annotation>
    </source>
    <size>
        <width>224</width>
        <height>224</height>
        <depth>3</depth>
    </size>
    <object>
        <name>1</name>
        <bndbox>
            <xmin>39.42</xmin>
            <ymin>66.48</ymin>
            <xmax>50.53</xmax>
            <ymax>77.60</ymax>
        </bndbox>
    </object>
    <object>
        <name>1</name>
        <bndbox>
            <xmin>26.88</xmin>
            <ymin>100.35</ymin>
            <xmax>37.99</xmax>
            <ymax>111.46</ymax>
        </bndbox>
    </object>
</annotation>
